<span style='font-size: 12px; font-weight: normal; opacity: 0.6;'>Task Type</span>,<span style='visibility: hidden;'>dummy</span>,,,,,,,<a id=8 href='https://euroeval.com/tasks/sentiment-classification/' style='font-size: 12px; font-weight: normal; color: Grey; text-decoration: underline;'>Sentiment classification</a>,<a id=9 href='https://euroeval.com/tasks/named-entity-recognition/' style='font-size: 12px; font-weight: normal; color: Grey; text-decoration: underline;'>Named entity recognition</a>,<a id=10 href='https://euroeval.com/tasks/reading-comprehension/' style='font-size: 12px; font-weight: normal; color: Grey; text-decoration: underline;'>Reading comprehension</a>,<a id=11 href='https://euroeval.com/tasks/summarization/' style='font-size: 12px; font-weight: normal; color: Grey; text-decoration: underline;'>Summarization</a>,<span style='visibility: hidden;'>hidden</span>,,,
Model,Type,Rank,Parameters,Vocabulary,Context,Commercial,Merge,<a href='https://euroeval.com/datasets/bosnian#mms-bs'>mms_bs</a>,<a href='https://euroeval.com/datasets/bosnian#wikiann-bs'>wikiann_bs</a>,<a href='https://euroeval.com/datasets/bosnian#multi-wiki-qa-bs'>multi_wiki_qa_bs</a>,<a href='https://euroeval.com/datasets/bosnian#lr-sum-bs'>lr_sum_bs</a>,mms_bs_version,wikiann_bs_version,multi_wiki_qa_bs_version,lr_sum_bs_version
"<a href='https://ai.google.dev/gemini-api/docs/models#gemini-2.5-flash'>gemini/gemini-2.5-flash#thinking (zero-shot, val)</a>",ğŸ¤”,1.31@@1.31,?,256128.0,1048576.0,âœ“,âœ—,53.82 Â± 2.18 / 65.90 Â± 1.53@@53.82,71.49 Â± 1.89 / 71.49 Â± 1.89@@71.49,65.90 Â± 0.83 / 39.46 Â± 1.53@@65.90,61.97 Â± 0.14 / 7.63 Â± 0.09@@61.97,16.7.0.dev0@@160700,16.7.0.dev0@@160700,16.7.0.dev0@@160700,16.7.0.dev0@@160700
"<a href='https://ai.google.dev/gemini-api/docs/models#gemini-3-pro-preview'>gemini/gemini-3-pro-preview (zero-shot, val)</a>",ğŸ¤”,1.32@@1.32,?,256128.0,1048576.0,âœ“,âœ—,51.37 Â± 1.48 / 65.40 Â± 1.06@@51.37,75.74 Â± 1.83 / 75.74 Â± 1.83@@75.74,66.05 Â± 0.81 / 36.99 Â± 1.36@@66.05,61.49 Â± 0.14 / 7.60 Â± 0.09@@61.49,16.7.1.dev0@@160701,16.7.1.dev0@@160701,16.7.1.dev0@@160701,16.7.1.dev0@@160701
<a href='https://hf.co/mistralai/Mistral-Small-3.2-24B-Instruct-2506'>mistralai/Mistral-Small-3.2-24B-Instruct-2506</a>,ğŸ“,1.34@@1.34,24011361280.0,131072.0,8192.0,âœ“,âœ—,44.88 Â± 1.81 / 62.90 Â± 1.09@@44.88,71.70 Â± 2.22 / 71.70 Â± 2.22@@71.70,76.45 Â± 1.89 / 53.39 Â± 3.37@@76.45,62.73 Â± 0.05 / 10.94 Â± 0.31@@62.73,16.8.0.dev0@@160800,16.8.0.dev0@@160800,16.8.0.dev0@@160800,16.8.0.dev0@@160800
"<a href='https://platform.openai.com/docs/models/gpt-4.1-mini'>gpt-4.1-mini-2025-04-14 (zero-shot, val)</a>",ğŸ“,1.34@@1.34,?,?,1047576.0,âœ“,âœ—,56.43 Â± 2.29 / 69.52 Â± 1.59@@56.43,69.92 Â± 1.96 / 69.92 Â± 1.96@@69.92,65.45 Â± 1.29 / 31.76 Â± 2.19@@65.45,61.95 Â± 0.12 / 8.98 Â± 0.10@@61.95,16.7.0.dev0@@160700,16.7.0.dev0@@160700,16.7.0.dev0@@160700,16.7.0.dev0@@160700
"<a href='https://docs.anthropic.com/en/docs/about-claude'>claude-sonnet-4-5-20250929#thinking (zero-shot, val)</a>",ğŸ¤”,1.35@@1.35,?,?,200000.0,âœ“,âœ—,50.09 Â± 2.19 / 64.17 Â± 1.61@@50.09,76.94 Â± 2.09 / 76.94 Â± 2.09@@76.94,66.88 Â± 1.08 / 34.99 Â± 1.14@@66.88,61.49 Â± 0.09 / 8.64 Â± 0.05@@61.49,16.7.0.dev0@@160700,16.7.0.dev0@@160700,16.7.0.dev0@@160700,16.7.0.dev0@@160700
"<a href='https://ai.google.dev/gemini-api/docs/models#gemini-2.5-pro'>gemini/gemini-2.5-pro (zero-shot, val)</a>",ğŸ¤”,1.35@@1.35,?,256128.0,1048576.0,âœ“,âœ—,50.26 Â± 2.71 / 64.73 Â± 1.75@@50.26,75.52 Â± 2.09 / 75.52 Â± 2.09@@75.52,65.58 Â± 1.21 / 33.21 Â± 1.32@@65.58,61.33 Â± 0.10 / 7.93 Â± 0.08@@61.33,16.7.0.dev0@@160700,16.7.0.dev0@@160700,16.7.0.dev0@@160700,16.7.0.dev0@@160700
"<a href='https://platform.openai.com/docs/models/gpt-5'>gpt-5-2025-08-07 (zero-shot, val)</a>",ğŸ¤”,1.36@@1.36,?,100256.0,272000.0,âœ“,âœ—,50.99 Â± 1.41 / 64.34 Â± 1.05@@50.99,74.78 Â± 1.67 / 74.78 Â± 1.67@@74.78,65.44 Â± 0.88 / 41.22 Â± 1.62@@65.44,61.45 Â± 0.15 / 8.13 Â± 0.13@@61.45,16.7.0.dev0@@160700,16.7.0.dev0@@160700,16.7.0.dev0@@160700,16.7.0.dev0@@160700
"<a href='https://platform.openai.com/docs/models/gpt-5.2'>gpt-5.2-2025-12-11 (zero-shot, val)</a>",ğŸ¤”,1.36@@1.36,?,?,?,âœ“,âœ—,51.12 Â± 1.57 / 65.31 Â± 1.23@@51.12,74.84 Â± 2.12 / 74.84 Â± 2.12@@74.84,64.86 Â± 1.13 / 29.61 Â± 1.62@@64.86,61.64 Â± 0.16 / 7.55 Â± 0.12@@61.64,16.8.0.dev0@@160800,16.8.0.dev0@@160800,16.8.0.dev0@@160800,16.8.0.dev0@@160800
"<a href='https://ai.google.dev/gemini-api/docs/models#gemini-2.5-flash'>gemini/gemini-2.5-flash#no-thinking (zero-shot, val)</a>",ğŸ“,1.38@@1.38,?,256128.0,1048576.0,âœ“,âœ—,48.59 Â± 2.56 / 62.15 Â± 1.63@@48.59,73.54 Â± 1.86 / 73.54 Â± 1.86@@73.54,64.93 Â± 0.73 / 35.22 Â± 0.98@@64.93,62.11 Â± 0.10 / 10.03 Â± 0.05@@62.11,16.7.0.dev0@@160700,16.7.0.dev0@@160700,16.7.0.dev0@@160700,16.7.0.dev0@@160700
"<a href='https://ai.google.dev/gemini-api/docs/models#gemini-3-flash-preview'>gemini/gemini-3-flash-preview#thinking (zero-shot, val)</a>",ğŸ¤”,1.38@@1.38,?,256128.0,1048576.0,âœ“,âœ—,52.05 Â± 2.28 / 66.23 Â± 1.38@@52.05,76.48 Â± 1.87 / 76.48 Â± 1.87@@76.48,64.09 Â± 1.01 / 29.32 Â± 1.31@@64.09,60.63 Â± 0.13 / 6.76 Â± 0.10@@60.63,16.9.0.dev0@@160900,16.9.0.dev0@@160900,16.9.0.dev0@@160900,16.9.0.dev0@@160900
"<a href='https://platform.openai.com/docs/models/gpt-5-nano'>gpt-5-nano-2025-08-07 (zero-shot, val)</a>",ğŸ¤”,1.39@@1.39,?,100256.0,272000.0,âœ“,âœ—,53.18 Â± 1.49 / 67.39 Â± 1.21@@53.18,74.78 Â± 1.74 / 74.78 Â± 1.74@@74.78,60.33 Â± 1.14 / 32.64 Â± 1.85@@60.33,61.42 Â± 0.14 / 6.72 Â± 0.08@@61.42,16.7.0.dev0@@160700,16.7.0.dev0@@160700,16.7.0.dev0@@160700,16.7.0.dev0@@160700
"<a href='https://ai.google.dev/gemini-api/docs/models#gemini-2.5-flash-lite'>gemini/gemini-2.5-flash-lite#no-thinking (zero-shot, val)</a>",ğŸ“,1.39@@1.39,?,256128.0,1048576.0,âœ“,âœ—,52.69 Â± 1.74 / 65.96 Â± 1.12@@52.69,69.75 Â± 2.06 / 69.75 Â± 2.06@@69.75,66.00 Â± 1.27 / 32.18 Â± 2.04@@66.00,62.09 Â± 0.12 / 9.50 Â± 0.09@@62.09,16.7.0.dev0@@160700,16.7.0.dev0@@160700,16.7.0.dev0@@160700,16.7.0.dev0@@160700
"<a href='https://docs.anthropic.com/en/docs/about-claude'>claude-sonnet-4-5-20250929#no-thinking (zero-shot, val)</a>",ğŸ“,1.40@@1.40,?,?,200000.0,âœ“,âœ—,45.22 Â± 1.96 / 60.04 Â± 1.58@@45.22,75.42 Â± 1.75 / 75.42 Â± 1.75@@75.42,68.81 Â± 0.88 / 37.55 Â± 1.06@@68.81,61.65 Â± 0.10 / 9.86 Â± 0.09@@61.65,16.7.0.dev0@@160700,16.7.0.dev0@@160700,16.7.0.dev0@@160700,16.7.0.dev0@@160700
"<a href='https://platform.openai.com/docs/models/gpt-5-mini'>gpt-5-mini-2025-08-07 (zero-shot, val)</a>",ğŸ¤”,1.41@@1.41,?,100256.0,272000.0,âœ“,âœ—,52.39 Â± 2.18 / 65.14 Â± 1.48@@52.39,71.96 Â± 1.86 / 71.96 Â± 1.86@@71.96,62.03 Â± 1.02 / 35.70 Â± 1.36@@62.03,61.70 Â± 0.12 / 7.93 Â± 0.13@@61.70,16.7.0.dev0@@160700,16.7.0.dev0@@160700,16.7.0.dev0@@160700,16.7.0.dev0@@160700
<a href='https://hf.co/mistralai/Mistral-Small-3.1-24B-Instruct-2503'>mistralai/Mistral-Small-3.1-24B-Instruct-2503</a>,ğŸ“,1.42@@1.42,24011361280.0,131072.0,8192.0,âœ“,âœ—,44.39 Â± 1.47 / 62.72 Â± 0.96@@44.39,69.54 Â± 1.82 / 69.54 Â± 1.82@@69.54,72.46 Â± 1.90 / 46.08 Â± 2.95@@72.46,62.93 Â± 0.05 / 11.25 Â± 0.19@@62.93,16.8.0.dev0@@160800,16.8.0.dev0@@160800,16.8.0.dev0@@160800,16.8.0.dev0@@160800
"<a href='https://platform.openai.com/docs/models/gpt-4.1'>gpt-4.1-2025-04-14 (zero-shot, val)</a>",ğŸ“,1.43@@1.43,?,?,1047576.0,âœ“,âœ—,47.63 Â± 2.99 / 62.06 Â± 2.06@@47.63,72.72 Â± 1.79 / 72.72 Â± 1.79@@72.72,63.06 Â± 1.15 / 27.19 Â± 1.93@@63.06,62.04 Â± 0.14 / 9.31 Â± 0.10@@62.04,16.7.0.dev0@@160700,16.7.0.dev0@@160700,16.7.0.dev0@@160700,16.7.0.dev0@@160700
<a href='https://hf.co/google/gemma-3-27b-pt'>google/gemma-3-27b-pt</a>,ğŸ§ ,1.43@@1.43,27432406640.0,262144.0,8192.0,âœ“,âœ—,41.44 Â± 1.41 / 58.87 Â± 1.70@@41.44,70.25 Â± 2.81 / 70.25 Â± 2.81@@70.25,74.64 Â± 2.62 / 54.12 Â± 4.23@@74.64,61.67 Â± 0.47 / 13.82 Â± 0.73@@61.67,16.7.1.dev0@@160701,16.7.1.dev0@@160701,16.7.1.dev0@@160701,16.7.1.dev0@@160701
<a href='https://hf.co/meta-llama/Llama-3.1-70B'>meta-llama/Llama-3.1-70B</a>,ğŸ§ ,1.44@@1.44,70553706496.0,128256.0,131072.0,âœ“,âœ—,45.07 Â± 1.66 / 60.08 Â± 1.79@@45.07,68.47 Â± 1.63 / 68.47 Â± 1.63@@68.47,71.84 Â± 2.96 / 49.23 Â± 4.62@@71.84,61.55 Â± 0.53 / 13.86 Â± 0.48@@61.55,16.8.0.dev0@@160800,16.8.0.dev0@@160800,16.8.0.dev0@@160800,16.8.0.dev0@@160800
"<a href='https://ai.google.dev/gemini-api/docs/models#gemini-3-flash-preview'>gemini/gemini-3-flash-preview#no-thinking (zero-shot, val)</a>",ğŸ“,1.44@@1.44,?,256128.0,1048576.0,âœ“,âœ—,50.05 Â± 3.08 / 63.46 Â± 2.02@@50.05,73.66 Â± 1.68 / 73.66 Â± 1.68@@73.66,61.45 Â± 0.94 / 23.09 Â± 1.60@@61.45,61.08 Â± 0.11 / 8.84 Â± 0.11@@61.08,16.9.0.dev0@@160900,16.9.0.dev0@@160900,16.9.0.dev0@@160900,16.9.0.dev0@@160900
<a href='https://hf.co/mistralai/Voxtral-Small-24B-2507'>mistralai/Voxtral-Small-24B-2507</a>,ğŸ“,1.46@@1.46,24261800960.0,131072.0,8192.0,âœ“,âœ—,41.16 Â± 2.36 / 59.97 Â± 2.16@@41.16,70.20 Â± 2.26 / 70.20 Â± 2.26@@70.20,73.56 Â± 2.03 / 52.61 Â± 3.77@@73.56,62.53 Â± 0.87 / 12.33 Â± 0.50@@62.53,16.8.0.dev0@@160800,16.8.0.dev0@@160800,16.8.0.dev0@@160800,16.8.0.dev0@@160800
<a href='https://hf.co/mistralai/Mistral-Small-3.1-24B-Base-2503'>mistralai/Mistral-Small-3.1-24B-Base-2503</a>,ğŸ§ ,1.46@@1.46,24011361280.0,131072.0,8192.0,âœ“,âœ—,43.41 Â± 1.79 / 60.85 Â± 1.39@@43.41,69.23 Â± 2.85 / 69.23 Â± 2.85@@69.23,72.72 Â± 2.03 / 48.29 Â± 3.19@@72.72,61.71 Â± 0.46 / 14.02 Â± 0.51@@61.71,16.8.0.dev0@@160800,16.8.0.dev0@@160800,16.8.0.dev0@@160800,16.8.0.dev0@@160800
<a href='https://hf.co/Qwen/Qwen3-14B'>Qwen/Qwen3-14B#no-thinking</a>,ğŸ“,1.46@@1.46,14768307200.0,151936.0,40960.0,âœ“,âœ—,41.72 Â± 1.46 / 60.95 Â± 1.08@@41.72,69.01 Â± 1.53 / 69.01 Â± 1.53@@69.01,71.74 Â± 1.43 / 47.37 Â± 1.84@@71.74,62.49 Â± 0.04 / 10.38 Â± 0.05@@62.49,16.7.1.dev0@@160701,16.7.1.dev0@@160701,16.7.1.dev0@@160701,16.7.1.dev0@@160701
<a href='https://hf.co/google/gemma-3-12b-it'>google/gemma-3-12b-it</a>,ğŸ“,1.49@@1.49,12187325040.0,262144.0,8192.0,âœ“,âœ—,46.37 Â± 1.52 / 64.21 Â± 0.95@@46.37,66.84 Â± 1.79 / 66.84 Â± 1.79@@66.84,66.03 Â± 1.11 / 38.12 Â± 1.91@@66.03,62.32 Â± 0.05 / 9.93 Â± 0.06@@62.32,16.7.1.dev0@@160701,16.7.1.dev0@@160701,16.7.1.dev0@@160701,16.7.1.dev0@@160701
<a href='https://hf.co/google/gemma-3-27b-it'>google/gemma-3-27b-it</a>,ğŸ“,1.49@@1.49,27432406640.0,262144.0,8192.0,âœ“,âœ—,45.81 Â± 0.93 / 63.12 Â± 0.51@@45.81,68.07 Â± 1.92 / 68.07 Â± 1.92@@68.07,65.55 Â± 1.27 / 39.54 Â± 2.31@@65.55,62.14 Â± 0.05 / 9.79 Â± 0.19@@62.14,16.7.1.dev0@@160701,16.7.1.dev0@@160701,16.7.1.dev0@@160701,16.7.1.dev0@@160701
<a href='https://hf.co/Qwen/Qwen3-32B'>Qwen/Qwen3-32B#no-thinking</a>,ğŸ“,1.50@@1.50,32762123264.0,151936.0,40960.0,âœ“,âœ—,41.76 Â± 0.96 / 60.61 Â± 0.95@@41.76,67.87 Â± 1.83 / 67.87 Â± 1.83@@67.87,70.93 Â± 1.44 / 46.23 Â± 2.16@@70.93,62.37 Â± 0.05 / 10.14 Â± 0.06@@62.37,16.7.1.dev0@@160701,16.7.1.dev0@@160701,16.7.1.dev0@@160701,16.7.1.dev0@@160701
"<a href='https://docs.anthropic.com/en/docs/about-claude'>claude-haiku-4-5-20251001 (zero-shot, val)</a>",ğŸ¤”,1.50@@1.50,?,?,200000.0,âœ“,âœ—,47.52 Â± 2.32 / 60.46 Â± 1.62@@47.52,68.91 Â± 1.93 / 68.91 Â± 1.93@@68.91,64.50 Â± 0.84 / 29.47 Â± 1.59@@64.50,61.35 Â± 0.15 / 8.59 Â± 0.07@@61.35,16.7.0.dev0@@160700,16.7.0.dev0@@160700,16.7.0.dev0@@160700,16.7.0.dev0@@160700
"<a href='https://ai.google.dev/gemini-api/docs/models#gemini-2.5-flash-lite'>gemini/gemini-2.5-flash-lite#thinking (zero-shot, val)</a>",ğŸ¤”,1.53@@1.53,?,256128.0,1048576.0,âœ“,âœ—,47.89 Â± 1.51 / 63.18 Â± 0.83@@47.89,67.53 Â± 1.66 / 67.53 Â± 1.66@@67.53,64.05 Â± 0.87 / 34.86 Â± 1.17@@64.05,61.89 Â± 0.15 / 7.53 Â± 0.11@@61.89,16.7.0.dev0@@160700,16.7.0.dev0@@160700,16.7.0.dev0@@160700,16.7.0.dev0@@160700
<a href='https://hf.co/google/gemma-3-12b-pt'>google/gemma-3-12b-pt</a>,ğŸ§ ,1.57@@1.57,12187325040.0,262144.0,8192.0,âœ“,âœ—,36.16 Â± 1.88 / 56.09 Â± 1.77@@36.16,67.57 Â± 2.72 / 67.57 Â± 2.72@@67.57,73.53 Â± 2.76 / 55.68 Â± 4.25@@73.53,61.63 Â± 0.52 / 13.74 Â± 0.69@@61.63,16.7.1.dev0@@160701,16.7.1.dev0@@160701,16.7.1.dev0@@160701,16.7.1.dev0@@160701
<a href='https://hf.co/ibm-granite/granite-4.0-h-small'>ibm-granite/granite-4.0-h-small</a>,ğŸ“,1.57@@1.57,32207337984.0,100352.0,131072.0,âœ“,âœ—,44.06 Â± 0.93 / 62.59 Â± 0.68@@44.06,64.14 Â± 1.86 / 64.14 Â± 1.86@@64.14,65.08 Â± 1.77 / 42.59 Â± 2.33@@65.08,62.74 Â± 0.22 / 12.95 Â± 0.39@@62.74,16.8.0.dev0@@160800,16.8.0.dev0@@160800,16.8.0.dev0@@160800,16.8.0.dev0@@160800
<a href='https://hf.co/google/gemma-3n-E4B-it'>google/gemma-3n-E4B-it</a>,ğŸ“,1.61@@1.61,7849978192.0,262400.0,8192.0,âœ“,âœ—,40.54 Â± 0.97 / 60.30 Â± 0.69@@40.54,66.06 Â± 1.85 / 66.06 Â± 1.85@@66.06,64.77 Â± 1.20 / 33.88 Â± 2.41@@64.77,62.63 Â± 0.05 / 9.76 Â± 0.10@@62.63,16.7.1.dev0@@160701,16.7.1.dev0@@160701,16.7.1.dev0@@160701,16.7.1.dev0@@160701
<a href='https://hf.co/openai/gpt-oss-20b'>openai/gpt-oss-20b#medium</a>,ğŸ¤”,1.66@@1.66,21511953984.0,201088.0,131072.0,âœ“,âœ—,44.80 Â± 0.73 / 62.85 Â± 0.41@@44.80,65.53 Â± 0.86 / 65.53 Â± 0.86@@65.53,59.18 Â± 0.68 / 32.08 Â± 0.87@@59.18,61.34 Â± 0.09 / 7.16 Â± 0.14@@61.34,16.7.1.dev0@@160701,16.7.1.dev0@@160701,16.7.1.dev0@@160701,16.7.1.dev0@@160701
<a href='https://hf.co/utter-project/EuroLLM-22B-Instruct-Preview'>utter-project/EuroLLM-22B-Instruct-Preview</a>,ğŸ“,1.66@@1.66,22637328384.0,128000.0,4096.0,âœ“,âœ—,39.30 Â± 1.61 / 55.97 Â± 1.80@@39.30,59.65 Â± 1.75 / 59.65 Â± 1.75@@59.65,68.44 Â± 1.44 / 45.28 Â± 2.31@@68.44,62.36 Â± 0.09 / 9.56 Â± 0.17@@62.36,16.7.1.dev0@@160701,16.7.1.dev0@@160701,16.7.1.dev0@@160701,16.7.1.dev0@@160701
"<a href='https://platform.openai.com/docs/models/gpt-4.1-nano'>gpt-4.1-nano-2025-04-14 (zero-shot, val)</a>",ğŸ“,1.66@@1.66,?,?,1047576.0,âœ“,âœ—,48.31 Â± 1.69 / 64.03 Â± 1.14@@48.31,67.43 Â± 1.97 / 67.43 Â± 1.97@@67.43,52.42 Â± 0.87 / 19.78 Â± 1.63@@52.42,61.74 Â± 0.09 / 8.66 Â± 0.11@@61.74,16.7.0.dev0@@160700,16.7.0.dev0@@160700,16.7.0.dev0@@160700,16.7.0.dev0@@160700
<a href='https://hf.co/Qwen/Qwen3-8B'>Qwen/Qwen3-8B#no-thinking</a>,ğŸ“,1.66@@1.66,8190735360.0,151936.0,40960.0,âœ“,âœ—,39.50 Â± 1.63 / 59.50 Â± 1.32@@39.50,63.06 Â± 1.72 / 63.06 Â± 1.72@@63.06,66.64 Â± 1.83 / 41.39 Â± 2.39@@66.64,62.41 Â± 0.06 / 10.22 Â± 0.09@@62.41,16.7.1.dev0@@160701,16.7.1.dev0@@160701,16.7.1.dev0@@160701,16.7.1.dev0@@160701
<a href='https://hf.co/allenai/Olmo-3.1-32B-Instruct-SFT'>allenai/Olmo-3.1-32B-Instruct-SFT</a>,ğŸ“,1.72@@1.72,32233522176.0,100278.0,65536.0,âœ—,âœ—,32.78 Â± 1.54 / 53.91 Â± 1.86@@32.78,64.75 Â± 2.25 / 64.75 Â± 2.25@@64.75,75.21 Â± 1.78 / 55.80 Â± 2.61@@75.21,59.95 Â± 0.50 / 12.38 Â± 0.67@@59.95,16.9.0.dev0@@160900,16.9.0.dev0@@160900,16.9.0.dev0@@160900,16.9.0.dev0@@160900
<a href='https://hf.co/ibm-granite/granite-4.0-h-micro'>ibm-granite/granite-4.0-h-micro</a>,ğŸ“,1.73@@1.73,3191396096.0,100352.0,131072.0,âœ“,âœ—,34.65 Â± 1.54 / 55.96 Â± 1.30@@34.65,62.41 Â± 1.74 / 62.41 Â± 1.74@@62.41,68.63 Â± 1.72 / 46.07 Â± 2.21@@68.63,62.07 Â± 0.15 / 12.27 Â± 0.48@@62.07,16.8.0.dev0@@160800,16.8.0.dev0@@160800,16.8.0.dev0@@160800,16.8.0.dev0@@160800
<a href='https://hf.co/openai/gpt-oss-20b'>openai/gpt-oss-20b#low</a>,ğŸ¤”,1.73@@1.73,21511953984.0,201088.0,131072.0,âœ“,âœ—,39.91 Â± 1.69 / 59.76 Â± 1.23@@39.91,66.16 Â± 1.48 / 66.16 Â± 1.48@@66.16,56.53 Â± 1.39 / 29.70 Â± 1.60@@56.53,61.56 Â± 0.06 / 7.49 Â± 0.23@@61.56,16.7.1.dev0@@160701,16.7.1.dev0@@160701,16.7.1.dev0@@160701,16.7.1.dev0@@160701
<a href='https://hf.co/speakleash/Bielik-11B-v3-Base-20250730'>speakleash/Bielik-11B-v3-Base-20250730</a>,ğŸ§ ,1.73@@1.73,11168796672.0,32128.0,32768.0,âœ“,âœ—,28.98 Â± 2.31 / 42.14 Â± 2.66@@28.98,65.71 Â± 2.10 / 65.71 Â± 2.10@@65.71,73.66 Â± 2.60 / 52.69 Â± 4.20@@73.66,61.43 Â± 0.30 / 14.15 Â± 0.36@@61.43,16.10.0@@161000,16.10.0@@161000,16.10.0@@161000,16.10.0@@161000
<a href='https://hf.co/swiss-ai/Apertus-70B-2509'>swiss-ai/Apertus-70B-2509</a>,ğŸ§ ,1.73@@1.73,70599864480.0,131072.0,65536.0,âœ“,âœ—,33.95 Â± 2.09 / 53.55 Â± 2.03@@33.95,61.50 Â± 2.25 / 61.50 Â± 2.25@@61.50,70.73 Â± 2.42 / 49.18 Â± 4.05@@70.73,61.34 Â± 0.49 / 13.50 Â± 0.55@@61.34,16.10.1.dev0@@161001,16.10.1.dev0@@161001,16.10.1.dev0@@161001,16.10.1.dev0@@161001
<a href='https://hf.co/allenai/OLMo-2-0325-32B-Instruct'>allenai/OLMo-2-0325-32B-Instruct</a>,ğŸ“,1.77@@1.77,32234279936.0,100352.0,4096.0,âœ—,âœ—,36.17 Â± 0.86 / 55.83 Â± 1.02@@36.17,62.17 Â± 1.62 / 62.17 Â± 1.62@@62.17,62.38 Â± 0.66 / 28.26 Â± 0.76@@62.38,62.00 Â± 0.08 / 10.25 Â± 0.23@@62.00,16.7.1.dev0@@160701,16.7.1.dev0@@160701,16.7.1.dev0@@160701,16.7.1.dev0@@160701
<a href='https://hf.co/meta-llama/Llama-3.1-8B'>meta-llama/Llama-3.1-8B</a>,ğŸ§ ,1.77@@1.77,8030261248.0,128256.0,131072.0,âœ“,âœ—,33.65 Â± 1.78 / 49.72 Â± 2.84@@33.65,59.21 Â± 3.01 / 59.21 Â± 3.01@@59.21,67.45 Â± 2.71 / 47.51 Â± 2.96@@67.45,61.77 Â± 0.31 / 13.04 Â± 0.59@@61.77,16.7.1.dev0@@160701,16.7.1.dev0@@160701,16.7.1.dev0@@160701,16.7.1.dev0@@160701
<a href='https://hf.co/Qwen/Qwen3-4B'>Qwen/Qwen3-4B#no-thinking</a>,ğŸ“,1.78@@1.78,4022468096.0,151936.0,40960.0,âœ“,âœ—,37.26 Â± 1.55 / 58.39 Â± 1.04@@37.26,59.18 Â± 1.82 / 59.18 Â± 1.82@@59.18,64.19 Â± 1.84 / 42.08 Â± 2.35@@64.19,62.36 Â± 0.06 / 10.31 Â± 0.08@@62.36,16.7.1.dev0@@160701,16.7.1.dev0@@160701,16.7.1.dev0@@160701,16.7.1.dev0@@160701
<a href='https://hf.co/nvidia/NVIDIA-Nemotron-3-Nano-30B-A3B-BF16'>nvidia/NVIDIA-Nemotron-3-Nano-30B-A3B-BF16#no-thinking</a>,ğŸ“,1.79@@1.79,31577937344.0,131072.0,262144.0,âœ“,âœ—,31.82 Â± 1.75 / 52.00 Â± 2.35@@31.82,61.68 Â± 1.57 / 61.68 Â± 1.57@@61.68,67.90 Â± 1.15 / 44.86 Â± 1.35@@67.90,61.18 Â± 0.14 / 9.02 Â± 0.27@@61.18,16.10.0.dev0@@161000,16.10.0.dev0@@161000,16.10.0.dev0@@161000,16.10.0.dev0@@161000
<a href='https://hf.co/allenai/Olmo-3.1-32B-Instruct-DPO'>allenai/Olmo-3.1-32B-Instruct-DPO</a>,ğŸ“,1.79@@1.79,32233522176.0,100278.0,65536.0,âœ—,âœ—,34.11 Â± 1.54 / 55.93 Â± 1.01@@34.11,59.71 Â± 1.31 / 59.71 Â± 1.31@@59.71,67.92 Â± 1.52 / 43.13 Â± 1.61@@67.92,61.36 Â± 0.09 / 9.43 Â± 0.29@@61.36,16.9.0.dev0@@160900,16.9.0.dev0@@160900,16.9.0.dev0@@160900,16.9.0.dev0@@160900
<a href='https://hf.co/allenai/Olmo-3.1-32B-Think'>allenai/Olmo-3.1-32B-Think</a>,ğŸ¤”,1.80@@1.80,32233522176.0,100278.0,65536.0,âœ—,âœ—,37.11 Â± 1.22 / 58.12 Â± 0.83@@37.11,65.94 Â± 2.48 / 65.94 Â± 2.48@@65.94,63.19 Â± 0.91 / 42.41 Â± 1.18@@63.19,58.63 Â± 0.61 / 7.54 Â± 0.92@@58.63,16.10.1.dev0@@161001,16.10.1.dev0@@161001,16.10.1.dev0@@161001,16.10.1.dev0@@161001
<a href='https://hf.co/baidu/ERNIE-4.5-21B-A3B-PT'>baidu/ERNIE-4.5-21B-A3B-PT</a>,ğŸ“,1.80@@1.80,21948655808.0,103424.0,131072.0,âœ“,âœ—,37.24 Â± 2.06 / 55.99 Â± 3.49@@37.24,54.93 Â± 1.15 / 54.93 Â± 1.15@@54.93,69.92 Â± 1.63 / 45.17 Â± 2.99@@69.92,61.68 Â± 0.57 / 9.90 Â± 0.58@@61.68,16.8.0.dev0@@160800,16.8.0.dev0@@160800,16.8.0.dev0@@160800,16.8.0.dev0@@160800
<a href='https://hf.co/allenai/Olmo-3.1-32B-Instruct'>allenai/Olmo-3.1-32B-Instruct</a>,ğŸ“,1.81@@1.81,32233522176.0,100278.0,65536.0,âœ—,âœ—,31.89 Â± 1.38 / 54.37 Â± 0.91@@31.89,61.26 Â± 1.52 / 61.26 Â± 1.52@@61.26,66.71 Â± 1.87 / 43.72 Â± 2.08@@66.71,61.32 Â± 0.05 / 9.54 Â± 0.22@@61.32,16.9.0.dev0@@160900,16.9.0.dev0@@160900,16.9.0.dev0@@160900,16.9.0.dev0@@160900
<a href='https://hf.co/upstage/SOLAR-10.7B-v1.0'>upstage/SOLAR-10.7B-v1.0</a>,ğŸ§ ,1.82@@1.82,10731524096.0,32000.0,4096.0,âœ“,âœ—,26.15 Â± 1.32 / 37.46 Â± 1.07@@26.15,62.93 Â± 2.61 / 62.93 Â± 2.61@@62.93,73.79 Â± 2.18 / 56.67 Â± 3.51@@73.79,61.05 Â± 0.31 / 13.50 Â± 0.49@@61.05,16.7.1.dev0@@160701,16.7.1.dev0@@160701,16.7.1.dev0@@160701,16.7.1.dev0@@160701
<a href='https://hf.co/swiss-ai/Apertus-70B-Instruct-2509'>swiss-ai/Apertus-70B-Instruct-2509</a>,ğŸ“,1.83@@1.83,70599864480.0,131072.0,65536.0,âœ—,âœ—,42.51 Â± 1.51 / 60.30 Â± 2.03@@42.51,60.01 Â± 2.27 / 60.01 Â± 2.27@@60.01,50.97 Â± 3.16 / 26.36 Â± 3.25@@50.97,61.64 Â± 0.30 / 9.31 Â± 0.16@@61.64,16.8.0.dev0@@160800,16.8.0.dev0@@160800,16.8.0.dev0@@160800,16.8.0.dev0@@160800
<a href='https://hf.co/speakleash/Bielik-11B-v3.0-Instruct'>speakleash/Bielik-11B-v3.0-Instruct</a>,ğŸ“,1.84@@1.84,11168796672.0,32128.0,32768.0,âœ“,âœ—,46.67 Â± 0.95 / 64.02 Â± 0.92@@46.67,66.13 Â± 1.62 / 66.13 Â± 1.62@@66.13,30.89 Â± 2.32 / 0.13 Â± 0.11@@30.89,62.72 Â± 0.33 / 11.51 Â± 0.24@@62.72,16.10.0@@161000,16.10.0@@161000,16.10.0@@161000,16.10.0@@161000
<a href='https://hf.co/allenai/Llama-3.1-Tulu-3-8B-SFT'>allenai/Llama-3.1-Tulu-3-8B-SFT</a>,ğŸ“,1.85@@1.85,8030326784.0,128264.0,131072.0,âœ“,âœ—,30.32 Â± 1.47 / 53.22 Â± 1.10@@30.32,57.85 Â± 1.68 / 57.85 Â± 1.68@@57.85,68.97 Â± 1.57 / 45.17 Â± 2.48@@68.97,61.30 Â± 0.30 / 13.51 Â± 0.44@@61.30,16.9.0.dev0@@160900,16.9.0.dev0@@160900,16.9.0.dev0@@160900,16.9.0.dev0@@160900
<a href='https://hf.co/kurakurai/Luth-1.7B-Instruct'>kurakurai/Luth-1.7B-Instruct</a>,ğŸ“,1.85@@1.85,1720574976.0,151936.0,40960.0,âœ—,âœ—,35.84 Â± 1.21 / 56.24 Â± 1.05@@35.84,51.40 Â± 2.65 / 51.40 Â± 2.65@@51.40,67.41 Â± 2.51 / 46.02 Â± 3.29@@67.41,61.99 Â± 0.21 / 10.76 Â± 0.18@@61.99,16.7.1.dev0@@160701,16.7.1.dev0@@160701,16.7.1.dev0@@160701,16.7.1.dev0@@160701
<a href='https://hf.co/ibm-granite/granite-4.0-micro'>ibm-granite/granite-4.0-micro</a>,ğŸ“,1.88@@1.88,3402836480.0,100352.0,131072.0,âœ“,âœ—,34.73 Â± 1.55 / 55.92 Â± 1.17@@34.73,56.92 Â± 1.77 / 56.92 Â± 1.77@@56.92,65.43 Â± 1.69 / 45.11 Â± 2.54@@65.43,61.41 Â± 0.28 / 11.52 Â± 0.33@@61.41,16.8.0.dev0@@160800,16.8.0.dev0@@160800,16.8.0.dev0@@160800,16.8.0.dev0@@160800
<a href='https://hf.co/occiglot/occiglot-7b-eu5-instruct'>occiglot/occiglot-7b-eu5-instruct</a>,ğŸ“,1.88@@1.88,7241748480.0,32002.0,32768.0,âœ—,âœ—,29.30 Â± 1.32 / 49.26 Â± 1.76@@29.30,56.22 Â± 3.00 / 56.22 Â± 3.00@@56.22,69.83 Â± 0.79 / 47.34 Â± 2.01@@69.83,62.09 Â± 0.11 / 12.87 Â± 0.14@@62.09,16.7.1.dev0@@160701,16.7.1.dev0@@160701,16.7.1.dev0@@160701,16.7.1.dev0@@160701
<a href='https://hf.co/google/gemma-3-4b-pt'>google/gemma-3-4b-pt</a>,ğŸ§ ,1.88@@1.88,4300079472.0,262144.0,8192.0,âœ“,âœ—,35.61 Â± 1.35 / 55.11 Â± 1.41@@35.61,54.33 Â± 3.12 / 54.33 Â± 3.12@@54.33,63.31 Â± 1.58 / 40.80 Â± 2.10@@63.31,61.24 Â± 0.42 / 12.97 Â± 0.75@@61.24,16.9.0.dev0@@160900,16.9.0.dev0@@160900,16.9.0.dev0@@160900,16.9.0.dev0@@160900
<a href='https://hf.co/deepcogito/cogito-v1-preview-qwen-32B'>deepcogito/cogito-v1-preview-qwen-32B</a>,ğŸ“,1.91@@1.91,32759790592.0,151665.0,131072.0,âœ“,âœ—,43.99 Â± 1.65 / 62.41 Â± 1.08@@43.99,68.83 Â± 2.05 / 68.83 Â± 2.05@@68.83,28.71 Â± 1.52 / 0.04 Â± 0.05@@28.71,62.13 Â± 0.11 / 9.98 Â± 0.11@@62.13,16.7.1.dev0@@160701,16.7.1.dev0@@160701,16.7.1.dev0@@160701,16.7.1.dev0@@160701
<a href='https://hf.co/Qwen/Qwen3-1.7B'>Qwen/Qwen3-1.7B#no-thinking</a>,ğŸ“,1.92@@1.92,2031739904.0,151936.0,40960.0,âœ“,âœ—,36.19 Â± 1.06 / 55.61 Â± 1.32@@36.19,49.27 Â± 2.81 / 49.27 Â± 2.81@@49.27,65.07 Â± 1.84 / 45.19 Â± 2.73@@65.07,61.68 Â± 0.06 / 10.40 Â± 0.11@@61.68,16.9.0.dev0@@160900,16.9.0.dev0@@160900,16.9.0.dev0@@160900,16.9.0.dev0@@160900
<a href='https://hf.co/Qwen/Qwen2.5-72B-Instruct'>Qwen/Qwen2.5-72B-Instruct</a>,ğŸ“,1.93@@1.93,72706203648.0,152064.0,32768.0,âœ“,âœ—,44.21 Â± 1.35 / 62.64 Â± 0.93@@44.21,67.00 Â± 1.89 / 67.00 Â± 1.89@@67.00,28.14 Â± 1.55 / 1.46 Â± 0.66@@28.14,62.63 Â± 0.09 / 10.89 Â± 0.17@@62.63,16.8.0.dev0@@160800,16.8.0.dev0@@160800,16.8.0.dev0@@160800,16.8.0.dev0@@160800
<a href='https://hf.co/allenai/Olmo-3-1025-7B'>allenai/Olmo-3-1025-7B</a>,ğŸ§ ,1.94@@1.94,7298011136.0,100278.0,65536.0,âœ“,âœ—,31.01 Â± 1.15 / 49.67 Â± 2.48@@31.01,56.72 Â± 4.31 / 56.72 Â± 4.31@@56.72,68.66 Â± 1.31 / 48.71 Â± 2.48@@68.66,60.09 Â± 0.73 / 11.66 Â± 0.52@@60.09,16.9.0.dev0@@160900,16.9.0.dev0@@160900,16.9.0.dev0@@160900,16.9.0.dev0@@160900
<a href='https://hf.co/INSAIT-Institute/MamayLM-Gemma-3-12B-IT-v1.0'>INSAIT-Institute/MamayLM-Gemma-3-12B-IT-v1.0</a>,ğŸ“,1.96@@1.96,12187325040.0,262144.0,8192.0,âœ—,âœ—,46.28 Â± 1.84 / 63.64 Â± 1.29@@46.28,68.88 Â± 2.51 / 68.88 Â± 2.51@@68.88,21.91 Â± 1.14 / 0.06 Â± 0.08@@21.91,60.59 Â± 0.64 / 9.03 Â± 0.23@@60.59,16.9.0.dev0@@160900,16.9.0.dev0@@160900,16.9.0.dev0@@160900,16.9.0.dev0@@160900
<a href='https://hf.co/Qwen/Qwen3-30B-A3B-Instruct-2507'>Qwen/Qwen3-30B-A3B-Instruct-2507</a>,ğŸ“,1.97@@1.97,30532122624.0,151936.0,262144.0,âœ“,âœ—,43.22 Â± 1.42 / 61.63 Â± 1.13@@43.22,65.82 Â± 2.07 / 65.82 Â± 2.07@@65.82,26.55 Â± 1.13 / 0.04 Â± 0.07@@26.55,62.26 Â± 0.03 / 9.94 Â± 0.08@@62.26,16.7.1.dev0@@160701,16.7.1.dev0@@160701,16.7.1.dev0@@160701,16.7.1.dev0@@160701
<a href='https://hf.co/allenai/Olmo-3-1125-32B'>allenai/Olmo-3-1125-32B</a>,ğŸ§ ,1.98@@1.98,32233522176.0,100278.0,65536.0,âœ“,âœ—,8.73 Â± 2.66 / 19.90 Â± 1.63@@8.73,67.01 Â± 2.43 / 67.01 Â± 2.43@@67.01,78.64 Â± 1.48 / 57.06 Â± 3.39@@78.64,61.49 Â± 0.37 / 13.55 Â± 0.69@@61.49,16.8.0.dev0@@160800,16.8.0.dev0@@160800,16.8.0.dev0@@160800,16.8.0.dev0@@160800
<a href='https://hf.co/speakleash/Bielik-11B-v2.6-Instruct'>speakleash/Bielik-11B-v2.6-Instruct</a>,ğŸ“,1.99@@1.99,11168796672.0,32128.0,32768.0,âœ“,âœ—,41.60 Â± 1.45 / 59.17 Â± 0.87@@41.60,63.03 Â± 1.79 / 63.03 Â± 1.79@@63.03,30.15 Â± 1.86 / 0.13 Â± 0.11@@30.15,62.71 Â± 0.09 / 10.98 Â± 0.13@@62.71,16.10.0@@161000,16.10.0@@161000,16.10.0@@161000,16.10.0@@161000
<a href='https://hf.co/meta-llama/Llama-3.3-70B-Instruct'>meta-llama/Llama-3.3-70B-Instruct</a>,ğŸ“,2.01@@2.01,70553706496.0,128256.0,131072.0,âœ“,âœ—,45.16 Â± 1.39 / 61.56 Â± 1.18@@45.16,63.99 Â± 1.70 / 63.99 Â± 1.70@@63.99,19.06 Â± 1.98 / 2.76 Â± 0.90@@19.06,62.58 Â± 0.18 / 11.11 Â± 0.25@@62.58,16.8.0.dev0@@160800,16.8.0.dev0@@160800,16.8.0.dev0@@160800,16.8.0.dev0@@160800
<a href='https://hf.co/deepcogito/cogito-v1-preview-qwen-14B'>deepcogito/cogito-v1-preview-qwen-14B</a>,ğŸ“,2.01@@2.01,14765947904.0,151665.0,131072.0,âœ“,âœ—,40.50 Â± 1.35 / 60.23 Â± 1.09@@40.50,66.64 Â± 1.71 / 66.64 Â± 1.71@@66.64,27.47 Â± 1.22 / 0.02 Â± 0.04@@27.47,62.02 Â± 0.06 / 9.78 Â± 0.07@@62.02,16.7.1.dev0@@160701,16.7.1.dev0@@160701,16.7.1.dev0@@160701,16.7.1.dev0@@160701
<a href='https://hf.co/deepcogito/cogito-v2-preview-llama-70B'>deepcogito/cogito-v2-preview-llama-70B</a>,ğŸ“,2.02@@2.02,70553706496.0,128256.0,131072.0,âœ“,âœ—,44.90 Â± 1.67 / 62.21 Â± 0.99@@44.90,66.24 Â± 1.21 / 66.24 Â± 1.21@@66.24,18.11 Â± 1.23 / 0.21 Â± 0.15@@18.11,62.32 Â± 0.08 / 10.12 Â± 0.17@@62.32,16.8.0.dev0@@160800,16.8.0.dev0@@160800,16.8.0.dev0@@160800,16.8.0.dev0@@160800
<a href='https://hf.co/HuggingFaceTB/SmolLM3-3B-Base'>HuggingFaceTB/SmolLM3-3B-Base</a>,ğŸ§ ,2.02@@2.02,3075098624.0,128256.0,65536.0,âœ“,âœ—,31.20 Â± 1.31 / 45.69 Â± 1.90@@31.20,51.10 Â± 3.43 / 51.10 Â± 3.43@@51.10,62.68 Â± 2.16 / 44.12 Â± 3.12@@62.68,59.77 Â± 0.65 / 11.40 Â± 0.48@@59.77,16.7.1.dev0@@160701,16.7.1.dev0@@160701,16.7.1.dev0@@160701,16.7.1.dev0@@160701
<a href='https://hf.co/swiss-ai/Apertus-8B-2509'>swiss-ai/Apertus-8B-2509</a>,ğŸ§ ,2.04@@2.04,8053338176.0,131072.0,65536.0,âœ“,âœ—,34.31 Â± 0.66 / 46.30 Â± 1.46@@34.31,44.68 Â± 4.86 / 44.68 Â± 4.86@@44.68,61.43 Â± 2.09 / 34.46 Â± 2.22@@61.43,61.07 Â± 0.44 / 12.27 Â± 0.79@@61.07,16.10.1.dev0@@161001,16.10.1.dev0@@161001,16.10.1.dev0@@161001,16.10.1.dev0@@161001
<a href='https://hf.co/meta-llama/Llama-3.1-8B-Instruct'>meta-llama/Llama-3.1-8B-Instruct</a>,ğŸ“,2.05@@2.05,8030261248.0,128256.0,131072.0,âœ“,âœ—,39.84 Â± 1.31 / 57.41 Â± 1.40@@39.84,58.31 Â± 1.71 / 58.31 Â± 1.71@@58.31,32.00 Â± 1.64 / 1.97 Â± 0.89@@32.00,62.52 Â± 0.13 / 11.05 Â± 0.11@@62.52,16.7.1.dev0@@160701,16.7.1.dev0@@160701,16.7.1.dev0@@160701,16.7.1.dev0@@160701
<a href='https://hf.co/BSC-LT/ALIA-40b'>BSC-LT/ALIA-40b</a>,ğŸ§ ,2.08@@2.08,40433885184.0,256000.0,32768.0,âœ“,âœ—,18.11 Â± 2.08 / 28.26 Â± 2.29@@18.11,61.97 Â± 2.37 / 61.97 Â± 2.37@@61.97,63.24 Â± 2.15 / 39.05 Â± 2.38@@63.24,60.41 Â± 0.85 / 12.39 Â± 1.43@@60.41,16.8.0.dev0@@160800,16.8.0.dev0@@160800,16.8.0.dev0@@160800,16.8.0.dev0@@160800
<a href='https://hf.co/utter-project/EuroLLM-22B-2512'>utter-project/EuroLLM-22B-2512</a>,ğŸ§ ,2.08@@2.08,22637328384.0,128000.0,32768.0,âœ“,âœ—,9.89 Â± 2.46 / 20.66 Â± 2.08@@9.89,61.75 Â± 2.84 / 61.75 Â± 2.84@@61.75,70.96 Â± 2.02 / 52.79 Â± 2.94@@70.96,61.05 Â± 0.44 / 13.28 Â± 0.60@@61.05,16.8.0.dev0@@160800,16.8.0.dev0@@160800,16.8.0.dev0@@160800,16.8.0.dev0@@160800
<a href='https://hf.co/deepcogito/cogito-v1-preview-llama-70B'>deepcogito/cogito-v1-preview-llama-70B</a>,ğŸ“,2.09@@2.09,70553706496.0,128256.0,131072.0,âœ“,âœ—,40.73 Â± 1.11 / 59.03 Â± 0.86@@40.73,65.60 Â± 1.19 / 65.60 Â± 1.19@@65.60,19.67 Â± 1.40 / 0.74 Â± 0.21@@19.67,62.48 Â± 0.04 / 10.43 Â± 0.15@@62.48,16.8.0.dev0@@160800,16.8.0.dev0@@160800,16.8.0.dev0@@160800,16.8.0.dev0@@160800
<a href='https://hf.co/deepcogito/cogito-v1-preview-llama-8B'>deepcogito/cogito-v1-preview-llama-8B</a>,ğŸ“,2.09@@2.09,8030261248.0,128256.0,131072.0,âœ“,âœ—,36.50 Â± 1.30 / 57.20 Â± 1.16@@36.50,57.89 Â± 1.59 / 57.89 Â± 1.59@@57.89,35.55 Â± 0.96 / 4.14 Â± 0.72@@35.55,62.09 Â± 0.11 / 10.01 Â± 0.24@@62.09,16.9.0.dev0@@160900,16.9.0.dev0@@160900,16.9.0.dev0@@160900,16.9.0.dev0@@160900
<a href='https://hf.co/google/gemma-3-4b-it'>google/gemma-3-4b-it</a>,ğŸ“,2.11@@2.11,4300079472.0,262144.0,8192.0,âœ“,âœ—,40.84 Â± 1.74 / 59.32 Â± 1.35@@40.84,60.45 Â± 1.73 / 60.45 Â± 1.73@@60.45,21.55 Â± 1.72 / 0.53 Â± 0.72@@21.55,62.20 Â± 0.09 / 9.47 Â± 0.08@@62.20,16.9.0.dev0@@160900,16.9.0.dev0@@160900,16.9.0.dev0@@160900,16.9.0.dev0@@160900
<a href='https://hf.co/allenai/Olmo-3-7B-Think'>allenai/Olmo-3-7B-Think</a>,ğŸ¤”,2.12@@2.12,7298011136.0,100278.0,65536.0,âœ—,âœ—,31.86 Â± 1.66 / 54.17 Â± 1.21@@31.86,61.19 Â± 1.03 / 61.19 Â± 1.03@@61.19,59.36 Â± 1.13 / 37.47 Â± 0.73@@59.36,54.75 Â± 0.29 / 5.99 Â± 0.25@@54.75,16.8.0.dev0@@160800,16.8.0.dev0@@160800,16.8.0.dev0@@160800,16.8.0.dev0@@160800
<a href='https://hf.co/occiglot/occiglot-7b-eu5'>occiglot/occiglot-7b-eu5</a>,ğŸ§ ,2.12@@2.12,7241732096.0,32000.0,32768.0,âœ“,âœ—,17.60 Â± 2.57 / 33.10 Â± 2.38@@17.60,56.15 Â± 3.17 / 56.15 Â± 3.17@@56.15,66.20 Â± 2.16 / 47.32 Â± 3.28@@66.20,60.92 Â± 0.46 / 12.72 Â± 0.35@@60.92,16.7.1.dev0@@160701,16.7.1.dev0@@160701,16.7.1.dev0@@160701,16.7.1.dev0@@160701
<a href='https://hf.co/utter-project/EuroLLM-9B'>utter-project/EuroLLM-9B</a>,ğŸ§ ,2.13@@2.13,9152319488.0,128000.0,4096.0,âœ“,âœ—,14.25 Â± 1.62 / 27.16 Â± 2.29@@14.25,57.93 Â± 2.26 / 57.93 Â± 2.26@@57.93,65.83 Â± 2.16 / 44.60 Â± 2.82@@65.83,61.31 Â± 0.28 / 13.40 Â± 0.32@@61.31,16.7.1.dev0@@160701,16.7.1.dev0@@160701,16.7.1.dev0@@160701,16.7.1.dev0@@160701
<a href='https://hf.co/allenai/Olmo-3-7B-Instruct'>allenai/Olmo-3-7B-Instruct</a>,ğŸ“,2.13@@2.13,7298011136.0,100278.0,65536.0,âœ—,âœ—,28.29 Â± 1.20 / 51.38 Â± 0.96@@28.29,51.49 Â± 1.76 / 51.49 Â± 1.76@@51.49,60.75 Â± 1.24 / 38.47 Â± 1.87@@60.75,59.48 Â± 0.10 / 8.47 Â± 0.10@@59.48,16.9.0.dev0@@160900,16.9.0.dev0@@160900,16.9.0.dev0@@160900,16.9.0.dev0@@160900
<a href='https://hf.co/ibm-granite/granite-4.0-h-tiny'>ibm-granite/granite-4.0-h-tiny</a>,ğŸ“,2.15@@2.15,6939037248.0,100352.0,131072.0,âœ“,âœ—,36.68 Â± 1.51 / 56.82 Â± 1.38@@36.68,58.32 Â± 1.73 / 58.32 Â± 1.73@@58.32,30.44 Â± 3.21 / 6.26 Â± 2.20@@30.44,61.59 Â± 0.40 / 10.84 Â± 0.38@@61.59,16.8.0.dev0@@160800,16.8.0.dev0@@160800,16.8.0.dev0@@160800,16.8.0.dev0@@160800
<a href='https://hf.co/allenai/Olmo-3-7B-Instruct-DPO'>allenai/Olmo-3-7B-Instruct-DPO</a>,ğŸ“,2.15@@2.15,7298011136.0,100278.0,65536.0,âœ—,âœ—,27.94 Â± 1.31 / 51.26 Â± 1.04@@27.94,52.21 Â± 1.86 / 52.21 Â± 1.86@@52.21,59.05 Â± 1.51 / 34.81 Â± 2.27@@59.05,59.27 Â± 0.18 / 8.16 Â± 0.08@@59.27,16.9.0.dev0@@160900,16.9.0.dev0@@160900,16.9.0.dev0@@160900,16.9.0.dev0@@160900
<a href='https://hf.co/utter-project/EuroLLM-22B-Instruct-2512'>utter-project/EuroLLM-22B-Instruct-2512</a>,ğŸ“,2.17@@2.17,22637328384.0,128000.0,32768.0,âœ“,âœ—,43.04 Â± 1.06 / 54.37 Â± 2.00@@43.04,64.21 Â± 1.84 / 64.21 Â± 1.84@@64.21,19.83 Â± 2.65 / 8.98 Â± 1.44@@19.83,57.85 Â± 5.40 / 11.57 Â± 1.28@@57.85,16.8.0.dev0@@160800,16.8.0.dev0@@160800,16.8.0.dev0@@160800,16.8.0.dev0@@160800
<a href='https://hf.co/lapa-llm/lapa-v0.1.2-instruct'>lapa-llm/lapa-v0.1.2-instruct</a>,ğŸ“,2.18@@2.18,12187325040.0,262144.0,8192.0,âœ—,âœ—,42.15 Â± 1.67 / 59.74 Â± 1.47@@42.15,66.74 Â± 2.23 / 66.74 Â± 2.23@@66.74,26.00 Â± 1.59 / 0.09 Â± 0.11@@26.00,55.75 Â± 3.11 / 9.36 Â± 0.70@@55.75,16.9.0.dev0@@160900,16.9.0.dev0@@160900,16.9.0.dev0@@160900,16.9.0.dev0@@160900
<a href='https://hf.co/utter-project/EuroLLM-9B-Instruct'>utter-project/EuroLLM-9B-Instruct</a>,ğŸ“,2.19@@2.19,9152319488.0,128000.0,4096.0,âœ—,âœ—,35.43 Â± 1.44 / 56.04 Â± 1.98@@35.43,58.69 Â± 2.29 / 58.69 Â± 2.29@@58.69,26.48 Â± 1.41 / 1.25 Â± 0.44@@26.48,62.04 Â± 0.10 / 9.61 Â± 0.08@@62.04,16.7.1.dev0@@160701,16.7.1.dev0@@160701,16.7.1.dev0@@160701,16.7.1.dev0@@160701
<a href='https://hf.co/utter-project/EuroLLM-22B-Preview'>utter-project/EuroLLM-22B-Preview</a>,ğŸ§ ,2.26@@2.26,?,128000.0,4096.0,âœ“,âœ—,0.60 Â± 0.79 / 16.88 Â± 0.22@@0.60,60.56 Â± 2.51 / 60.56 Â± 2.51@@60.56,69.02 Â± 1.42 / 49.75 Â± 2.45@@69.02,61.22 Â± 0.39 / 12.94 Â± 0.56@@61.22,16.7.1.dev0@@160701,16.7.1.dev0@@160701,16.7.1.dev0@@160701,16.7.1.dev0@@160701
<a href='https://hf.co/openai/gpt-oss-20b'>openai/gpt-oss-20b#high</a>,ğŸ¤”,2.32@@2.32,21511953984.0,201088.0,131072.0,âœ“,âœ—,43.71 Â± 1.00 / 62.10 Â± 0.61@@43.71,60.83 Â± 1.23 / 60.83 Â± 1.23@@60.83,56.92 Â± 0.88 / 33.40 Â± 1.03@@56.92,42.86 Â± 2.55 / 5.43 Â± 0.32@@42.86,16.7.1.dev0@@160701,16.7.1.dev0@@160701,16.8.0.dev0@@160800,16.8.0.dev0@@160800
<a href='https://hf.co/HuggingFaceTB/SmolLM3-3B'>HuggingFaceTB/SmolLM3-3B#no-thinking</a>,ğŸ“,2.34@@2.34,3075098624.0,128256.0,65536.0,âœ“,âœ—,25.98 Â± 1.85 / 41.81 Â± 2.35@@25.98,54.92 Â± 2.49 / 54.92 Â± 2.49@@54.92,30.48 Â± 2.24 / 3.85 Â± 2.00@@30.48,62.09 Â± 0.13 / 11.52 Â± 0.15@@62.09,16.7.1.dev0@@160701,16.7.1.dev0@@160701,16.7.1.dev0@@160701,16.7.1.dev0@@160701
<a href='https://hf.co/allenai/Olmo-3-7B-Instruct-SFT'>allenai/Olmo-3-7B-Instruct-SFT</a>,ğŸ“,2.37@@2.37,7298011136.0,100278.0,65536.0,âœ—,âœ—,26.22 Â± 1.13 / 49.44 Â± 1.46@@26.22,51.69 Â± 3.40 / 51.69 Â± 3.40@@51.69,61.42 Â± 1.61 / 40.83 Â± 1.77@@61.42,50.92 Â± 6.25 / 8.89 Â± 1.09@@50.92,16.9.0.dev0@@160900,16.9.0.dev0@@160900,16.9.0.dev0@@160900,16.9.0.dev0@@160900
<a href='https://hf.co/deepcogito/cogito-v1-preview-llama-3B'>deepcogito/cogito-v1-preview-llama-3B</a>,ğŸ“,2.38@@2.38,3606752256.0,128256.0,131072.0,âœ“,âœ—,32.48 Â± 1.75 / 52.42 Â± 1.52@@32.48,55.77 Â± 1.48 / 55.77 Â± 1.48@@55.77,17.37 Â± 2.02 / 0.00 Â± 0.00@@17.37,61.76 Â± 0.18 / 10.30 Â± 0.17@@61.76,16.9.0.dev0@@160900,16.9.0.dev0@@160900,16.9.0.dev0@@160900,16.9.0.dev0@@160900
<a href='https://hf.co/arcee-ai/Trinity-Nano-Preview'>arcee-ai/Trinity-Nano-Preview</a>,ğŸ“,2.38@@2.38,6120003328.0,200192.0,131072.0,âœ“,âœ—,17.97 Â± 3.08 / 33.31 Â± 3.74@@17.97,56.34 Â± 2.57 / 56.34 Â± 2.57@@56.34,46.70 Â± 4.72 / 30.97 Â± 3.43@@46.70,59.05 Â± 0.89 / 7.50 Â± 1.54@@59.05,16.10.1.dev0@@161001,16.10.1.dev0@@161001,16.10.1.dev0@@161001,16.10.1.dev0@@161001
<a href='https://hf.co/arcee-ai/AFM-4.5B-Base'>arcee-ai/AFM-4.5B-Base</a>,ğŸ§ ,2.39@@2.39,4619184640.0,128004.0,65536.0,âœ“,âœ—,27.40 Â± 1.34 / 42.02 Â± 2.56@@27.40,45.96 Â± 2.41 / 45.96 Â± 2.41@@45.96,47.01 Â± 2.62 / 31.50 Â± 1.94@@47.01,58.65 Â± 0.64 / 9.57 Â± 0.62@@58.65,16.10.1.dev0@@161001,16.10.1.dev0@@161001,16.10.1.dev0@@161001,16.10.1.dev0@@161001
<a href='https://hf.co/meta-llama/Llama-3.2-3B-Instruct'>meta-llama/Llama-3.2-3B-Instruct</a>,ğŸ“,2.54@@2.54,3212749824.0,128256.0,131072.0,âœ“,âœ—,25.15 Â± 2.76 / 43.22 Â± 4.12@@25.15,54.45 Â± 1.56 / 54.45 Â± 1.56@@54.45,14.93 Â± 1.74 / 0.06 Â± 0.06@@14.93,60.73 Â± 0.55 / 10.09 Â± 0.46@@60.73,16.7.1.dev0@@160701,16.7.1.dev0@@160701,16.7.1.dev0@@160701,16.7.1.dev0@@160701
<a href='https://hf.co/TrustLLMeu/baseline-7-8b_2-3t-tokens_llama'>TrustLLMeu/baseline-7-8b_2-3t-tokens_llama</a>,ğŸ§ ,2.56@@2.56,7799574528.0,100096.0,4096.0,âœ“,âœ—,0.99 Â± 1.45 / 16.99 Â± 0.32@@0.99,51.10 Â± 2.19 / 51.10 Â± 2.19@@51.10,54.64 Â± 2.68 / 38.50 Â± 2.62@@54.64,59.69 Â± 0.77 / 11.21 Â± 0.86@@59.69,16.7.1.dev0@@160701,16.7.1.dev0@@160701,16.7.1.dev0@@160701,16.7.1.dev0@@160701
<a href='https://hf.co/arcee-ai/AFM-4.5B'>arcee-ai/AFM-4.5B</a>,ğŸ“,2.56@@2.56,4619189760.0,128005.0,65536.0,âœ“,âœ—,26.92 Â± 2.14 / 50.72 Â± 1.58@@26.92,49.67 Â± 1.51 / 49.67 Â± 1.51@@49.67,23.09 Â± 0.85 / 0.17 Â± 0.09@@23.09,60.24 Â± 0.14 / 9.67 Â± 0.14@@60.24,16.10.1.dev0@@161001,16.10.1.dev0@@161001,16.10.1.dev0@@161001,16.10.1.dev0@@161001
<a href='https://hf.co/Qwen/Qwen3-0.6B'>Qwen/Qwen3-0.6B#no-thinking</a>,ğŸ“,2.62@@2.62,751632384.0,151936.0,40960.0,âœ“,âœ—,15.74 Â± 2.96 / 35.29 Â± 5.06@@15.74,42.17 Â± 1.67 / 42.17 Â± 1.67@@42.17,42.92 Â± 1.33 / 24.37 Â± 1.34@@42.92,59.26 Â± 0.38 / 8.64 Â± 0.36@@59.26,16.9.0.dev0@@160900,16.9.0.dev0@@160900,16.9.0.dev0@@160900,16.9.0.dev0@@160900
<a href='https://hf.co/LiquidAI/LFM2-2.6B'>LiquidAI/LFM2-2.6B</a>,ğŸ“,2.63@@2.63,2569272320.0,65536.0,128000.0,âœ—,âœ—,21.13 Â± 1.37 / 41.03 Â± 1.76@@21.13,52.19 Â± 1.75 / 52.19 Â± 1.75@@52.19,24.86 Â± 2.79 / 1.06 Â± 0.63@@24.86,58.19 Â± 0.30 / 8.03 Â± 0.18@@58.19,16.7.1.dev0@@160701,16.7.1.dev0@@160701,16.7.1.dev0@@160701,16.7.1.dev0@@160701
<a href='https://hf.co/Qwen/Qwen2.5-1.5B-Instruct'>Qwen/Qwen2.5-1.5B-Instruct</a>,ğŸ“,2.63@@2.63,1543714304.0,151936.0,32768.0,âœ“,âœ—,29.71 Â± 1.14 / 51.19 Â± 1.38@@29.71,47.58 Â± 1.10 / 47.58 Â± 1.10@@47.58,28.08 Â± 1.24 / 0.85 Â± 0.32@@28.08,55.19 Â± 1.10 / 4.89 Â± 1.22@@55.19,16.7.1.dev0@@160701,16.7.1.dev0@@160701,16.7.1.dev0@@160701,16.7.1.dev0@@160701
<a href='https://hf.co/BSC-LT/salamandra-7b-instruct'>BSC-LT/salamandra-7b-instruct</a>,ğŸ“,2.70@@2.70,7768117248.0,256000.0,8192.0,âœ“,âœ—,30.54 Â± 2.10 / 52.07 Â± 1.99@@30.54,38.94 Â± 4.23 / 38.94 Â± 4.23@@38.94,20.65 Â± 5.55 / 3.22 Â± 4.80@@20.65,57.85 Â± 0.18 / 5.02 Â± 0.11@@57.85,16.9.0.dev0@@160900,16.9.0.dev0@@160900,16.9.0.dev0@@160900,16.9.0.dev0@@160900
<a href='https://hf.co/yulan-team/YuLan-Mini-Instruct'>yulan-team/YuLan-Mini-Instruct</a>,ğŸ“,2.71@@2.71,2424375168.0,99000.0,28723.0,âœ—,âœ—,18.72 Â± 2.34 / 35.54 Â± 4.22@@18.72,45.21 Â± 3.57 / 45.21 Â± 3.57@@45.21,23.08 Â± 1.08 / 0.00 Â± 0.00@@23.08,59.26 Â± 0.51 / 9.47 Â± 0.45@@59.26,16.7.1.dev0@@160701,16.7.1.dev0@@160701,16.7.1.dev0@@160701,16.7.1.dev0@@160701
<a href='https://hf.co/BSC-LT/salamandra-7b'>BSC-LT/salamandra-7b</a>,ğŸ§ ,2.80@@2.80,7768117248.0,256000.0,8192.0,âœ“,âœ—,2.99 Â± 1.54 / 17.47 Â± 0.76@@2.99,36.19 Â± 3.24 / 36.19 Â± 3.24@@36.19,52.38 Â± 2.04 / 33.34 Â± 2.16@@52.38,59.10 Â± 0.57 / 9.29 Â± 0.72@@59.10,16.9.0.dev0@@160900,16.9.0.dev0@@160900,16.9.0.dev0@@160900,16.9.0.dev0@@160900
<a href='https://hf.co/google/gemma-3-1b-it'>google/gemma-3-1b-it</a>,ğŸ“,2.87@@2.87,999885952.0,262144.0,32768.0,âœ“,âœ—,23.49 Â± 2.09 / 45.25 Â± 2.61@@23.49,36.71 Â± 2.23 / 36.71 Â± 2.23@@36.71,17.72 Â± 1.35 / 0.02 Â± 0.04@@17.72,58.58 Â± 0.84 / 9.22 Â± 0.54@@58.58,16.9.0.dev0@@160900,16.9.0.dev0@@160900,16.9.0.dev0@@160900,16.9.0.dev0@@160900
<a href='https://hf.co/meta-llama/Llama-3.2-1B'>meta-llama/Llama-3.2-1B</a>,ğŸ§ ,3.01@@3.01,1235814400.0,128256.0,131072.0,âœ“,âœ—,10.87 Â± 2.10 / 37.54 Â± 1.65@@10.87,26.33 Â± 2.37 / 26.33 Â± 2.37@@26.33,35.94 Â± 1.86 / 19.85 Â± 1.57@@35.94,57.43 Â± 0.67 / 8.76 Â± 0.48@@57.43,16.9.0.dev0@@160900,16.9.0.dev0@@160900,16.9.0.dev0@@160900,16.9.0.dev0@@160900
<a href='https://hf.co/PleIAs/Pleias-1.2b-Preview'>PleIAs/Pleias-1.2b-Preview</a>,ğŸ§ ,3.02@@3.02,1195468800.0,65536.0,2048.0,âœ“,âœ—,14.43 Â± 3.64 / 27.91 Â± 4.47@@14.43,41.46 Â± 1.10 / 41.46 Â± 1.10@@41.46,25.62 Â± 1.97 / 14.83 Â± 1.58@@25.62,52.87 Â± 1.13 / 6.70 Â± 0.94@@52.87,16.9.0.dev0@@160900,16.9.0.dev0@@160900,16.9.0.dev0@@160900,16.9.0.dev0@@160900
<a href='https://hf.co/google/gemma-3-1b-pt'>google/gemma-3-1b-pt</a>,ğŸ§ ,3.05@@3.05,999885952.0,262144.0,32768.0,âœ“,âœ—,13.19 Â± 3.56 / 25.73 Â± 3.64@@13.19,24.39 Â± 2.53 / 24.39 Â± 2.53@@24.39,40.49 Â± 1.61 / 23.90 Â± 1.84@@40.49,54.69 Â± 2.03 / 7.71 Â± 1.19@@54.69,16.9.0.dev0@@160900,16.9.0.dev0@@160900,16.9.0.dev0@@160900,16.9.0.dev0@@160900
<a href='https://hf.co/utter-project/EuroMoE-2.6B-A0.6B-Preview'>utter-project/EuroMoE-2.6B-A0.6B-Preview</a>,ğŸ§ ,3.16@@3.16,2611528704.0,128000.0,4096.0,âœ“,âœ—,1.41 Â± 1.38 / 19.14 Â± 2.20@@1.41,15.83 Â± 4.85 / 15.83 Â± 4.85@@15.83,41.48 Â± 2.25 / 25.26 Â± 1.74@@41.48,59.45 Â± 0.32 / 10.82 Â± 0.47@@59.45,16.7.1.dev0@@160701,16.7.1.dev0@@160701,16.7.1.dev0@@160701,16.7.1.dev0@@160701
<a href='https://hf.co/baidu/ERNIE-4.5-0.3B-PT'>baidu/ERNIE-4.5-0.3B-PT</a>,ğŸ“,3.21@@3.21,?,103424.0,131072.0,âœ“,âœ—,3.27 Â± 1.23 / 21.17 Â± 2.28@@3.27,31.08 Â± 2.59 / 31.08 Â± 2.59@@31.08,20.44 Â± 2.41 / 8.93 Â± 1.75@@20.44,59.36 Â± 0.23 / 8.78 Â± 0.29@@59.36,16.9.0.dev0@@160900,16.9.0.dev0@@160900,16.9.0.dev0@@160900,16.9.0.dev0@@160900
<a href='https://hf.co/LiquidAI/LFM2.5-1.2B-Base'>LiquidAI/LFM2.5-1.2B-Base</a>,ğŸ“,3.23@@3.23,1170340608.0,65536.0,128000.0,âœ—,âœ—,6.28 Â± 3.10 / 29.78 Â± 4.46@@6.28,28.63 Â± 6.15 / 28.63 Â± 6.15@@28.63,9.49 Â± 0.58 / 0.00 Â± 0.00@@9.49,59.45 Â± 0.92 / 9.48 Â± 0.82@@59.45,16.10.1.dev0@@161001,16.10.1.dev0@@161001,16.10.1.dev0@@161001,16.10.1.dev0@@161001
<a href='https://hf.co/utter-project/EuroMoE-2.6B-A0.6B-Instruct-Preview'>utter-project/EuroMoE-2.6B-A0.6B-Instruct-Preview</a>,ğŸ“,3.27@@3.27,2611528704.0,128000.0,4096.0,âœ“,âœ—,3.00 Â± 2.26 / 18.96 Â± 2.59@@3.00,26.37 Â± 2.60 / 26.37 Â± 2.60@@26.37,20.51 Â± 1.20 / 0.42 Â± 0.23@@20.51,58.65 Â± 0.76 / 9.26 Â± 0.36@@58.65,16.7.1.dev0@@160701,16.7.1.dev0@@160701,16.7.1.dev0@@160701,16.7.1.dev0@@160701
<a href='https://hf.co/meta-llama/Llama-3.2-1B-Instruct'>meta-llama/Llama-3.2-1B-Instruct</a>,ğŸ“,3.38@@3.38,1235814400.0,128256.0,131072.0,âœ“,âœ—,3.17 Â± 1.74 / 26.42 Â± 4.67@@3.17,38.27 Â± 3.28 / 38.27 Â± 3.28@@38.27,6.76 Â± 1.31 / 0.00 Â± 0.00@@6.76,55.53 Â± 0.55 / 6.36 Â± 0.39@@55.53,16.9.0.dev0@@160900,16.9.0.dev0@@160900,16.9.0.dev0@@160900,16.9.0.dev0@@160900
<a href='https://hf.co/LiquidAI/LFM2-700M'>LiquidAI/LFM2-700M</a>,ğŸ“,3.43@@3.43,742489344.0,65536.0,128000.0,âœ—,âœ—,5.49 Â± 2.34 / 20.47 Â± 2.61@@5.49,26.97 Â± 2.19 / 26.97 Â± 2.19@@26.97,9.02 Â± 0.79 / 0.00 Â± 0.00@@9.02,56.49 Â± 0.69 / 7.77 Â± 0.56@@56.49,16.9.0.dev0@@160900,16.9.0.dev0@@160900,16.9.0.dev0@@160900,16.9.0.dev0@@160900
<a href='https://hf.co/PleIAs/Pleias-3b-Preview'>PleIAs/Pleias-3b-Preview</a>,ğŸ§ ,3.47@@3.47,3211926528.0,65536.0,4096.0,âœ“,âœ—,0.00 Â± 0.00 / 16.75 Â± 0.30@@0.00,24.88 Â± 4.23 / 24.88 Â± 4.23@@24.88,35.62 Â± 2.45 / 24.02 Â± 2.18@@35.62,46.40 Â± 6.55 / 7.44 Â± 1.21@@46.40,16.8.0.dev0@@160800,16.8.0.dev0@@160800,16.8.0.dev0@@160800,16.8.0.dev0@@160800
<a href='https://hf.co/lapa-llm/lapa-12b-pt'>lapa-llm/lapa-12b-pt</a>,ğŸ“,3.47@@3.47,12187325040.0,262144.0,8192.0,âœ“,âœ—,1.73 Â± 1.62 / 17.99 Â± 1.02@@1.73,61.52 Â± 2.61 / 61.52 Â± 2.61@@61.52,1.70 Â± 0.32 / 0.00 Â± 0.00@@1.70,44.45 Â± 3.29 / 4.13 Â± 0.82@@44.45,16.9.0.dev0@@160900,16.9.0.dev0@@160900,16.9.0.dev0@@160900,16.9.0.dev0@@160900
<a href='https://hf.co/LiquidAI/LFM2.5-1.2B-Instruct'>LiquidAI/LFM2.5-1.2B-Instruct</a>,ğŸ“,3.47@@3.47,1170340608.0,65536.0,128000.0,âœ—,âœ—,5.80 Â± 2.34 / 24.97 Â± 3.22@@5.80,23.33 Â± 1.12 / 23.33 Â± 1.12@@23.33,10.06 Â± 1.60 / 0.23 Â± 0.21@@10.06,56.15 Â± 0.51 / 8.00 Â± 0.73@@56.15,16.10.1.dev0@@161001,16.10.1.dev0@@161001,16.10.1.dev0@@161001,16.10.1.dev0@@161001
<a href='https://hf.co/PleIAs/Pleias-350m-Preview'>PleIAs/Pleias-350m-Preview</a>,ğŸ§ ,3.50@@3.50,353424384.0,65536.0,2048.0,âœ“,âœ—,4.68 Â± 3.29 / 25.93 Â± 4.98@@4.68,28.62 Â± 1.97 / 28.62 Â± 1.97@@28.62,6.54 Â± 1.60 / 3.11 Â± 0.92@@6.54,52.85 Â± 1.53 / 6.47 Â± 0.83@@52.85,16.9.0.dev0@@160900,16.9.0.dev0@@160900,16.9.0.dev0@@160900,16.9.0.dev0@@160900
<a href='https://hf.co/HuggingFaceTB/SmolLM2-360M-Instruct'>HuggingFaceTB/SmolLM2-360M-Instruct</a>,ğŸ“,3.52@@3.52,361821120.0,49152.0,8192.0,âœ“,âœ—,-0.35 Â± 1.81 / 20.93 Â± 2.35@@-0.35,30.48 Â± 3.37 / 30.48 Â± 3.37@@30.48,9.67 Â± 1.18 / 0.00 Â± 0.00@@9.67,54.42 Â± 1.24 / 7.43 Â± 0.69@@54.42,16.9.0.dev0@@160900,16.9.0.dev0@@160900,16.9.0.dev0@@160900,16.9.0.dev0@@160900
<a href='https://hf.co/LiquidAI/LFM2-1.2B'>LiquidAI/LFM2-1.2B</a>,ğŸ“,3.52@@3.52,1170340608.0,65536.0,128000.0,âœ—,âœ—,4.28 Â± 2.89 / 22.54 Â± 4.03@@4.28,26.37 Â± 2.25 / 26.37 Â± 2.25@@26.37,8.99 Â± 0.86 / 0.00 Â± 0.00@@8.99,53.76 Â± 0.60 / 6.46 Â± 0.32@@53.76,16.9.0.dev0@@160900,16.9.0.dev0@@160900,16.9.0.dev0@@160900,16.9.0.dev0@@160900
<a href='https://hf.co/google/gemma-3-270m-it'>google/gemma-3-270m-it</a>,ğŸ“,3.56@@3.56,268098176.0,262144.0,32768.0,âœ“,âœ—,4.02 Â± 2.70 / 24.29 Â± 3.46@@4.02,21.98 Â± 4.14 / 21.98 Â± 4.14@@21.98,6.78 Â± 0.70 / 0.00 Â± 0.00@@6.78,54.58 Â± 1.97 / 7.55 Â± 0.75@@54.58,16.9.0.dev0@@160900,16.9.0.dev0@@160900,16.9.0.dev0@@160900,16.9.0.dev0@@160900
<a href='https://hf.co/HuggingFaceTB/SmolLM2-360M'>HuggingFaceTB/SmolLM2-360M</a>,ğŸ§ ,3.63@@3.63,361821120.0,49152.0,8192.0,âœ“,âœ—,-2.19 Â± 1.83 / 19.31 Â± 2.02@@-2.19,19.77 Â± 2.83 / 19.77 Â± 2.83@@19.77,13.11 Â± 1.96 / 5.55 Â± 1.16@@13.11,54.83 Â± 1.14 / 8.21 Â± 0.71@@54.83,16.9.0.dev0@@160900,16.9.0.dev0@@160900,16.9.0.dev0@@160900,16.9.0.dev0@@160900
<a href='https://hf.co/google/gemma-3-270m'>google/gemma-3-270m</a>,ğŸ§ ,3.66@@3.66,268098176.0,262144.0,32768.0,âœ“,âœ—,3.05 Â± 1.80 / 19.89 Â± 3.57@@3.05,24.11 Â± 1.57 / 24.11 Â± 1.57@@24.11,7.23 Â± 1.12 / 1.87 Â± 0.63@@7.23,51.42 Â± 1.54 / 6.52 Â± 0.56@@51.42,16.9.0.dev0@@160900,16.9.0.dev0@@160900,16.9.0.dev0@@160900,16.9.0.dev0@@160900
<a href='https://hf.co/HuggingFaceTB/SmolLM2-135M-Instruct'>HuggingFaceTB/SmolLM2-135M-Instruct</a>,ğŸ“,3.67@@3.67,134515008.0,49152.0,8192.0,âœ“,âœ—,5.96 Â± 3.21 / 25.99 Â± 3.98@@5.96,15.82 Â± 4.16 / 15.82 Â± 4.16@@15.82,3.77 Â± 0.85 / 0.00 Â± 0.00@@3.77,52.65 Â± 0.85 / 6.63 Â± 0.34@@52.65,16.9.0.dev0@@160900,16.9.0.dev0@@160900,16.9.0.dev0@@160900,16.9.0.dev0@@160900
<a href='https://hf.co/HuggingFaceTB/SmolLM2-135M'>HuggingFaceTB/SmolLM2-135M</a>,ğŸ§ ,3.77@@3.77,134515008.0,49152.0,8192.0,âœ“,âœ—,0.65 Â± 1.50 / 18.82 Â± 2.17@@0.65,17.85 Â± 1.80 / 17.85 Â± 1.80@@17.85,5.26 Â± 0.98 / 1.69 Â± 0.56@@5.26,52.39 Â± 1.28 / 7.06 Â± 0.28@@52.39,16.9.0.dev0@@160900,16.9.0.dev0@@160900,16.9.0.dev0@@160900,16.9.0.dev0@@160900
<a href='https://hf.co/LiquidAI/LFM2-350M'>LiquidAI/LFM2-350M</a>,ğŸ“,3.85@@3.85,354483968.0,65536.0,128000.0,âœ—,âœ—,4.14 Â± 2.74 / 28.75 Â± 2.35@@4.14,13.97 Â± 2.47 / 13.97 Â± 2.47@@13.97,6.22 Â± 1.54 / 1.10 Â± 0.66@@6.22,49.85 Â± 0.77 / 5.62 Â± 0.37@@49.85,16.9.0.dev0@@160900,16.9.0.dev0@@160900,16.9.0.dev0@@160900,16.9.0.dev0@@160900
<a href='https://hf.co/PleIAs/Baguettotron'>PleIAs/Baguettotron@refs/pr/6#no-thinking</a>,ğŸ“,4.55@@4.55,320956992.0,65536.0,4096.0,âœ“,âœ—,-0.69 Â± 2.01 / 26.42 Â± 2.17@@-0.69,3.78 Â± 1.22 / 3.78 Â± 1.22@@3.78,1.78 Â± 0.31 / 0.00 Â± 0.00@@1.78,36.87 Â± 0.93 / 1.21 Â± 0.25@@36.87,16.10.1.dev0@@161001,16.10.1.dev0@@161001,16.10.1.dev0@@161001,16.10.1.dev0@@161001
<a href='https://hf.co/PleIAs/Monad'>PleIAs/Monad</a>,ğŸ§ ,4.69@@4.69,56656128.0,8192.0,2048.0,âœ“,âœ—,0.24 Â± 2.02 / 18.47 Â± 1.60@@0.24,0.00 Â± 0.00 / 0.00 Â± 0.00@@0.00,0.94 Â± 0.15 / 0.00 Â± 0.00@@0.94,33.82 Â± 0.39 / 1.35 Â± 0.08@@33.82,16.10.1.dev0@@161001,16.10.1.dev0@@161001,16.10.1.dev0@@161001,16.10.1.dev0@@161001
<a href='https://hf.co/PleIAs/Baguettotron'>PleIAs/Baguettotron@refs/pr/6#thinking</a>,ğŸ¤”,5.80@@5.80,320956992.0,65536.0,4096.0,âœ“,âœ—,0.00 Â± 0.00 / 16.75 Â± 0.30@@0.00,0.00 Â± 0.00 / 0.00 Â± 0.00@@0.00,0.00 Â± 0.00 / 0.00 Â± 0.00@@0.00,0.58 Â± 0.19 / 0.01 Â± 0.00@@0.58,16.10.1.dev0@@161001,16.10.1.dev0@@161001,16.10.1.dev0@@161001,16.10.1.dev0@@161001
<a href='https://hf.co/FacebookAI/xlm-roberta-large'>FacebookAI/xlm-roberta-large</a>,ğŸ”,-@@100,561192082.0,250002.0,512.0,âœ“,âœ—,17.82 Â± 10.01 / 37.68 Â± 10.00@@17.82,83.89 Â± 0.84 / 83.89 Â± 0.84@@83.89,36.22 Â± 1.21 / 28.63 Â± 1.14@@36.22,-@@-1,16.9.0.dev0@@160900,16.9.0.dev0@@160900,16.9.0.dev0@@160900,-@@0
<a href='https://hf.co/EuropeanParliament/EUBERT'>EuropeanParliament/EUBERT</a>,ğŸ”,-@@100,93990500.0,65636.0,512.0,âœ“,âœ—,17.32 Â± 1.59 / 42.76 Â± 1.53@@17.32,63.38 Â± 1.85 / 63.38 Â± 1.85@@63.38,12.34 Â± 3.68 / 8.69 Â± 3.39@@12.34,-@@-1,16.9.0.dev0@@160900,16.9.0.dev0@@160900,16.9.0.dev0@@160900,-@@0
<a href='https://hf.co/EuroBERT/EuroBERT-610m'>EuroBERT/EuroBERT-610m</a>,ğŸ”,-@@100,755625600.0,128256.0,8192.0,âœ“,âœ—,13.15 Â± 3.07 / 36.02 Â± 4.23@@13.15,47.79 Â± 5.54 / 47.82 Â± 5.55@@47.79,30.96 Â± 1.18 / 23.82 Â± 1.43@@30.96,-@@-1,16.9.0.dev0@@160900,16.9.0.dev0@@160900,16.9.0.dev0@@160900,-@@0
<a href='https://hf.co/EuroBERT/EuroBERT-210m'>EuroBERT/EuroBERT-210m</a>,ğŸ”,-@@100,310266624.0,128256.0,8192.0,âœ“,âœ—,14.46 Â± 1.37 / 39.54 Â± 2.03@@14.46,48.60 Â± 5.36 / 48.61 Â± 5.35@@48.60,25.41 Â± 1.52 / 18.97 Â± 1.40@@25.41,-@@-1,16.9.0.dev0@@160900,16.9.0.dev0@@160900,16.9.0.dev0@@160900,-@@0
<a href='https://hf.co/Geotrend/distilbert-base-25lang-cased'>Geotrend/distilbert-base-25lang-cased</a>,ğŸ”,-@@100,108867577.0,84985.0,512.0,âœ“,âœ—,19.74 Â± 4.12 / 43.44 Â± 5.89@@19.74,80.19 Â± 0.92 / 80.19 Â± 0.92@@80.19,6.34 Â± 1.09 / 2.58 Â± 1.06@@6.34,-@@-1,16.8.0.dev0@@160800,16.8.0.dev0@@160800,16.8.0.dev0@@160800,-@@0
<a href='https://hf.co/PleIAs/Baguettotron'>PleIAs/Baguettotron@refs/pr/6</a>,ğŸ¤”,-@@100,320956992.0,65536.0,4096.0,âœ“,âœ—,0.00 Â± 0.00 / 16.75 Â± 0.30@@0.00,0.00 Â± 0.00 / 0.00 Â± 0.00@@0.00,-@@-1,26.98 Â± 2.43 / 0.67 Â± 0.11@@26.98,16.10.1.dev0@@161001,16.7.1@@160701,-@@0,16.7.1@@160701
<a href='https://hf.co/sentence-transformers/paraphrase-multilingual-MiniLM-L12-v2'>sentence-transformers/paraphrase-multilingual-MiniLM-L12-v2</a>,ğŸ”,-@@100,117654272.0,250037.0,512.0,âœ“,âœ—,27.47 Â± 6.36 / 48.87 Â± 6.71@@27.47,72.71 Â± 0.82 / 72.71 Â± 0.82@@72.71,2.40 Â± 1.98 / 1.43 Â± 1.24@@2.40,-@@-1,16.8.0.dev0@@160800,16.8.0.dev0@@160800,16.8.0.dev0@@160800,-@@0
<a href='https://hf.co/google/rembert'>google/rembert</a>,ğŸ”,-@@100,574602505.0,250300.0,512.0,âœ“,âœ—,9.44 Â± 2.14 / 36.52 Â± 1.85@@9.44,76.46 Â± 0.95 / 76.46 Â± 0.95@@76.46,36.70 Â± 1.22 / 29.07 Â± 1.39@@36.70,-@@-1,16.8.0.dev0@@160800,16.8.0.dev0@@160800,16.8.0.dev0@@160800,-@@0
<a href='https://hf.co/answerdotai/ModernBERT-base'>answerdotai/ModernBERT-base</a>,ğŸ”,-@@100,149655232.0,50368.0,8192.0,âœ“,âœ—,13.38 Â± 2.63 / 41.06 Â± 2.03@@13.38,56.42 Â± 2.21 / 56.42 Â± 2.21@@56.42,21.15 Â± 2.03 / 14.79 Â± 1.77@@21.15,-@@-1,16.8.0.dev0@@160800,16.8.0.dev0@@160800,16.8.0.dev0@@160800,-@@0
<a href='https://hf.co/microsoft/mdeberta-v3-base'>microsoft/mdeberta-v3-base</a>,ğŸ”,-@@100,278225673.0,251000.0,512.0,âœ“,âœ—,20.25 Â± 9.01 / 40.45 Â± 9.07@@20.25,78.51 Â± 1.93 / 78.51 Â± 1.93@@78.51,21.16 Â± 1.31 / 16.04 Â± 0.73@@21.16,-@@-1,16.8.0.dev0@@160800,16.8.0.dev0@@160800,16.8.0.dev0@@160800,-@@0
<a href='https://hf.co/answerdotai/ModernBERT-large'>answerdotai/ModernBERT-large</a>,ğŸ”,-@@100,395881664.0,50368.0,8192.0,âœ“,âœ—,8.96 Â± 2.31 / 37.54 Â± 2.10@@8.96,55.08 Â± 2.15 / 55.08 Â± 2.15@@55.08,22.02 Â± 1.10 / 15.65 Â± 1.24@@22.02,-@@-1,16.8.0.dev0@@160800,16.8.0.dev0@@160800,16.8.0.dev0@@160800,-@@0
fresh-electra-small,ğŸ”,-@@100,13738755.0,32000.0,128.0,âœ“,âœ—,1.41 Â± 2.65 / 21.11 Â± 4.61@@1.41,23.90 Â± 3.08 / 23.90 Â± 3.08@@23.90,0.00 Â± 0.00 / 0.00 Â± 0.00@@0.00,-@@-1,16.8.0.dev0@@160800,16.8.0.dev0@@160800,16.8.0.dev0@@160800,-@@0
fresh-xlm-roberta-base,ğŸ”,-@@100,278885778.0,250002.0,512.0,âœ“,âœ—,6.67 Â± 2.91 / 25.30 Â± 5.45@@6.67,22.05 Â± 3.60 / 22.05 Â± 3.60@@22.05,0.03 Â± 0.06 / 0.00 Â± 0.00@@0.03,-@@-1,16.8.0.dev0@@160800,16.8.0.dev0@@160800,16.8.0.dev0@@160800,-@@0
<a href='https://hf.co/jhu-clsp/mmBERT-small'>jhu-clsp/mmBERT-small</a>,ğŸ”,-@@100,140645001.0,256000.0,8192.0,âœ“,âœ—,19.49 Â± 2.29 / 45.36 Â± 1.67@@19.49,74.39 Â± 1.33 / 74.39 Â± 1.33@@74.39,31.27 Â± 1.33 / 24.20 Â± 1.00@@31.27,-@@-1,16.8.0.dev0@@160800,16.8.0.dev0@@160800,16.8.0.dev0@@160800,-@@0
<a href='https://hf.co/jhu-clsp/mmBERT-base'>jhu-clsp/mmBERT-base</a>,ğŸ”,-@@100,307537161.0,256000.0,8192.0,âœ“,âœ—,26.15 Â± 2.52 / 49.55 Â± 2.16@@26.15,76.56 Â± 1.62 / 76.56 Â± 1.62@@76.56,35.68 Â± 0.69 / 27.85 Â± 0.90@@35.68,-@@-1,16.8.0.dev0@@160800,16.8.0.dev0@@160800,16.8.0.dev0@@160800,-@@0
<a href='https://hf.co/intfloat/multilingual-e5-large'>intfloat/multilingual-e5-large</a>,ğŸ”,-@@100,559890946.0,250002.0,512.0,âœ“,âœ—,46.16 Â± 1.33 / 62.48 Â± 1.47@@46.16,84.87 Â± 0.90 / 84.87 Â± 0.90@@84.87,37.45 Â± 1.15 / 28.95 Â± 1.71@@37.45,-@@-1,16.8.0.dev0@@160800,16.8.0.dev0@@160800,16.8.0.dev0@@160800,-@@0
<a href='https://hf.co/intfloat/multilingual-e5-base'>intfloat/multilingual-e5-base</a>,ğŸ”,-@@100,278044162.0,250002.0,512.0,âœ“,âœ—,39.55 Â± 2.35 / 58.91 Â± 1.78@@39.55,84.29 Â± 1.11 / 84.29 Â± 1.11@@84.29,25.77 Â± 1.99 / 18.96 Â± 2.11@@25.77,-@@-1,16.8.0.dev0@@160800,16.8.0.dev0@@160800,16.8.0.dev0@@160800,-@@0
<a href='https://hf.co/setu4993/LaBSE'>setu4993/LaBSE</a>,ğŸ”,-@@100,470927360.0,501153.0,512.0,âœ“,âœ—,39.55 Â± 1.90 / 58.93 Â± 1.18@@39.55,84.73 Â± 0.76 / 84.73 Â± 0.76@@84.73,32.82 Â± 1.04 / 25.76 Â± 1.15@@32.82,-@@-1,16.8.0.dev0@@160800,16.8.0.dev0@@160800,16.8.0.dev0@@160800,-@@0
<a href='https://hf.co/AI-Sweden-Models/ModernBERT-large'>AI-Sweden-Models/ModernBERT-large</a>,ğŸ”,-@@100,395881664.0,50368.0,8192.0,âœ“,âœ—,12.04 Â± 2.18 / 39.03 Â± 2.42@@12.04,49.43 Â± 1.68 / 49.43 Â± 1.68@@49.43,30.94 Â± 1.18 / 24.33 Â± 1.31@@30.94,-@@-1,16.8.0.dev0@@160800,16.8.0.dev0@@160800,16.8.0.dev0@@160800,-@@0
