<span style='font-size: 12px; font-weight: normal; opacity: 0.6;'>Task Type</span>,<span style='visibility: hidden;'>dummy</span>,,,,,,,<a id=8 href='https://euroeval.com/tasks/sentiment-classification/' style='font-size: 12px; font-weight: normal; color: Grey; text-decoration: underline;'>Sentiment classification</a>,<a id=9 href='https://euroeval.com/tasks/named-entity-recognition/' style='font-size: 12px; font-weight: normal; color: Grey; text-decoration: underline;'>Named entity recognition</a>,<a id=10 href='https://euroeval.com/tasks/linguistic-acceptability/' style='font-size: 12px; font-weight: normal; color: Grey; text-decoration: underline;'>Linguistic acceptability</a>,<a id=11 href='https://euroeval.com/tasks/reading-comprehension/' style='font-size: 12px; font-weight: normal; color: Grey; text-decoration: underline;'>Reading comprehension</a>,<a id=12 href='https://euroeval.com/tasks/knowledge/' style='font-size: 12px; font-weight: normal; color: Grey; text-decoration: underline;'>Knowledge</a>,<a id=13 href='https://euroeval.com/tasks/common-sense-reasoning/' style='font-size: 12px; font-weight: normal; color: Grey; text-decoration: underline;'>Common sense reasoning</a>,<span style='visibility: hidden;'>hidden</span>,,,,,
Model,Type,Rank,Parameters,Vocabulary,Context,Commercial,Merge,<a href='https://euroeval.com/datasets/bulgarian#cinexio'>cinexio</a>,<a href='https://euroeval.com/datasets/bulgarian#bg-ner-bsnlp'>bg_ner_bsnlp</a>,<a href='https://euroeval.com/datasets/bulgarian#scala-bg'>scala_bg</a>,<a href='https://euroeval.com/datasets/bulgarian#multi-wiki-qa-bg'>multi_wiki_qa_bg</a>,<a href='https://euroeval.com/datasets/bulgarian#exams-bg'>exams_bg</a>,<a href='https://euroeval.com/datasets/bulgarian#winogrande-bg'>winogrande_bg</a>,cinexio_version,bg_ner_bsnlp_version,scala_bg_version,multi_wiki_qa_bg_version,exams_bg_version,winogrande_bg_version
"<a href='https://ai.google.dev/gemini-api/docs/models#gemini-3-pro-preview'>gemini/gemini-3-pro-preview (zero-shot, val)</a>",ğŸ¤”,1.15@@1.15,?,256128.0,1048576.0,âœ“,âœ—,52.56 Â± 2.56 / 58.71 Â± 1.27@@52.56,86.25 Â± 0.78 / 77.10 Â± 0.73@@86.25,83.73 Â± 2.64 / 91.50 Â± 1.42@@83.73,68.53 Â± 0.82 / 34.63 Â± 0.77@@68.53,78.76 Â± 4.23 / 83.72 Â± 3.38@@78.76,76.99 Â± 3.67 / 88.67 Â± 1.84@@76.99,16.7.1.dev0@@160701,16.7.1.dev0@@160701,16.7.1.dev0@@160701,16.7.1.dev0@@160701,16.7.1.dev0@@160701,16.7.1.dev0@@160701
"<a href='https://ai.google.dev/gemini-api/docs/models#gemini-3-flash-preview'>gemini/gemini-3-flash-preview#no-thinking (zero-shot, val)</a>",ğŸ“,1.20@@1.20,?,256128.0,1048576.0,âœ“,âœ—,55.23 Â± 1.89 / 61.67 Â± 1.19@@55.23,90.84 Â± 0.87 / 77.30 Â± 1.05@@90.84,74.59 Â± 2.06 / 86.24 Â± 1.31@@74.59,65.83 Â± 1.15 / 28.58 Â± 1.22@@65.83,80.16 Â± 4.02 / 84.68 Â± 3.26@@80.16,72.26 Â± 3.18 / 86.64 Â± 1.54@@72.26,16.9.0.dev0@@160900,16.9.0.dev0@@160900,16.9.0.dev0@@160900,16.9.0.dev0@@160900,16.9.0.dev0@@160900,16.9.0.dev0@@160900
"<a href='https://ai.google.dev/gemini-api/docs/models#gemini-3-flash-preview'>gemini/gemini-3-flash-preview#thinking (zero-shot, val)</a>",ğŸ¤”,1.20@@1.20,?,256128.0,1048576.0,âœ“,âœ—,53.70 Â± 2.15 / 60.72 Â± 1.14@@53.70,91.74 Â± 0.59 / 77.93 Â± 1.07@@91.74,79.40 Â± 3.06 / 89.45 Â± 1.62@@79.40,65.64 Â± 1.16 / 28.16 Â± 1.22@@65.64,78.76 Â± 4.23 / 83.72 Â± 3.38@@78.76,70.56 Â± 6.04 / 86.17 Â± 2.92@@70.56,16.9.0.dev0@@160900,16.9.0.dev0@@160900,16.9.0.dev0@@160900,16.9.0.dev0@@160900,16.9.0.dev0@@160900,16.9.0.dev0@@160900
"<a href='https://platform.openai.com/docs/models/gpt-5'>gpt-5-2025-08-07 (zero-shot, val)</a>",ğŸ¤”,1.22@@1.22,?,100256.0,272000.0,âœ“,âœ—,52.85 Â± 2.73 / 57.56 Â± 2.14@@52.85,91.85 Â± 0.61 / 84.03 Â± 0.94@@91.85,67.30 Â± 2.31 / 83.50 Â± 1.13@@67.30,67.73 Â± 0.97 / 35.80 Â± 1.23@@67.73,78.29 Â± 4.07 / 83.30 Â± 3.25@@78.29,75.09 Â± 3.03 / 87.58 Â± 1.67@@75.09,16.5.0.dev0@@160500,16.5.0.dev0@@160500,16.5.0.dev0@@160500,16.5.0.dev0@@160500,16.5.0.dev0@@160500,16.5.0.dev0@@160500
"<a href='https://ai.google.dev/gemini-api/docs/models#gemini-2.5-pro'>gemini/gemini-2.5-pro (zero-shot, val)</a>",ğŸ¤”,1.26@@1.26,?,256128.0,1048576.0,âœ“,âœ—,51.76 Â± 2.11 / 58.00 Â± 1.38@@51.76,87.16 Â± 0.98 / 76.36 Â± 0.83@@87.16,72.75 Â± 2.27 / 86.01 Â± 1.26@@72.75,65.79 Â± 1.41 / 28.65 Â± 1.66@@65.79,76.88 Â± 4.36 / 82.23 Â± 3.48@@76.88,70.35 Â± 3.64 / 86.02 Â± 1.67@@70.35,16.5.0.dev0@@160500,16.5.0.dev0@@160500,16.5.0.dev0@@160500,16.5.0.dev0@@160500,16.5.0.dev0@@160500,16.5.0.dev0@@160500
"<a href='https://ai.google.dev/gemini-api/docs/models#gemini-2.5-flash'>gemini/gemini-2.5-flash#thinking (zero-shot, val)</a>",ğŸ¤”,1.27@@1.27,?,256128.0,1048576.0,âœ“,âœ—,55.28 Â± 2.26 / 60.40 Â± 1.39@@55.28,89.73 Â± 0.83 / 81.13 Â± 1.01@@89.73,76.70 Â± 2.34 / 87.86 Â± 1.31@@76.70,67.68 Â± 1.33 / 38.98 Â± 1.40@@67.68,76.32 Â± 4.25 / 81.81 Â± 3.37@@76.32,60.50 Â± 4.35 / 81.41 Â± 2.09@@60.50,16.5.0.dev0@@160500,16.5.0.dev0@@160500,16.5.0.dev0@@160500,16.5.0.dev0@@160500,16.5.0.dev0@@160500,16.5.0.dev0@@160500
"<a href='https://docs.anthropic.com/en/docs/about-claude'>claude-sonnet-4-5-20250929#thinking (zero-shot, val)</a>",ğŸ¤”,1.28@@1.28,?,?,200000.0,âœ“,âœ—,53.45 Â± 2.29 / 59.53 Â± 1.23@@53.45,92.14 Â± 0.69 / 88.86 Â± 0.52@@92.14,67.95 Â± 3.15 / 83.58 Â± 1.62@@67.95,69.01 Â± 0.88 / 35.73 Â± 1.29@@69.01,69.57 Â± 4.27 / 76.91 Â± 3.41@@69.57,79.86 Â± 4.52 / 90.39 Â± 2.18@@79.86,16.5.0.dev0@@160500,16.5.0.dev0@@160500,16.5.0.dev0@@160500,16.5.0.dev0@@160500,16.5.0.dev0@@160500,16.5.0.dev0@@160500
"<a href='https://platform.openai.com/docs/models/gpt-5-mini'>gpt-5-mini-2025-08-07 (zero-shot, val)</a>",ğŸ¤”,1.40@@1.40,?,100256.0,272000.0,âœ“,âœ—,52.59 Â± 2.05 / 59.19 Â± 1.29@@52.59,82.40 Â± 1.19 / 68.93 Â± 1.29@@82.40,68.28 Â± 2.58 / 83.76 Â± 1.33@@68.28,70.08 Â± 0.98 / 39.74 Â± 1.17@@70.08,69.51 Â± 3.94 / 76.91 Â± 3.09@@69.51,73.26 Â± 2.57 / 87.42 Â± 1.15@@73.26,16.5.0.dev0@@160500,16.5.0.dev0@@160500,16.5.0.dev0@@160500,16.5.0.dev0@@160500,16.5.0.dev0@@160500,16.5.0.dev0@@160500
"<a href='https://platform.openai.com/docs/models/gpt-4.1'>gpt-4.1-2025-04-14 (zero-shot, val)</a>",ğŸ“,1.42@@1.42,?,?,1047576.0,âœ“,âœ—,56.99 Â± 1.79 / 63.99 Â± 1.26@@56.99,82.32 Â± 0.75 / 72.09 Â± 0.69@@82.32,73.45 Â± 2.56 / 85.89 Â± 1.39@@73.45,67.27 Â± 1.07 / 33.02 Â± 1.24@@67.27,71.39 Â± 3.97 / 78.09 Â± 3.10@@71.39,54.51 Â± 5.37 / 77.73 Â± 2.40@@54.51,16.5.0.dev0@@160500,16.5.0.dev0@@160500,16.5.0.dev0@@160500,16.5.0.dev0@@160500,16.5.0.dev0@@160500,16.5.0.dev0@@160500
"<a href='https://ai.google.dev/gemini-api/docs/models#gemini-2.5-flash-lite'>gemini/gemini-2.5-flash-lite#thinking (zero-shot, val)</a>",ğŸ¤”,1.46@@1.46,?,256128.0,1048576.0,âœ“,âœ—,55.28 Â± 2.55 / 62.28 Â± 1.65@@55.28,85.97 Â± 0.67 / 76.28 Â± 0.89@@85.97,75.58 Â± 2.84 / 87.44 Â± 1.47@@75.58,66.24 Â± 1.81 / 34.40 Â± 1.70@@66.24,75.00 Â± 4.04 / 80.85 Â± 3.23@@75.00,45.04 Â± 5.92 / 74.22 Â± 2.92@@45.04,16.5.0.dev0@@160500,16.5.0.dev0@@160500,16.5.0.dev0@@160500,16.5.0.dev0@@160500,16.5.0.dev0@@160500,16.5.0.dev0@@160500
"<a href='https://platform.openai.com/docs/models/gpt-5.2'>gpt-5.2-2025-12-11 (zero-shot, val)</a>",ğŸ¤”,1.46@@1.46,?,?,?,âœ“,âœ—,56.92 Â± 2.18 / 64.31 Â± 1.37@@56.92,78.94 Â± 1.20 / 69.08 Â± 1.05@@78.94,77.04 Â± 2.98 / 88.22 Â± 1.61@@77.04,70.33 Â± 0.70 / 37.60 Â± 0.66@@70.33,71.84 Â± 4.08 / 78.30 Â± 3.31@@71.84,45.84 Â± 5.46 / 73.52 Â± 2.58@@45.84,16.8.0.dev0@@160800,16.8.0.dev0@@160800,16.8.0.dev0@@160800,16.8.0.dev0@@160800,16.8.0.dev0@@160800,16.8.0.dev0@@160800
"<a href='https://docs.anthropic.com/en/docs/about-claude'>claude-sonnet-4-5-20250929#no-thinking (zero-shot, val)</a>",ğŸ“,1.53@@1.53,?,?,200000.0,âœ“,âœ—,56.60 Â± 2.24 / 63.52 Â± 1.29@@56.60,86.56 Â± 1.16 / 83.94 Â± 0.98@@86.56,42.05 Â± 2.50 / 63.54 Â± 1.36@@42.05,71.69 Â± 1.21 / 40.80 Â± 0.94@@71.69,69.63 Â± 3.68 / 76.81 Â± 2.83@@69.63,67.42 Â± 4.43 / 82.19 Â± 2.45@@67.42,16.5.0.dev0@@160500,16.5.0.dev0@@160500,16.5.0.dev0@@160500,16.5.0.dev0@@160500,16.5.0.dev0@@160500,16.5.0.dev0@@160500
"<a href='https://platform.openai.com/docs/models/gpt-5-nano'>gpt-5-nano-2025-08-07 (zero-shot, val)</a>",ğŸ¤”,1.66@@1.66,?,100256.0,272000.0,âœ“,âœ—,52.98 Â± 2.29 / 58.73 Â± 1.65@@52.98,90.26 Â± 0.62 / 83.45 Â± 0.69@@90.26,62.33 Â± 2.69 / 80.51 Â± 1.33@@62.33,69.30 Â± 1.21 / 38.16 Â± 0.91@@69.30,62.68 Â± 4.64 / 72.02 Â± 3.50@@62.68,41.02 Â± 5.11 / 72.03 Â± 2.34@@41.02,16.5.0.dev0@@160500,16.5.0.dev0@@160500,16.5.0.dev0@@160500,16.5.0.dev0@@160500,16.5.0.dev0@@160500,16.5.0.dev0@@160500
"<a href='https://ai.google.dev/gemini-api/docs/models#gemini-2.5-flash'>gemini/gemini-2.5-flash#no-thinking (zero-shot, val)</a>",ğŸ“,1.68@@1.68,?,256128.0,1048576.0,âœ“,âœ—,52.16 Â± 2.19 / 59.27 Â± 1.25@@52.16,84.76 Â± 1.10 / 75.69 Â± 0.91@@84.76,57.69 Â± 2.50 / 78.78 Â± 1.28@@57.69,68.84 Â± 1.00 / 40.91 Â± 1.49@@68.84,67.30 Â± 4.85 / 74.47 Â± 3.84@@67.30,43.67 Â± 4.13 / 73.91 Â± 2.07@@43.67,16.5.0.dev0@@160500,16.5.0.dev0@@160500,16.5.0.dev0@@160500,16.5.0.dev0@@160500,16.5.0.dev0@@160500,16.5.0.dev0@@160500
"<a href='https://docs.anthropic.com/en/docs/about-claude'>claude-haiku-4-5-20251001 (zero-shot, val)</a>",ğŸ¤”,1.83@@1.83,?,?,200000.0,âœ“,âœ—,53.28 Â± 2.19 / 58.62 Â± 1.46@@53.28,76.96 Â± 0.51 / 69.97 Â± 1.09@@76.96,47.54 Â± 3.35 / 71.02 Â± 1.81@@47.54,72.33 Â± 1.45 / 39.06 Â± 1.08@@72.33,60.24 Â± 4.68 / 69.57 Â± 3.52@@60.24,42.05 Â± 5.46 / 71.64 Â± 2.80@@42.05,16.5.0.dev0@@160500,16.5.0.dev0@@160500,16.5.0.dev0@@160500,16.5.0.dev0@@160500,16.5.0.dev0@@160500,16.5.0.dev0@@160500
"<a href='https://platform.openai.com/docs/models/gpt-4.1-mini'>gpt-4.1-mini-2025-04-14 (zero-shot, val)</a>",ğŸ“,1.84@@1.84,?,?,1047576.0,âœ“,âœ—,50.17 Â± 2.33 / 58.23 Â± 1.20@@50.17,71.55 Â± 1.21 / 54.11 Â± 1.21@@71.55,61.16 Â± 2.28 / 79.54 Â± 1.28@@61.16,72.56 Â± 1.38 / 39.82 Â± 1.31@@72.56,65.34 Â± 4.45 / 73.30 Â± 3.51@@65.34,32.31 Â± 3.90 / 67.11 Â± 1.92@@32.31,16.5.0.dev0@@160500,16.5.0.dev0@@160500,16.5.0.dev0@@160500,16.5.0.dev0@@160500,16.5.0.dev0@@160500,16.5.0.dev0@@160500
"<a href='https://ai.google.dev/gemini-api/docs/models#gemini-2.5-flash-lite'>gemini/gemini-2.5-flash-lite#no-thinking (zero-shot, val)</a>",ğŸ“,1.89@@1.89,?,256128.0,1048576.0,âœ“,âœ—,57.04 Â± 1.75 / 67.13 Â± 0.39@@57.04,69.85 Â± 0.93 / 54.91 Â± 1.06@@69.85,52.13 Â± 3.90 / 72.04 Â± 2.30@@52.13,67.30 Â± 1.43 / 36.27 Â± 1.35@@67.30,66.78 Â± 5.41 / 74.47 Â± 4.24@@66.78,28.96 Â± 4.42 / 64.77 Â± 2.39@@28.96,16.5.0.dev0@@160500,16.5.0.dev0@@160500,16.5.0.dev0@@160500,16.5.0.dev0@@160500,16.5.0.dev0@@160500,16.5.0.dev0@@160500
<a href='https://hf.co/mistralai/Voxtral-Small-24B-2507'>mistralai/Voxtral-Small-24B-2507</a>,ğŸ“,2.24@@2.24,24261800960.0,131072.0,8192.0,âœ“,âœ—,31.57 Â± 1.78 / 48.84 Â± 1.22@@31.57,79.25 Â± 1.51 / 72.23 Â± 1.40@@79.25,54.03 Â± 1.45 / 76.78 Â± 0.77@@54.03,77.18 Â± 1.69 / 54.63 Â± 2.78@@77.18,20.07 Â± 0.99 / 35.07 Â± 0.85@@20.07,50.05 Â± 1.81 / 75.03 Â± 0.91@@50.05,16.7.0.dev0@@160700,16.7.0.dev0@@160700,16.7.0.dev0@@160700,16.7.0.dev0@@160700,16.7.0.dev0@@160700,16.7.0.dev0@@160700
<a href='https://hf.co/Qwen/Qwen3-32B'>Qwen/Qwen3-32B#no-thinking</a>,ğŸ“,2.25@@2.25,32762123264.0,151936.0,40960.0,âœ“,âœ—,32.46 Â± 1.51 / 50.55 Â± 0.88@@32.46,74.17 Â± 1.46 / 65.91 Â± 1.56@@74.17,62.06 Â± 1.43 / 80.98 Â± 0.73@@62.06,74.60 Â± 0.77 / 46.17 Â± 1.05@@74.60,20.32 Â± 1.26 / 36.84 Â± 0.81@@20.32,45.83 Â± 1.37 / 72.86 Â± 0.70@@45.83,16.7.0.dev0@@160700,16.7.0.dev0@@160700,16.7.0.dev0@@160700,16.7.0.dev0@@160700,16.7.0.dev0@@160700,16.7.0.dev0@@160700
<a href='https://hf.co/google/gemma-3-27b-it'>google/gemma-3-27b-it</a>,ğŸ“,2.26@@2.26,27432406640.0,262144.0,8192.0,âœ“,âœ—,29.57 Â± 1.43 / 48.65 Â± 0.94@@29.57,81.96 Â± 1.47 / 72.42 Â± 1.20@@81.96,64.86 Â± 3.34 / 82.20 Â± 1.91@@64.86,67.95 Â± 2.07 / 37.45 Â± 2.68@@67.95,20.98 Â± 0.75 / 36.07 Â± 0.88@@20.98,46.88 Â± 2.05 / 73.35 Â± 1.05@@46.88,16.7.0.dev0@@160700,16.7.0.dev0@@160700,16.7.0.dev0@@160700,16.7.0.dev0@@160700,16.7.0.dev0@@160700,16.7.0.dev0@@160700
<a href='https://hf.co/google/gemma-3-27b-pt'>google/gemma-3-27b-pt</a>,ğŸ§ ,2.27@@2.27,27432406640.0,262144.0,8192.0,âœ“,âœ—,31.58 Â± 2.30 / 49.57 Â± 1.28@@31.58,72.04 Â± 1.68 / 68.35 Â± 1.20@@72.04,65.19 Â± 2.26 / 82.32 Â± 1.19@@65.19,78.42 Â± 1.25 / 55.53 Â± 1.95@@78.42,22.08 Â± 0.79 / 35.81 Â± 1.29@@22.08,43.75 Â± 2.35 / 71.78 Â± 1.11@@43.75,16.7.0.dev0@@160700,16.7.0.dev0@@160700,16.7.0.dev0@@160700,16.7.0.dev0@@160700,16.7.0.dev0@@160700,16.7.0.dev0@@160700
<a href='https://hf.co/mistralai/Mistral-Small-3.2-24B-Instruct-2506'>mistralai/Mistral-Small-3.2-24B-Instruct-2506</a>,ğŸ“,2.29@@2.29,24011361280.0,131072.0,8192.0,âœ“,âœ—,30.25 Â± 1.88 / 48.63 Â± 1.32@@30.25,79.65 Â± 1.85 / 73.06 Â± 1.61@@79.65,52.75 Â± 1.39 / 75.95 Â± 0.85@@52.75,79.74 Â± 1.15 / 56.58 Â± 2.16@@79.74,20.69 Â± 0.74 / 34.97 Â± 1.10@@20.69,45.21 Â± 2.75 / 72.59 Â± 1.39@@45.21,16.7.0.dev0@@160700,16.7.0.dev0@@160700,16.7.0.dev0@@160700,16.7.0.dev0@@160700,16.7.0.dev0@@160700,16.7.0.dev0@@160700
<a href='https://hf.co/meta-llama/Llama-3.1-70B'>meta-llama/Llama-3.1-70B</a>,ğŸ§ ,2.32@@2.32,70553706496.0,128256.0,131072.0,âœ“,âœ—,27.86 Â± 1.01 / 47.40 Â± 0.72@@27.86,79.25 Â± 1.12 / 73.60 Â± 1.11@@79.25,46.76 Â± 4.78 / 71.19 Â± 4.05@@46.76,77.58 Â± 1.60 / 51.65 Â± 2.37@@77.58,20.64 Â± 0.85 / 36.82 Â± 0.96@@20.64,49.44 Â± 1.53 / 74.69 Â± 0.76@@49.44,16.7.0.dev0@@160700,16.7.0.dev0@@160700,16.7.0.dev0@@160700,16.7.0.dev0@@160700,16.7.0.dev0@@160700,16.7.0.dev0@@160700
<a href='https://hf.co/google/gemma-3-12b-pt'>google/gemma-3-12b-pt</a>,ğŸ§ ,2.35@@2.35,12187325040.0,262144.0,8192.0,âœ“,âœ—,36.64 Â± 1.90 / 51.72 Â± 0.84@@36.64,61.07 Â± 2.33 / 55.86 Â± 2.61@@61.07,58.70 Â± 2.87 / 77.69 Â± 2.40@@58.70,77.91 Â± 1.92 / 58.18 Â± 2.39@@77.91,20.60 Â± 1.20 / 36.47 Â± 1.10@@20.60,40.02 Â± 1.69 / 69.99 Â± 0.85@@40.02,16.7.0.dev0@@160700,16.7.0.dev0@@160700,16.7.0.dev0@@160700,16.7.0.dev0@@160700,16.7.0.dev0@@160700,16.7.0.dev0@@160700
<a href='https://hf.co/mistralai/Mistral-Small-3.1-24B-Instruct-2503'>mistralai/Mistral-Small-3.1-24B-Instruct-2503</a>,ğŸ“,2.36@@2.36,24011361280.0,131072.0,8192.0,âœ“,âœ—,26.66 Â± 1.54 / 46.53 Â± 1.37@@26.66,79.50 Â± 1.90 / 73.12 Â± 1.52@@79.50,46.75 Â± 1.70 / 71.14 Â± 1.53@@46.75,76.80 Â± 1.38 / 52.12 Â± 2.14@@76.80,20.24 Â± 0.81 / 34.92 Â± 1.04@@20.24,44.70 Â± 2.03 / 72.31 Â± 1.05@@44.70,16.7.0.dev0@@160700,16.7.0.dev0@@160700,16.7.0.dev0@@160700,16.7.0.dev0@@160700,16.7.0.dev0@@160700,16.7.0.dev0@@160700
"<a href='https://platform.openai.com/docs/models/gpt-4.1-nano'>gpt-4.1-nano-2025-04-14 (zero-shot, val)</a>",ğŸ“,2.38@@2.38,?,?,1047576.0,âœ“,âœ—,55.34 Â± 1.81 / 63.85 Â± 0.98@@55.34,56.19 Â± 1.59 / 48.36 Â± 1.82@@56.19,42.32 Â± 1.98 / 68.08 Â± 1.45@@42.32,59.41 Â± 1.04 / 25.87 Â± 1.46@@59.41,46.91 Â± 5.21 / 59.36 Â± 4.00@@46.91,14.90 Â± 3.39 / 61.80 Â± 1.98@@14.90,16.5.0.dev0@@160500,16.5.0.dev0@@160500,16.5.0.dev0@@160500,16.5.0.dev0@@160500,16.5.0.dev0@@160500,16.5.0.dev0@@160500
<a href='https://hf.co/Qwen/Qwen3-14B'>Qwen/Qwen3-14B#no-thinking</a>,ğŸ“,2.39@@2.39,14768307200.0,151936.0,40960.0,âœ“,âœ—,31.96 Â± 1.21 / 49.78 Â± 0.76@@31.96,74.29 Â± 1.64 / 67.36 Â± 1.40@@74.29,51.48 Â± 1.74 / 74.21 Â± 1.19@@51.48,77.08 Â± 0.78 / 52.67 Â± 1.19@@77.08,17.97 Â± 1.23 / 35.68 Â± 0.94@@17.97,39.66 Â± 1.34 / 69.55 Â± 0.62@@39.66,16.7.0.dev0@@160700,16.7.0.dev0@@160700,16.7.0.dev0@@160700,16.7.0.dev0@@160700,16.7.0.dev0@@160700,16.7.0.dev0@@160700
<a href='https://hf.co/google/gemma-3-12b-it'>google/gemma-3-12b-it</a>,ğŸ“,2.39@@2.39,12187325040.0,262144.0,8192.0,âœ“,âœ—,32.17 Â± 2.12 / 50.00 Â± 1.08@@32.17,79.13 Â± 1.41 / 65.38 Â± 2.10@@79.13,58.36 Â± 1.91 / 78.91 Â± 1.09@@58.36,68.51 Â± 1.60 / 37.87 Â± 2.47@@68.51,19.56 Â± 0.82 / 35.26 Â± 0.80@@19.56,32.72 Â± 1.95 / 66.33 Â± 0.97@@32.72,16.7.0.dev0@@160700,16.7.0.dev0@@160700,16.7.0.dev0@@160700,16.7.0.dev0@@160700,16.7.0.dev0@@160700,16.7.0.dev0@@160700
<a href='https://hf.co/mistralai/Mistral-Small-3.1-24B-Base-2503'>mistralai/Mistral-Small-3.1-24B-Base-2503</a>,ğŸ§ ,2.40@@2.40,24011361280.0,131072.0,8192.0,âœ“,âœ—,25.11 Â± 1.25 / 45.35 Â± 1.09@@25.11,76.98 Â± 1.41 / 71.79 Â± 0.96@@76.98,46.97 Â± 4.13 / 71.91 Â± 3.46@@46.97,79.36 Â± 1.25 / 58.33 Â± 1.97@@79.36,20.61 Â± 1.04 / 34.86 Â± 1.01@@20.61,45.37 Â± 2.32 / 72.69 Â± 1.16@@45.37,16.7.0.dev0@@160700,16.7.0.dev0@@160700,16.7.0.dev0@@160700,16.7.0.dev0@@160700,16.7.0.dev0@@160700,16.7.0.dev0@@160700
<a href='https://hf.co/swiss-ai/Apertus-70B-2509'>swiss-ai/Apertus-70B-2509</a>,ğŸ§ ,2.49@@2.49,70599864480.0,131072.0,65536.0,âœ“,âœ—,37.39 Â± 2.16 / 52.07 Â± 0.88@@37.39,60.29 Â± 2.66 / 56.73 Â± 2.18@@60.29,52.97 Â± 2.25 / 75.26 Â± 1.34@@52.97,76.18 Â± 1.89 / 55.03 Â± 2.51@@76.18,20.77 Â± 1.41 / 35.30 Â± 1.11@@20.77,25.76 Â± 2.54 / 62.84 Â± 1.26@@25.76,16.10.1.dev0@@161001,16.10.1.dev0@@161001,16.10.1.dev0@@161001,16.10.1.dev0@@161001,16.10.1.dev0@@161001,16.10.1.dev0@@161001
<a href='https://hf.co/deepcogito/cogito-v1-preview-qwen-32B'>deepcogito/cogito-v1-preview-qwen-32B</a>,ğŸ“,2.54@@2.54,32759790592.0,151665.0,131072.0,âœ“,âœ—,27.57 Â± 1.36 / 47.84 Â± 1.00@@27.57,81.90 Â± 0.57 / 70.50 Â± 1.21@@81.90,54.15 Â± 1.21 / 76.95 Â± 0.64@@54.15,34.26 Â± 0.65 / 0.32 Â± 0.11@@34.26,20.03 Â± 0.67 / 34.77 Â± 0.69@@20.03,48.50 Â± 1.13 / 74.26 Â± 0.56@@48.50,16.7.0.dev0@@160700,16.7.0.dev0@@160700,16.7.0.dev0@@160700,16.7.0.dev0@@160700,16.7.0.dev0@@160700,16.7.0.dev0@@160700
<a href='https://hf.co/Qwen/Qwen2.5-72B-Instruct'>Qwen/Qwen2.5-72B-Instruct</a>,ğŸ“,2.54@@2.54,72706203648.0,152064.0,32768.0,âœ“,âœ—,29.52 Â± 1.23 / 49.08 Â± 0.83@@29.52,76.29 Â± 0.98 / 64.68 Â± 1.29@@76.29,54.65 Â± 1.26 / 76.89 Â± 0.72@@54.65,34.60 Â± 1.05 / 3.91 Â± 1.07@@34.60,21.23 Â± 1.06 / 35.25 Â± 0.79@@21.23,51.02 Â± 1.04 / 75.49 Â± 0.51@@51.02,16.7.0.dev0@@160700,16.7.0.dev0@@160700,16.7.0.dev0@@160700,16.7.0.dev0@@160700,16.7.0.dev0@@160700,16.7.0.dev0@@160700
<a href='https://hf.co/openai/gpt-oss-20b'>openai/gpt-oss-20b#medium</a>,ğŸ¤”,2.55@@2.55,21511953984.0,201088.0,131072.0,âœ“,âœ—,21.81 Â± 0.91 / 41.80 Â± 0.88@@21.81,81.58 Â± 0.44 / 69.36 Â± 0.55@@81.58,44.70 Â± 1.64 / 71.40 Â± 0.87@@44.70,61.08 Â± 0.95 / 29.39 Â± 1.27@@61.08,18.98 Â± 1.01 / 34.61 Â± 0.82@@18.98,42.25 Â± 2.57 / 71.10 Â± 1.32@@42.25,16.6.0.dev0@@160600,16.6.0.dev0@@160600,16.6.0.dev0@@160600,16.6.0.dev0@@160600,16.6.0.dev0@@160600,16.6.0.dev0@@160600
<a href='https://hf.co/speakleash/Bielik-11B-v3-Base-20250730'>speakleash/Bielik-11B-v3-Base-20250730</a>,ğŸ§ ,2.55@@2.55,11168796672.0,32128.0,32768.0,âœ“,âœ—,29.66 Â± 1.88 / 48.14 Â± 1.19@@29.66,68.77 Â± 1.52 / 63.34 Â± 1.74@@68.77,54.20 Â± 2.47 / 75.67 Â± 1.83@@54.20,77.81 Â± 1.36 / 57.95 Â± 2.37@@77.81,15.36 Â± 0.64 / 34.65 Â± 2.14@@15.36,25.51 Â± 1.79 / 61.24 Â± 1.82@@25.51,16.10.0@@161000,16.10.0@@161000,16.10.0@@161000,16.10.0@@161000,16.10.0@@161000,16.10.0@@161000
<a href='https://hf.co/Qwen/Qwen3-4B-Thinking-2507'>Qwen/Qwen3-4B-Thinking-2507</a>,ğŸ¤”,2.56@@2.56,4022468096.0,151936.0,262144.0,âœ“,âœ—,21.67 Â± 0.98 / 41.09 Â± 1.13@@21.67,79.44 Â± 3.43 / 70.39 Â± 2.83@@79.44,35.24 Â± 2.00 / 62.77 Â± 1.57@@35.24,63.62 Â± 0.80 / 37.87 Â± 1.48@@63.62,18.75 Â± 0.72 / 33.28 Â± 0.65@@18.75,49.69 Â± 1.33 / 74.80 Â± 0.67@@49.69,16.4.0.dev0@@160400,16.4.0.dev0@@160400,16.4.0.dev0@@160400,16.4.0.dev0@@160400,16.4.0.dev0@@160400,16.4.0.dev0@@160400
<a href='https://hf.co/speakleash/Bielik-11B-v3.0-Instruct'>speakleash/Bielik-11B-v3.0-Instruct</a>,ğŸ“,2.59@@2.59,11168796672.0,32128.0,32768.0,âœ“,âœ—,28.55 Â± 1.14 / 47.55 Â± 0.84@@28.55,73.23 Â± 1.20 / 64.03 Â± 1.23@@73.23,65.48 Â± 1.17 / 82.36 Â± 0.76@@65.48,36.71 Â± 1.11 / 0.40 Â± 0.12@@36.71,20.01 Â± 0.91 / 33.51 Â± 0.97@@20.01,40.28 Â± 2.01 / 69.85 Â± 1.00@@40.28,16.10.0@@161000,16.10.0@@161000,16.10.0@@161000,16.10.0@@161000,16.10.0@@161000,16.10.0@@161000
<a href='https://hf.co/meta-llama/Llama-3.3-70B-Instruct'>meta-llama/Llama-3.3-70B-Instruct</a>,ğŸ“,2.60@@2.60,70553706496.0,128256.0,131072.0,âœ“,âœ—,27.30 Â± 0.95 / 47.34 Â± 0.75@@27.30,82.19 Â± 0.79 / 70.00 Â± 1.24@@82.19,54.02 Â± 1.85 / 76.77 Â± 0.88@@54.02,22.35 Â± 1.59 / 4.09 Â± 1.29@@22.35,21.51 Â± 0.63 / 35.34 Â± 1.10@@21.51,51.76 Â± 3.63 / 75.12 Â± 2.60@@51.76,16.7.0.dev0@@160700,16.7.0.dev0@@160700,16.7.0.dev0@@160700,16.7.0.dev0@@160700,16.7.0.dev0@@160700,16.7.0.dev0@@160700
<a href='https://hf.co/google/gemma-3n-E4B-it'>google/gemma-3n-E4B-it</a>,ğŸ“,2.62@@2.62,7849978192.0,262400.0,8192.0,âœ“,âœ—,27.52 Â± 0.99 / 47.63 Â± 0.73@@27.52,76.37 Â± 0.83 / 59.56 Â± 0.97@@76.37,47.88 Â± 1.91 / 72.34 Â± 1.62@@47.88,68.97 Â± 1.23 / 39.34 Â± 2.66@@68.97,17.06 Â± 0.86 / 34.99 Â± 0.76@@17.06,24.46 Â± 2.23 / 62.22 Â± 1.15@@24.46,16.7.0.dev0@@160700,16.7.0.dev0@@160700,16.7.0.dev0@@160700,16.7.0.dev0@@160700,16.7.0.dev0@@160700,16.7.0.dev0@@160700
<a href='https://hf.co/Qwen/Qwen3-8B'>Qwen/Qwen3-8B#no-thinking</a>,ğŸ“,2.63@@2.63,8190735360.0,151936.0,40960.0,âœ“,âœ—,31.42 Â± 1.49 / 49.81 Â± 0.88@@31.42,67.55 Â± 1.04 / 54.85 Â± 1.11@@67.55,44.87 Â± 1.64 / 69.04 Â± 1.41@@44.87,71.70 Â± 1.29 / 47.41 Â± 1.88@@71.70,16.61 Â± 0.93 / 34.25 Â± 0.84@@16.61,25.63 Â± 1.64 / 62.81 Â± 0.81@@25.63,16.7.0.dev0@@160700,16.7.0.dev0@@160700,16.7.0.dev0@@160700,16.7.0.dev0@@160700,16.7.0.dev0@@160700,16.7.0.dev0@@160700
<a href='https://hf.co/INSAIT-Institute/MamayLM-Gemma-3-12B-IT-v1.0'>INSAIT-Institute/MamayLM-Gemma-3-12B-IT-v1.0</a>,ğŸ“,2.63@@2.63,12187325040.0,262144.0,8192.0,âœ—,âœ—,32.15 Â± 2.09 / 49.81 Â± 1.22@@32.15,74.81 Â± 1.91 / 60.10 Â± 1.91@@74.81,58.64 Â± 1.48 / 79.01 Â± 0.81@@58.64,22.73 Â± 0.87 / 0.04 Â± 0.06@@22.73,20.15 Â± 1.02 / 34.72 Â± 0.89@@20.15,42.77 Â± 2.16 / 71.35 Â± 1.11@@42.77,16.9.0.dev0@@160900,16.9.0.dev0@@160900,16.9.0.dev0@@160900,16.9.0.dev0@@160900,16.9.0.dev0@@160900,16.9.0.dev0@@160900
<a href='https://hf.co/allenai/Olmo-3.1-32B-Think'>allenai/Olmo-3.1-32B-Think</a>,ğŸ¤”,2.63@@2.63,32233522176.0,100278.0,65536.0,âœ—,âœ—,26.94 Â± 1.38 / 46.83 Â± 1.09@@26.94,81.83 Â± 1.17 / 73.46 Â± 1.01@@81.83,24.36 Â± 2.16 / 53.62 Â± 1.68@@24.36,61.77 Â± 1.15 / 38.16 Â± 1.23@@61.77,18.14 Â± 1.06 / 35.72 Â± 0.82@@18.14,46.62 Â± 2.38 / 73.27 Â± 1.20@@46.62,16.10.1.dev0@@161001,16.10.1.dev0@@161001,16.10.1.dev0@@161001,16.10.1.dev0@@161001,16.10.1.dev0@@161001,16.10.1.dev0@@161001
<a href='https://hf.co/utter-project/EuroLLM-22B-Preview'>utter-project/EuroLLM-22B-Preview</a>,ğŸ§ ,2.64@@2.64,?,128000.0,4096.0,âœ“,âœ—,30.15 Â± 2.57 / 48.14 Â± 1.88@@30.15,60.07 Â± 2.81 / 57.11 Â± 3.07@@60.07,52.39 Â± 3.01 / 74.83 Â± 2.20@@52.39,75.12 Â± 0.84 / 52.74 Â± 1.68@@75.12,19.95 Â± 0.95 / 30.11 Â± 1.01@@19.95,23.34 Â± 2.00 / 61.39 Â± 1.00@@23.34,16.7.0.dev0@@160700,16.7.0.dev0@@160700,16.7.0.dev0@@160700,16.7.0.dev0@@160700,16.7.0.dev0@@160700,16.7.0.dev0@@160700
<a href='https://hf.co/deepcogito/cogito-v2-preview-llama-70B'>deepcogito/cogito-v2-preview-llama-70B</a>,ğŸ“,2.64@@2.64,70553706496.0,128256.0,131072.0,âœ“,âœ—,26.94 Â± 1.10 / 47.32 Â± 0.93@@26.94,81.00 Â± 0.94 / 71.02 Â± 1.10@@81.00,49.36 Â± 2.46 / 72.33 Â± 1.77@@49.36,22.81 Â± 0.95 / 0.95 Â± 0.60@@22.81,21.52 Â± 0.70 / 36.74 Â± 0.95@@21.52,55.42 Â± 1.71 / 77.70 Â± 0.87@@55.42,16.7.0.dev0@@160700,16.7.0.dev0@@160700,16.7.0.dev0@@160700,16.7.0.dev0@@160700,16.7.0.dev0@@160700,16.7.0.dev0@@160700
<a href='https://hf.co/deepcogito/cogito-v1-preview-llama-70B'>deepcogito/cogito-v1-preview-llama-70B</a>,ğŸ“,2.66@@2.66,70553706496.0,128256.0,131072.0,âœ“,âœ—,27.35 Â± 1.06 / 47.96 Â± 0.81@@27.35,81.18 Â± 0.70 / 69.27 Â± 1.25@@81.18,40.03 Â± 2.44 / 63.98 Â± 2.93@@40.03,29.24 Â± 1.17 / 6.72 Â± 1.38@@29.24,20.96 Â± 0.97 / 36.99 Â± 1.21@@20.96,50.18 Â± 1.88 / 75.07 Â± 0.92@@50.18,16.7.0.dev0@@160700,16.7.0.dev0@@160700,16.7.0.dev0@@160700,16.7.0.dev0@@160700,16.7.0.dev0@@160700,16.7.0.dev0@@160700
<a href='https://hf.co/Qwen/Qwen3-30B-A3B-Instruct-2507'>Qwen/Qwen3-30B-A3B-Instruct-2507</a>,ğŸ“,2.66@@2.66,30532122624.0,151936.0,262144.0,âœ“,âœ—,28.49 Â± 1.17 / 48.32 Â± 0.78@@28.49,71.18 Â± 1.96 / 59.97 Â± 1.69@@71.18,55.11 Â± 1.63 / 77.47 Â± 0.80@@55.11,37.49 Â± 0.99 / 8.93 Â± 1.60@@37.49,19.11 Â± 0.91 / 35.41 Â± 0.89@@19.11,42.98 Â± 1.76 / 71.48 Â± 0.88@@42.98,16.7.0.dev0@@160700,16.7.0.dev0@@160700,16.7.0.dev0@@160700,16.7.0.dev0@@160700,16.7.0.dev0@@160700,16.7.0.dev0@@160700
<a href='https://hf.co/ibm-granite/granite-4.0-h-small'>ibm-granite/granite-4.0-h-small</a>,ğŸ“,2.68@@2.68,32207337984.0,100352.0,131072.0,âœ“,âœ—,29.16 Â± 1.82 / 48.36 Â± 0.93@@29.16,71.59 Â± 1.45 / 64.16 Â± 1.92@@71.59,41.40 Â± 1.66 / 67.34 Â± 2.00@@41.40,70.24 Â± 1.28 / 46.55 Â± 2.25@@70.24,17.91 Â± 1.01 / 32.38 Â± 1.30@@17.91,20.87 Â± 5.58 / 58.65 Â± 3.32@@20.87,16.8.0.dev0@@160800,16.8.0.dev0@@160800,16.8.0.dev0@@160800,16.8.0.dev0@@160800,16.8.0.dev0@@160800,16.8.0.dev0@@160800
<a href='https://hf.co/utter-project/EuroLLM-22B-2512'>utter-project/EuroLLM-22B-2512</a>,ğŸ§ ,2.69@@2.69,22637328384.0,128000.0,32768.0,âœ“,âœ—,28.04 Â± 3.30 / 45.90 Â± 3.05@@28.04,64.23 Â± 2.61 / 57.11 Â± 2.15@@64.23,47.88 Â± 4.71 / 71.16 Â± 3.93@@47.88,74.15 Â± 1.43 / 52.65 Â± 2.64@@74.15,18.74 Â± 0.74 / 28.42 Â± 0.94@@18.74,21.25 Â± 1.28 / 60.49 Â± 0.75@@21.25,16.8.0.dev0@@160800,16.8.0.dev0@@160800,16.8.0.dev0@@160800,16.8.0.dev0@@160800,16.8.0.dev0@@160800,16.8.0.dev0@@160800
<a href='https://hf.co/openai/gpt-oss-20b'>openai/gpt-oss-20b#low</a>,ğŸ¤”,2.69@@2.69,21511953984.0,201088.0,131072.0,âœ“,âœ—,23.98 Â± 1.67 / 45.28 Â± 1.36@@23.98,75.41 Â± 1.34 / 64.58 Â± 1.09@@75.41,39.12 Â± 2.20 / 65.46 Â± 1.28@@39.12,62.54 Â± 0.71 / 33.13 Â± 0.82@@62.54,17.38 Â± 1.13 / 33.53 Â± 1.03@@17.38,32.75 Â± 2.59 / 66.36 Â± 1.32@@32.75,16.6.0.dev0@@160600,16.6.0.dev0@@160600,16.6.0.dev0@@160600,16.6.0.dev0@@160600,16.6.0.dev0@@160600,16.6.0.dev0@@160600
<a href='https://hf.co/swiss-ai/Apertus-70B-Instruct-2509'>swiss-ai/Apertus-70B-Instruct-2509</a>,ğŸ“,2.72@@2.72,70599864480.0,131072.0,65536.0,âœ—,âœ—,29.02 Â± 2.03 / 48.71 Â± 1.21@@29.02,65.53 Â± 1.60 / 45.17 Â± 1.54@@65.53,45.00 Â± 2.56 / 68.25 Â± 2.96@@45.00,62.25 Â± 1.61 / 35.74 Â± 1.79@@62.25,19.30 Â± 1.04 / 32.16 Â± 1.11@@19.30,23.29 Â± 2.18 / 61.50 Â± 1.09@@23.29,16.7.0.dev0@@160700,16.7.0.dev0@@160700,16.7.0.dev0@@160700,16.7.0.dev0@@160700,16.7.0.dev0@@160700,16.7.0.dev0@@160700
<a href='https://hf.co/BSC-LT/ALIA-40b'>BSC-LT/ALIA-40b</a>,ğŸ§ ,2.73@@2.73,40433885184.0,256000.0,32768.0,âœ“,âœ—,33.07 Â± 1.85 / 50.12 Â± 1.04@@33.07,66.13 Â± 2.51 / 61.84 Â± 2.37@@66.13,39.83 Â± 5.02 / 63.89 Â± 5.12@@39.83,72.78 Â± 1.19 / 51.27 Â± 1.92@@72.78,18.27 Â± 1.25 / 41.25 Â± 1.99@@18.27,12.60 Â± 2.29 / 54.16 Â± 0.94@@12.60,16.8.0.dev0@@160800,16.8.0.dev0@@160800,16.8.0.dev0@@160800,16.8.0.dev0@@160800,16.8.0.dev0@@160800,16.8.0.dev0@@160800
<a href='https://hf.co/allenai/Olmo-3.1-32B-Instruct-DPO'>allenai/Olmo-3.1-32B-Instruct-DPO</a>,ğŸ“,2.75@@2.75,32233522176.0,100278.0,65536.0,âœ—,âœ—,34.79 Â± 1.47 / 50.83 Â± 0.89@@34.79,69.51 Â± 0.75 / 59.26 Â± 1.35@@69.51,33.38 Â± 1.57 / 63.06 Â± 1.37@@33.38,71.22 Â± 0.78 / 44.71 Â± 1.94@@71.22,13.10 Â± 0.74 / 27.25 Â± 0.90@@13.10,17.41 Â± 2.24 / 58.46 Â± 1.14@@17.41,16.9.0.dev0@@160900,16.9.0.dev0@@160900,16.9.0.dev0@@160900,16.9.0.dev0@@160900,16.9.0.dev0@@160900,16.9.0.dev0@@160900
<a href='https://hf.co/allenai/Olmo-3.1-32B-Instruct-SFT'>allenai/Olmo-3.1-32B-Instruct-SFT</a>,ğŸ“,2.77@@2.77,32233522176.0,100278.0,65536.0,âœ—,âœ—,37.01 Â± 1.94 / 51.23 Â± 1.19@@37.01,71.65 Â± 0.86 / 64.72 Â± 0.75@@71.65,23.58 Â± 1.96 / 48.34 Â± 2.59@@23.58,72.76 Â± 1.02 / 48.39 Â± 2.14@@72.76,13.31 Â± 0.68 / 28.75 Â± 1.09@@13.31,16.98 Â± 2.75 / 58.08 Â± 1.52@@16.98,16.9.0.dev0@@160900,16.9.0.dev0@@160900,16.9.0.dev0@@160900,16.9.0.dev0@@160900,16.9.0.dev0@@160900,16.9.0.dev0@@160900
<a href='https://hf.co/utter-project/EuroLLM-22B-Instruct-Preview'>utter-project/EuroLLM-22B-Instruct-Preview</a>,ğŸ“,2.77@@2.77,22637328384.0,128000.0,4096.0,âœ“,âœ—,25.14 Â± 1.72 / 46.49 Â± 1.40@@25.14,61.01 Â± 1.98 / 50.15 Â± 2.08@@61.01,43.03 Â± 4.08 / 64.03 Â± 4.19@@43.03,71.11 Â± 1.13 / 45.47 Â± 2.51@@71.11,18.97 Â± 0.68 / 40.11 Â± 0.83@@18.97,19.49 Â± 2.11 / 59.22 Â± 0.93@@19.49,16.7.0.dev0@@160700,16.7.0.dev0@@160700,16.7.0.dev0@@160700,16.7.0.dev0@@160700,16.7.0.dev0@@160700,16.7.0.dev0@@160700
<a href='https://hf.co/Qwen/Qwen3-4B'>Qwen/Qwen3-4B#no-thinking</a>,ğŸ“,2.77@@2.77,4022468096.0,151936.0,40960.0,âœ“,âœ—,29.01 Â± 1.42 / 47.95 Â± 0.91@@29.01,62.62 Â± 1.41 / 47.79 Â± 1.53@@62.62,42.78 Â± 1.23 / 71.25 Â± 0.64@@42.78,69.51 Â± 0.75 / 47.73 Â± 1.16@@69.51,14.40 Â± 1.09 / 33.83 Â± 1.10@@14.40,22.63 Â± 1.48 / 61.22 Â± 0.74@@22.63,16.7.0.dev0@@160700,16.7.0.dev0@@160700,16.7.0.dev0@@160700,16.7.0.dev0@@160700,16.7.0.dev0@@160700,16.7.0.dev0@@160700
<a href='https://hf.co/utter-project/EuroLLM-22B-Instruct-2512'>utter-project/EuroLLM-22B-Instruct-2512</a>,ğŸ“,2.78@@2.78,22637328384.0,128000.0,32768.0,âœ“,âœ—,21.80 Â± 1.87 / 42.09 Â± 2.03@@21.80,62.49 Â± 2.22 / 49.17 Â± 1.47@@62.49,59.75 Â± 3.73 / 77.45 Â± 3.10@@59.75,42.24 Â± 5.44 / 21.54 Â± 4.04@@42.24,20.52 Â± 1.08 / 35.06 Â± 1.03@@20.52,28.92 Â± 1.58 / 64.18 Â± 0.92@@28.92,16.8.0.dev0@@160800,16.8.0.dev0@@160800,16.8.0.dev0@@160800,16.8.0.dev0@@160800,16.8.0.dev0@@160800,16.8.0.dev0@@160800
<a href='https://hf.co/deepcogito/cogito-v1-preview-qwen-14B'>deepcogito/cogito-v1-preview-qwen-14B</a>,ğŸ“,2.79@@2.79,14765947904.0,151665.0,131072.0,âœ“,âœ—,25.05 Â± 1.07 / 46.78 Â± 0.90@@25.05,75.71 Â± 1.02 / 64.23 Â± 1.57@@75.71,48.71 Â± 1.72 / 73.49 Â± 1.20@@48.71,32.19 Â± 0.73 / 0.25 Â± 0.10@@32.19,18.69 Â± 0.85 / 33.82 Â± 0.84@@18.69,37.38 Â± 1.53 / 68.52 Â± 0.76@@37.38,16.7.0.dev0@@160700,16.7.0.dev0@@160700,16.7.0.dev0@@160700,16.7.0.dev0@@160700,16.7.0.dev0@@160700,16.7.0.dev0@@160700
<a href='https://hf.co/allenai/Olmo-3.1-32B-Instruct'>allenai/Olmo-3.1-32B-Instruct</a>,ğŸ“,2.79@@2.79,32233522176.0,100278.0,65536.0,âœ—,âœ—,34.46 Â± 1.70 / 50.77 Â± 1.02@@34.46,69.07 Â± 0.69 / 59.31 Â± 1.17@@69.07,32.27 Â± 1.57 / 63.18 Â± 1.04@@32.27,71.29 Â± 0.93 / 47.82 Â± 1.75@@71.29,12.47 Â± 0.71 / 27.53 Â± 0.95@@12.47,16.69 Â± 2.11 / 57.94 Â± 1.07@@16.69,16.9.0.dev0@@160900,16.9.0.dev0@@160900,16.9.0.dev0@@160900,16.9.0.dev0@@160900,16.9.0.dev0@@160900,16.9.0.dev0@@160900
<a href='https://hf.co/meta-llama/Llama-3.1-8B'>meta-llama/Llama-3.1-8B</a>,ğŸ§ ,2.81@@2.81,8030261248.0,128256.0,131072.0,âœ“,âœ—,34.63 Â± 2.12 / 51.12 Â± 0.70@@34.63,63.22 Â± 2.95 / 60.65 Â± 2.45@@63.22,30.88 Â± 3.70 / 60.62 Â± 4.51@@30.88,74.41 Â± 1.08 / 50.00 Â± 1.52@@74.41,13.91 Â± 0.83 / 33.90 Â± 2.29@@13.91,9.09 Â± 2.37 / 54.07 Â± 1.16@@9.09,16.7.0.dev0@@160700,16.7.0.dev0@@160700,16.7.0.dev0@@160700,16.7.0.dev0@@160700,16.7.0.dev0@@160700,16.7.0.dev0@@160700
<a href='https://hf.co/lapa-llm/lapa-v0.1.2-instruct'>lapa-llm/lapa-v0.1.2-instruct</a>,ğŸ“,2.82@@2.82,12187325040.0,262144.0,8192.0,âœ—,âœ—,31.63 Â± 1.66 / 49.86 Â± 1.00@@31.63,67.68 Â± 1.45 / 59.50 Â± 1.02@@67.68,45.77 Â± 1.09 / 72.64 Â± 0.59@@45.77,30.64 Â± 1.75 / 0.13 Â± 0.09@@30.64,18.17 Â± 1.06 / 32.85 Â± 0.82@@18.17,34.13 Â± 1.70 / 67.01 Â± 0.89@@34.13,16.9.0.dev0@@160900,16.9.0.dev0@@160900,16.9.0.dev0@@160900,16.9.0.dev0@@160900,16.9.0.dev0@@160900,16.9.0.dev0@@160900
<a href='https://hf.co/allenai/Olmo-3-1125-32B'>allenai/Olmo-3-1125-32B</a>,ğŸ§ ,2.82@@2.82,32233522176.0,100278.0,65536.0,âœ“,âœ—,31.99 Â± 2.74 / 48.83 Â± 1.55@@31.99,72.07 Â± 1.23 / 65.72 Â± 1.37@@72.07,24.65 Â± 2.15 / 49.15 Â± 2.72@@24.65,75.02 Â± 0.68 / 49.55 Â± 1.64@@75.02,12.44 Â± 1.06 / 40.32 Â± 1.86@@12.44,13.72 Â± 2.93 / 56.19 Â± 1.66@@13.72,16.8.0.dev0@@160800,16.8.0.dev0@@160800,16.8.0.dev0@@160800,16.8.0.dev0@@160800,16.8.0.dev0@@160800,16.8.0.dev0@@160800
<a href='https://hf.co/upstage/SOLAR-10.7B-v1.0'>upstage/SOLAR-10.7B-v1.0</a>,ğŸ§ ,2.83@@2.83,10731524096.0,32000.0,4096.0,âœ“,âœ—,19.81 Â± 2.31 / 40.48 Â± 2.88@@19.81,68.20 Â± 2.16 / 61.73 Â± 2.54@@68.20,27.00 Â± 6.43 / 55.89 Â± 7.29@@27.00,79.17 Â± 0.75 / 60.35 Â± 1.09@@79.17,11.25 Â± 1.16 / 48.92 Â± 2.67@@11.25,30.54 Â± 1.04 / 61.51 Â± 1.07@@30.54,16.7.0.dev0@@160700,16.7.0.dev0@@160700,16.7.0.dev0@@160700,16.7.0.dev0@@160700,16.7.0.dev0@@160700,16.7.0.dev0@@160700
<a href='https://hf.co/allenai/OLMo-2-0325-32B-Instruct'>allenai/OLMo-2-0325-32B-Instruct</a>,ğŸ“,2.86@@2.86,32234279936.0,100352.0,4096.0,âœ—,âœ—,24.45 Â± 1.57 / 45.81 Â± 1.16@@24.45,66.32 Â± 1.29 / 45.94 Â± 1.19@@66.32,35.50 Â± 1.74 / 66.82 Â± 1.04@@35.50,63.02 Â± 0.73 / 35.10 Â± 1.21@@63.02,16.04 Â± 0.87 / 30.42 Â± 0.76@@16.04,27.19 Â± 1.37 / 63.56 Â± 0.66@@27.19,16.7.0.dev0@@160700,16.7.0.dev0@@160700,16.7.0.dev0@@160700,16.7.0.dev0@@160700,16.7.0.dev0@@160700,16.7.0.dev0@@160700
<a href='https://hf.co/google/gemma-3-4b-it'>google/gemma-3-4b-it</a>,ğŸ“,2.88@@2.88,4300079472.0,262144.0,8192.0,âœ“,âœ—,28.18 Â± 2.07 / 47.52 Â± 1.52@@28.18,68.27 Â± 1.23 / 55.35 Â± 1.47@@68.27,39.46 Â± 1.34 / 68.35 Â± 1.19@@39.46,63.51 Â± 1.78 / 36.11 Â± 1.92@@63.51,14.11 Â± 1.25 / 35.41 Â± 1.18@@14.11,13.01 Â± 2.32 / 56.41 Â± 1.19@@13.01,16.9.0.dev0@@160900,16.9.0.dev0@@160900,16.9.0.dev0@@160900,16.9.0.dev0@@160900,16.9.0.dev0@@160900,16.9.0.dev0@@160900
<a href='https://hf.co/openai/gpt-oss-20b'>openai/gpt-oss-20b#high</a>,ğŸ¤”,2.90@@2.90,21511953984.0,201088.0,131072.0,âœ“,âœ—,20.53 Â± 0.87 / 40.08 Â± 0.65@@20.53,62.33 Â± 1.87 / 54.26 Â± 1.43@@62.33,39.72 Â± 1.24 / 69.56 Â± 0.60@@39.72,60.53 Â± 0.89 / 32.20 Â± 1.04@@60.53,14.35 Â± 0.99 / 45.63 Â± 1.59@@14.35,29.15 Â± 3.36 / 63.59 Â± 1.72@@29.15,16.6.0.dev0@@160600,16.6.0.dev0@@160600,16.6.0.dev0@@160600,16.6.0.dev0@@160600,16.6.0.dev0@@160600,16.6.0.dev0@@160600
<a href='https://hf.co/nvidia/NVIDIA-Nemotron-Nano-9B-v2'>nvidia/NVIDIA-Nemotron-Nano-9B-v2</a>,ğŸ¤”,2.91@@2.91,8888227328.0,131072.0,131072.0,âœ“,âœ—,20.11 Â± 0.85 / 41.58 Â± 0.73@@20.11,70.69 Â± 1.10 / 61.28 Â± 1.56@@70.69,28.82 Â± 1.69 / 64.34 Â± 0.85@@28.82,61.29 Â± 1.41 / 37.22 Â± 1.83@@61.29,15.78 Â± 0.87 / 32.79 Â± 0.66@@15.78,27.09 Â± 1.87 / 63.55 Â± 0.93@@27.09,16.4.0.dev0@@160400,16.4.0.dev0@@160400,16.4.0.dev0@@160400,16.4.0.dev0@@160400,16.4.0.dev0@@160400,16.4.0.dev0@@160400
<a href='https://hf.co/utter-project/EuroLLM-9B'>utter-project/EuroLLM-9B</a>,ğŸ§ ,2.92@@2.92,9152319488.0,128000.0,4096.0,âœ“,âœ—,32.73 Â± 2.12 / 49.94 Â± 0.95@@32.73,53.09 Â± 2.98 / 48.04 Â± 2.48@@53.09,34.49 Â± 4.15 / 64.69 Â± 3.84@@34.49,71.76 Â± 1.39 / 50.21 Â± 2.70@@71.76,11.72 Â± 1.19 / 34.33 Â± 1.63@@11.72,12.60 Â± 1.62 / 54.74 Â± 0.93@@12.60,16.7.0.dev0@@160700,16.7.0.dev0@@160700,16.7.0.dev0@@160700,16.7.0.dev0@@160700,16.7.0.dev0@@160700,16.7.0.dev0@@160700
<a href='https://hf.co/nvidia/NVIDIA-Nemotron-3-Nano-30B-A3B-BF16'>nvidia/NVIDIA-Nemotron-3-Nano-30B-A3B-BF16#no-thinking</a>,ğŸ“,2.93@@2.93,31577937344.0,131072.0,262144.0,âœ“,âœ—,29.00 Â± 1.93 / 47.80 Â± 1.21@@29.00,61.01 Â± 1.70 / 51.55 Â± 1.96@@61.01,31.82 Â± 2.00 / 65.76 Â± 0.97@@31.82,71.75 Â± 0.81 / 52.11 Â± 1.00@@71.75,13.88 Â± 1.40 / 29.77 Â± 0.95@@13.88,8.42 Â± 2.39 / 54.27 Â± 1.20@@8.42,16.10.0.dev0@@161000,16.10.0.dev0@@161000,16.10.0.dev0@@161000,16.10.0.dev0@@161000,16.10.0.dev0@@161000,16.10.0.dev0@@161000
<a href='https://hf.co/allenai/Llama-3.1-Tulu-3-8B-SFT'>allenai/Llama-3.1-Tulu-3-8B-SFT</a>,ğŸ“,2.98@@2.98,8030326784.0,128264.0,131072.0,âœ“,âœ—,26.67 Â± 1.77 / 46.13 Â± 1.48@@26.67,60.59 Â± 1.24 / 56.55 Â± 1.40@@60.59,26.24 Â± 1.72 / 55.42 Â± 2.02@@26.24,72.64 Â± 0.92 / 47.83 Â± 1.18@@72.64,15.18 Â± 0.71 / 28.10 Â± 0.75@@15.18,14.22 Â± 1.73 / 57.00 Â± 0.94@@14.22,16.9.0.dev0@@160900,16.9.0.dev0@@160900,16.9.0.dev0@@160900,16.9.0.dev0@@160900,16.9.0.dev0@@160900,16.9.0.dev0@@160900
<a href='https://hf.co/ibm-granite/granite-4.0-micro'>ibm-granite/granite-4.0-micro</a>,ğŸ“,3.06@@3.06,3402836480.0,100352.0,131072.0,âœ“,âœ—,25.29 Â± 1.64 / 46.16 Â± 1.48@@25.29,64.60 Â± 1.00 / 54.25 Â± 1.57@@64.60,34.24 Â± 2.55 / 66.07 Â± 1.67@@34.24,53.48 Â± 5.03 / 29.92 Â± 5.40@@53.48,11.30 Â± 1.44 / 29.16 Â± 1.97@@11.30,11.73 Â± 1.09 / 55.49 Â± 0.53@@11.73,16.8.0.dev0@@160800,16.8.0.dev0@@160800,16.8.0.dev0@@160800,16.8.0.dev0@@160800,16.8.0.dev0@@160800,16.8.0.dev0@@160800
<a href='https://hf.co/baidu/ERNIE-4.5-21B-A3B-PT'>baidu/ERNIE-4.5-21B-A3B-PT</a>,ğŸ“,3.06@@3.06,21948655808.0,103424.0,131072.0,âœ“,âœ—,21.18 Â± 3.08 / 41.29 Â± 4.04@@21.18,59.84 Â± 1.18 / 51.16 Â± 1.43@@59.84,29.75 Â± 1.66 / 63.88 Â± 0.94@@29.75,73.87 Â± 0.82 / 51.62 Â± 1.17@@73.87,12.65 Â± 1.09 / 31.25 Â± 1.78@@12.65,10.57 Â± 1.25 / 55.33 Â± 0.60@@10.57,16.8.0.dev0@@160800,16.8.0.dev0@@160800,16.8.0.dev0@@160800,16.8.0.dev0@@160800,16.8.0.dev0@@160800,16.8.0.dev0@@160800
<a href='https://hf.co/swiss-ai/Apertus-8B-2509'>swiss-ai/Apertus-8B-2509</a>,ğŸ§ ,3.07@@3.07,8053338176.0,131072.0,65536.0,âœ“,âœ—,23.57 Â± 1.75 / 43.81 Â± 1.98@@23.57,32.50 Â± 5.10 / 31.82 Â± 4.59@@32.50,42.21 Â± 2.77 / 66.69 Â± 3.50@@42.21,71.79 Â± 1.23 / 45.44 Â± 1.71@@71.79,17.62 Â± 1.44 / 34.66 Â± 1.80@@17.62,12.84 Â± 3.01 / 56.15 Â± 1.57@@12.84,16.10.1.dev0@@161001,16.10.1.dev0@@161001,16.10.1.dev0@@161001,16.10.1.dev0@@161001,16.10.1.dev0@@161001,16.10.1.dev0@@161001
<a href='https://hf.co/ibm-granite/granite-4.0-h-micro'>ibm-granite/granite-4.0-h-micro</a>,ğŸ“,3.07@@3.07,3191396096.0,100352.0,131072.0,âœ“,âœ—,29.65 Â± 2.67 / 47.89 Â± 1.47@@29.65,54.59 Â± 2.12 / 47.18 Â± 2.05@@54.59,22.70 Â± 2.16 / 60.17 Â± 1.69@@22.70,70.88 Â± 0.91 / 49.40 Â± 1.75@@70.88,10.50 Â± 1.17 / 30.16 Â± 0.59@@10.50,7.61 Â± 2.14 / 53.35 Â± 1.03@@7.61,16.8.0.dev0@@160800,16.8.0.dev0@@160800,16.8.0.dev0@@160800,16.8.0.dev0@@160800,16.8.0.dev0@@160800,16.8.0.dev0@@160800
<a href='https://hf.co/speakleash/Bielik-11B-v2.6-Instruct'>speakleash/Bielik-11B-v2.6-Instruct</a>,ğŸ“,3.08@@3.08,11168796672.0,32128.0,32768.0,âœ“,âœ—,19.49 Â± 2.00 / 42.78 Â± 2.28@@19.49,69.87 Â± 1.12 / 56.30 Â± 2.18@@69.87,35.93 Â± 2.37 / 58.87 Â± 2.52@@35.93,30.62 Â± 1.33 / 0.23 Â± 0.12@@30.62,16.06 Â± 0.95 / 33.80 Â± 1.23@@16.06,26.41 Â± 1.40 / 63.22 Â± 0.69@@26.41,16.10.0@@161000,16.10.0@@161000,16.10.0@@161000,16.10.0@@161000,16.10.0@@161000,16.10.0@@161000
<a href='https://hf.co/google/gemma-3-4b-pt'>google/gemma-3-4b-pt</a>,ğŸ§ ,3.09@@3.09,4300079472.0,262144.0,8192.0,âœ“,âœ—,34.97 Â± 2.55 / 51.14 Â± 1.03@@34.97,48.18 Â± 3.79 / 46.60 Â± 3.38@@48.18,10.96 Â± 3.23 / 37.64 Â± 2.20@@10.96,73.32 Â± 1.40 / 50.87 Â± 1.58@@73.32,13.03 Â± 0.95 / 36.79 Â± 1.75@@13.03,7.37 Â± 2.55 / 53.45 Â± 1.43@@7.37,16.9.0.dev0@@160900,16.9.0.dev0@@160900,16.9.0.dev0@@160900,16.9.0.dev0@@160900,16.9.0.dev0@@160900,16.9.0.dev0@@160900
<a href='https://hf.co/allenai/Olmo-3-7B-Think'>allenai/Olmo-3-7B-Think</a>,ğŸ¤”,3.13@@3.13,7298011136.0,100278.0,65536.0,âœ—,âœ—,17.37 Â± 1.55 / 39.72 Â± 1.44@@17.37,67.06 Â± 2.10 / 62.43 Â± 2.09@@67.06,19.62 Â± 0.60 / 58.04 Â± 0.71@@19.62,53.70 Â± 1.35 / 32.87 Â± 1.72@@53.70,12.31 Â± 0.83 / 32.58 Â± 0.43@@12.31,23.45 Â± 2.12 / 61.64 Â± 1.09@@23.45,16.8.0.dev0@@160800,16.8.0.dev0@@160800,16.8.0.dev0@@160800,16.8.0.dev0@@160800,16.8.0.dev0@@160800,16.8.0.dev0@@160800
<a href='https://hf.co/deepcogito/cogito-v1-preview-llama-8B'>deepcogito/cogito-v1-preview-llama-8B</a>,ğŸ“,3.18@@3.18,8030261248.0,128256.0,131072.0,âœ“,âœ—,21.17 Â± 1.83 / 40.30 Â± 1.88@@21.17,60.10 Â± 1.75 / 46.49 Â± 1.60@@60.10,35.43 Â± 2.14 / 59.08 Â± 2.04@@35.43,40.10 Â± 3.48 / 6.49 Â± 3.25@@40.10,15.57 Â± 0.88 / 33.87 Â± 1.51@@15.57,12.40 Â± 2.07 / 55.94 Â± 1.19@@12.40,16.9.0.dev0@@160900,16.9.0.dev0@@160900,16.9.0.dev0@@160900,16.9.0.dev0@@160900,16.9.0.dev0@@160900,16.9.0.dev0@@160900
<a href='https://hf.co/utter-project/EuroLLM-9B-Instruct'>utter-project/EuroLLM-9B-Instruct</a>,ğŸ“,3.20@@3.20,9152319488.0,128000.0,4096.0,âœ—,âœ—,23.99 Â± 1.70 / 46.55 Â± 1.52@@23.99,53.92 Â± 2.63 / 43.86 Â± 2.99@@53.92,39.46 Â± 2.33 / 68.15 Â± 0.97@@39.46,28.20 Â± 1.12 / 0.76 Â± 0.42@@28.20,14.84 Â± 1.01 / 28.30 Â± 1.59@@14.84,14.92 Â± 2.22 / 55.08 Â± 1.32@@14.92,16.7.0.dev0@@160700,16.7.0.dev0@@160700,16.7.0.dev0@@160700,16.7.0.dev0@@160700,16.7.0.dev0@@160700,16.7.0.dev0@@160700
<a href='https://hf.co/BSC-LT/salamandra-7b'>BSC-LT/salamandra-7b</a>,ğŸ§ ,3.25@@3.25,7768117248.0,256000.0,8192.0,âœ“,âœ—,33.02 Â± 2.84 / 49.73 Â± 1.30@@33.02,42.46 Â± 2.92 / 40.84 Â± 2.68@@42.46,17.82 Â± 3.10 / 55.57 Â± 2.94@@17.82,61.00 Â± 1.47 / 37.90 Â± 1.33@@61.00,7.46 Â± 1.26 / 64.64 Â± 2.57@@7.46,3.79 Â± 2.02 / 49.86 Â± 0.78@@3.79,16.9.0.dev0@@160900,16.9.0.dev0@@160900,16.9.0.dev0@@160900,16.9.0.dev0@@160900,16.9.0.dev0@@160900,16.9.0.dev0@@160900
<a href='https://hf.co/meta-llama/Llama-3.1-8B-Instruct'>meta-llama/Llama-3.1-8B-Instruct</a>,ğŸ“,3.27@@3.27,8030261248.0,128256.0,131072.0,âœ“,âœ—,23.85 Â± 2.10 / 42.61 Â± 1.95@@23.85,61.08 Â± 1.77 / 53.44 Â± 2.11@@61.08,25.57 Â± 2.44 / 52.33 Â± 2.54@@25.57,28.93 Â± 2.03 / 1.10 Â± 0.75@@28.93,15.13 Â± 1.00 / 33.05 Â± 1.11@@15.13,10.77 Â± 2.00 / 54.87 Â± 1.06@@10.77,16.7.0.dev0@@160700,16.7.0.dev0@@160700,16.7.0.dev0@@160700,16.7.0.dev0@@160700,16.7.0.dev0@@160700,16.7.0.dev0@@160700
<a href='https://hf.co/kurakurai/Luth-1.7B-Instruct'>kurakurai/Luth-1.7B-Instruct</a>,ğŸ“,3.30@@3.30,1720574976.0,151936.0,40960.0,âœ—,âœ—,22.23 Â± 1.15 / 42.58 Â± 1.27@@22.23,43.08 Â± 2.19 / 37.43 Â± 2.05@@43.08,25.31 Â± 1.18 / 56.83 Â± 1.65@@25.31,67.79 Â± 0.50 / 42.36 Â± 1.22@@67.79,11.68 Â± 0.97 / 39.34 Â± 1.61@@11.68,3.05 Â± 1.61 / 50.59 Â± 0.59@@3.05,16.7.0.dev0@@160700,16.7.0.dev0@@160700,16.7.0.dev0@@160700,16.7.0.dev0@@160700,16.7.0.dev0@@160700,16.7.0.dev0@@160700
<a href='https://hf.co/occiglot/occiglot-7b-eu5-instruct'>occiglot/occiglot-7b-eu5-instruct</a>,ğŸ“,3.35@@3.35,7241748480.0,32002.0,32768.0,âœ—,âœ—,20.40 Â± 1.84 / 43.79 Â± 1.62@@20.40,53.67 Â± 2.75 / 47.40 Â± 2.88@@53.67,11.89 Â± 2.43 / 51.95 Â± 2.58@@11.89,64.20 Â± 2.39 / 37.35 Â± 3.28@@64.20,7.60 Â± 1.21 / 54.16 Â± 5.86@@7.60,3.94 Â± 2.51 / 50.10 Â± 1.00@@3.94,16.7.0.dev0@@160700,16.7.0.dev0@@160700,16.7.0.dev0@@160700,16.7.0.dev0@@160700,16.7.0.dev0@@160700,16.7.0.dev0@@160700
<a href='https://hf.co/ibm-granite/granite-4.0-h-tiny'>ibm-granite/granite-4.0-h-tiny</a>,ğŸ“,3.35@@3.35,6939037248.0,100352.0,131072.0,âœ“,âœ—,22.84 Â± 1.40 / 43.15 Â± 1.47@@22.84,59.83 Â± 1.64 / 48.16 Â± 2.72@@59.83,17.44 Â± 2.90 / 48.95 Â± 2.59@@17.44,41.68 Â± 2.50 / 8.66 Â± 2.88@@41.68,12.62 Â± 1.19 / 27.45 Â± 1.00@@12.62,5.29 Â± 2.80 / 52.07 Â± 1.48@@5.29,16.8.0.dev0@@160800,16.8.0.dev0@@160800,16.8.0.dev0@@160800,16.8.0.dev0@@160800,16.8.0.dev0@@160800,16.8.0.dev0@@160800
<a href='https://hf.co/Qwen/Qwen3-1.7B'>Qwen/Qwen3-1.7B#no-thinking</a>,ğŸ“,3.37@@3.37,2031739904.0,151936.0,40960.0,âœ“,âœ—,18.98 Â± 1.28 / 38.63 Â± 1.41@@18.98,40.67 Â± 2.45 / 36.10 Â± 1.97@@40.67,22.75 Â± 1.75 / 53.63 Â± 4.01@@22.75,64.71 Â± 1.05 / 43.93 Â± 0.92@@64.71,12.23 Â± 1.03 / 28.03 Â± 3.07@@12.23,4.36 Â± 2.59 / 51.58 Â± 1.19@@4.36,16.9.0.dev0@@160900,16.9.0.dev0@@160900,16.9.0.dev0@@160900,16.9.0.dev0@@160900,16.9.0.dev0@@160900,16.9.0.dev0@@160900
<a href='https://hf.co/allenai/Olmo-3-1025-7B'>allenai/Olmo-3-1025-7B</a>,ğŸ§ ,3.42@@3.42,7298011136.0,100278.0,65536.0,âœ“,âœ—,23.87 Â± 2.45 / 44.66 Â± 2.06@@23.87,48.62 Â± 4.20 / 42.67 Â± 2.25@@48.62,6.68 Â± 1.80 / 36.54 Â± 2.54@@6.68,64.29 Â± 1.23 / 44.80 Â± 1.84@@64.29,5.98 Â± 0.66 / 23.25 Â± 1.79@@5.98,2.83 Â± 2.49 / 50.77 Â± 1.34@@2.83,16.9.0.dev0@@160900,16.9.0.dev0@@160900,16.9.0.dev0@@160900,16.9.0.dev0@@160900,16.9.0.dev0@@160900,16.9.0.dev0@@160900
<a href='https://hf.co/HuggingFaceTB/SmolLM3-3B-Base'>HuggingFaceTB/SmolLM3-3B-Base</a>,ğŸ§ ,3.44@@3.44,3075098624.0,128256.0,65536.0,âœ“,âœ—,14.85 Â± 1.33 / 34.04 Â± 1.41@@14.85,59.53 Â± 1.40 / 56.98 Â± 1.67@@59.53,4.08 Â± 1.58 / 34.30 Â± 0.75@@4.08,66.64 Â± 1.11 / 46.74 Â± 1.37@@66.64,5.94 Â± 0.78 / 22.65 Â± 2.18@@5.94,3.48 Â± 3.25 / 50.26 Â± 1.16@@3.48,16.7.0.dev0@@160700,16.7.0.dev0@@160700,16.7.0.dev0@@160700,16.7.0.dev0@@160700,16.7.0.dev0@@160700,16.7.0.dev0@@160700
<a href='https://hf.co/HuggingFaceTB/SmolLM3-3B'>HuggingFaceTB/SmolLM3-3B#no-thinking</a>,ğŸ“,3.47@@3.47,3075098624.0,128256.0,65536.0,âœ“,âœ—,24.24 Â± 1.65 / 46.30 Â± 1.09@@24.24,55.73 Â± 1.98 / 50.99 Â± 1.60@@55.73,17.28 Â± 1.15 / 58.14 Â± 0.63@@17.28,35.65 Â± 1.03 / 4.84 Â± 0.94@@35.65,8.13 Â± 0.83 / 30.61 Â± 1.44@@8.13,2.59 Â± 2.28 / 50.45 Â± 1.25@@2.59,16.7.0.dev0@@160700,16.7.0.dev0@@160700,16.7.0.dev0@@160700,16.7.0.dev0@@160700,16.7.0.dev0@@160700,16.7.0.dev0@@160700
<a href='https://hf.co/TrustLLMeu/baseline-7-8b_2-3t-tokens_llama'>TrustLLMeu/baseline-7-8b_2-3t-tokens_llama</a>,ğŸ§ ,3.48@@3.48,7799574528.0,100096.0,4096.0,âœ“,âœ—,30.89 Â± 1.91 / 47.49 Â± 0.95@@30.89,51.82 Â± 4.00 / 48.43 Â± 3.02@@51.82,1.40 Â± 1.10 / 36.76 Â± 3.90@@1.40,51.82 Â± 0.78 / 33.89 Â± 0.89@@51.82,1.81 Â± 1.42 / 73.63 Â± 3.13@@1.81,0.00 Â± 0.00 / 49.12 Â± 0.75@@0.00,16.7.0.dev0@@160700,16.7.0.dev0@@160700,16.7.0.dev0@@160700,16.7.0.dev0@@160700,16.7.0.dev0@@160700,16.7.0.dev0@@160700
<a href='https://hf.co/allenai/Olmo-3-7B-Instruct'>allenai/Olmo-3-7B-Instruct</a>,ğŸ“,3.49@@3.49,7298011136.0,100278.0,65536.0,âœ—,âœ—,18.56 Â± 1.88 / 42.39 Â± 1.41@@18.56,47.66 Â± 2.74 / 43.25 Â± 1.63@@47.66,16.56 Â± 1.28 / 52.82 Â± 2.14@@16.56,52.38 Â± 1.34 / 29.25 Â± 1.91@@52.38,3.27 Â± 0.73 / 21.48 Â± 1.47@@3.27,3.85 Â± 2.76 / 52.02 Â± 1.42@@3.85,16.9.0.dev0@@160900,16.9.0.dev0@@160900,16.9.0.dev0@@160900,16.9.0.dev0@@160900,16.9.0.dev0@@160900,16.9.0.dev0@@160900
<a href='https://hf.co/occiglot/occiglot-7b-eu5'>occiglot/occiglot-7b-eu5</a>,ğŸ§ ,3.49@@3.49,7241732096.0,32000.0,32768.0,âœ“,âœ—,16.48 Â± 2.11 / 38.72 Â± 2.84@@16.48,51.86 Â± 2.79 / 50.23 Â± 3.10@@51.86,1.35 Â± 1.22 / 33.86 Â± 0.68@@1.35,70.31 Â± 0.93 / 49.48 Â± 1.62@@70.31,7.24 Â± 1.41 / 67.31 Â± 2.01@@7.24,-2.23 Â± 2.11 / 49.01 Â± 0.76@@-2.23,16.7.0.dev0@@160700,16.7.0.dev0@@160700,16.7.0.dev0@@160700,16.7.0.dev0@@160700,16.7.0.dev0@@160700,16.7.0.dev0@@160700
<a href='https://hf.co/allenai/Olmo-3-7B-Instruct-DPO'>allenai/Olmo-3-7B-Instruct-DPO</a>,ğŸ“,3.54@@3.54,7298011136.0,100278.0,65536.0,âœ—,âœ—,18.74 Â± 1.41 / 42.65 Â± 1.05@@18.74,49.08 Â± 2.59 / 43.81 Â± 1.80@@49.08,15.60 Â± 1.91 / 52.13 Â± 2.13@@15.60,43.78 Â± 3.15 / 17.83 Â± 3.79@@43.78,4.09 Â± 0.71 / 23.96 Â± 1.65@@4.09,4.43 Â± 1.97 / 52.23 Â± 1.03@@4.43,16.9.0.dev0@@160900,16.9.0.dev0@@160900,16.9.0.dev0@@160900,16.9.0.dev0@@160900,16.9.0.dev0@@160900,16.9.0.dev0@@160900
<a href='https://hf.co/utter-project/EuroMoE-2.6B-A0.6B-Preview'>utter-project/EuroMoE-2.6B-A0.6B-Preview</a>,ğŸ§ ,3.54@@3.54,2611528704.0,128000.0,4096.0,âœ“,âœ—,37.87 Â± 3.34 / 44.35 Â± 2.48@@37.87,28.92 Â± 5.13 / 28.29 Â± 4.99@@28.92,2.51 Â± 1.95 / 45.73 Â± 3.33@@2.51,51.14 Â± 1.00 / 30.01 Â± 1.67@@51.14,0.57 Â± 1.14 / 78.65 Â± 0.94@@0.57,0.00 Â± 0.00 / 49.12 Â± 0.75@@0.00,16.7.0.dev0@@160700,16.7.0.dev0@@160700,16.7.0.dev0@@160700,16.7.0.dev0@@160700,16.7.0.dev0@@160700,16.7.0.dev0@@160700
<a href='https://hf.co/BSC-LT/salamandra-7b-instruct'>BSC-LT/salamandra-7b-instruct</a>,ğŸ“,3.55@@3.55,7768117248.0,256000.0,8192.0,âœ“,âœ—,32.44 Â± 2.17 / 50.13 Â± 0.97@@32.44,43.46 Â± 1.89 / 38.91 Â± 1.89@@43.46,11.70 Â± 1.27 / 53.71 Â± 1.30@@11.70,19.53 Â± 0.55 / 0.11 Â± 0.07@@19.53,9.82 Â± 1.91 / 41.63 Â± 2.33@@9.82,5.77 Â± 1.94 / 51.92 Â± 0.96@@5.77,16.9.0.dev0@@160900,16.9.0.dev0@@160900,16.9.0.dev0@@160900,16.9.0.dev0@@160900,16.9.0.dev0@@160900,16.9.0.dev0@@160900
<a href='https://hf.co/deepcogito/cogito-v1-preview-llama-3B'>deepcogito/cogito-v1-preview-llama-3B</a>,ğŸ“,3.59@@3.59,3606752256.0,128256.0,131072.0,âœ“,âœ—,21.86 Â± 2.30 / 43.47 Â± 2.05@@21.86,59.16 Â± 1.61 / 49.65 Â± 1.43@@59.16,9.62 Â± 2.21 / 37.03 Â± 1.82@@9.62,21.36 Â± 1.27 / 0.08 Â± 0.07@@21.36,7.49 Â± 1.03 / 38.38 Â± 5.72@@7.49,2.13 Â± 2.46 / 50.15 Â± 1.11@@2.13,16.9.0.dev0@@160900,16.9.0.dev0@@160900,16.9.0.dev0@@160900,16.9.0.dev0@@160900,16.9.0.dev0@@160900,16.9.0.dev0@@160900
<a href='https://hf.co/arcee-ai/Trinity-Nano-Preview'>arcee-ai/Trinity-Nano-Preview</a>,ğŸ“,3.61@@3.61,6120003328.0,200192.0,131072.0,âœ“,âœ—,6.05 Â± 2.15 / 21.54 Â± 2.34@@6.05,53.28 Â± 2.26 / 49.25 Â± 2.11@@53.28,8.41 Â± 2.29 / 45.96 Â± 2.90@@8.41,62.06 Â± 1.23 / 39.50 Â± 1.26@@62.06,6.75 Â± 1.44 / 22.28 Â± 4.06@@6.75,1.45 Â± 1.91 / 51.23 Â± 0.67@@1.45,16.10.1.dev0@@161001,16.10.1.dev0@@161001,16.10.1.dev0@@161001,16.10.1.dev0@@161001,16.10.1.dev0@@161001,16.10.1.dev0@@161001
<a href='https://hf.co/Qwen/Qwen2.5-1.5B-Instruct'>Qwen/Qwen2.5-1.5B-Instruct</a>,ğŸ“,3.61@@3.61,1543714304.0,151936.0,32768.0,âœ“,âœ—,23.16 Â± 1.79 / 45.10 Â± 2.08@@23.16,46.59 Â± 1.10 / 37.96 Â± 1.19@@46.59,8.96 Â± 1.13 / 46.82 Â± 1.97@@8.96,29.62 Â± 0.91 / 1.59 Â± 0.82@@29.62,8.51 Â± 0.77 / 29.42 Â± 1.00@@8.51,4.18 Â± 1.95 / 51.90 Â± 1.05@@4.18,16.7.0.dev0@@160700,16.7.0.dev0@@160700,16.7.0.dev0@@160700,16.7.0.dev0@@160700,16.7.0.dev0@@160700,16.7.0.dev0@@160700
<a href='https://hf.co/allenai/Olmo-3-7B-Instruct-SFT'>allenai/Olmo-3-7B-Instruct-SFT</a>,ğŸ“,3.62@@3.62,7298011136.0,100278.0,65536.0,âœ—,âœ—,17.05 Â± 1.11 / 40.64 Â± 0.52@@17.05,42.49 Â± 3.21 / 41.05 Â± 2.26@@42.49,11.07 Â± 2.58 / 43.90 Â± 2.19@@11.07,49.44 Â± 3.20 / 26.67 Â± 4.04@@49.44,3.25 Â± 1.03 / 30.30 Â± 1.00@@3.25,2.83 Â± 2.79 / 51.46 Â± 1.41@@2.83,16.9.0.dev0@@160900,16.9.0.dev0@@160900,16.9.0.dev0@@160900,16.9.0.dev0@@160900,16.9.0.dev0@@160900,16.9.0.dev0@@160900
<a href='https://hf.co/arcee-ai/AFM-4.5B-Base'>arcee-ai/AFM-4.5B-Base</a>,ğŸ§ ,3.63@@3.63,4619184640.0,128004.0,65536.0,âœ“,âœ—,21.23 Â± 1.08 / 44.97 Â± 1.06@@21.23,42.44 Â± 3.10 / 41.21 Â± 2.99@@42.44,0.00 Â± 0.00 / 33.30 Â± 0.27@@0.00,51.72 Â± 1.95 / 33.17 Â± 2.27@@51.72,6.95 Â± 1.24 / 35.02 Â± 1.12@@6.95,1.34 Â± 1.80 / 49.46 Â± 0.70@@1.34,16.10.1.dev0@@161001,16.10.1.dev0@@161001,16.10.1.dev0@@161001,16.10.1.dev0@@161001,16.10.1.dev0@@161001,16.10.1.dev0@@161001
<a href='https://hf.co/arcee-ai/AFM-4.5B'>arcee-ai/AFM-4.5B</a>,ğŸ“,3.68@@3.68,4619189760.0,128005.0,65536.0,âœ“,âœ—,27.83 Â± 0.69 / 47.50 Â± 0.78@@27.83,40.08 Â± 2.58 / 35.95 Â± 2.13@@40.08,11.80 Â± 1.97 / 42.45 Â± 2.36@@11.80,20.60 Â± 0.92 / 0.11 Â± 0.07@@20.60,6.59 Â± 1.14 / 47.87 Â± 4.85@@6.59,2.79 Â± 2.16 / 51.00 Â± 0.96@@2.79,16.10.1.dev0@@161001,16.10.1.dev0@@161001,16.10.1.dev0@@161001,16.10.1.dev0@@161001,16.10.1.dev0@@161001,16.10.1.dev0@@161001
<a href='https://hf.co/meta-llama/Llama-3.2-3B-Instruct'>meta-llama/Llama-3.2-3B-Instruct</a>,ğŸ“,3.70@@3.70,3212749824.0,128256.0,131072.0,âœ“,âœ—,18.20 Â± 1.77 / 39.52 Â± 2.09@@18.20,63.93 Â± 1.31 / 53.02 Â± 1.86@@63.93,0.80 Â± 1.79 / 33.72 Â± 0.39@@0.80,19.19 Â± 1.24 / 0.04 Â± 0.05@@19.19,8.17 Â± 0.79 / 31.52 Â± 2.48@@8.17,-0.08 Â± 1.36 / 49.93 Â± 0.76@@-0.08,16.7.0.dev0@@160700,16.7.0.dev0@@160700,16.7.0.dev0@@160700,16.7.0.dev0@@160700,16.7.0.dev0@@160700,16.7.0.dev0@@160700
<a href='https://hf.co/google/gemma-3-1b-pt'>google/gemma-3-1b-pt</a>,ğŸ§ ,3.75@@3.75,999885952.0,262144.0,32768.0,âœ“,âœ—,18.74 Â± 3.05 / 42.10 Â± 3.17@@18.74,38.21 Â± 1.13 / 38.76 Â± 1.10@@38.21,2.95 Â± 1.69 / 37.07 Â± 2.57@@2.95,49.24 Â± 0.90 / 28.80 Â± 1.59@@49.24,-0.18 Â± 1.12 / 41.14 Â± 9.67@@-0.18,0.16 Â± 2.77 / 49.61 Â± 1.27@@0.16,16.9.0.dev0@@160900,16.9.0.dev0@@160900,16.9.0.dev0@@160900,16.9.0.dev0@@160900,16.9.0.dev0@@160900,16.9.0.dev0@@160900
<a href='https://hf.co/Qwen/Qwen3-0.6B'>Qwen/Qwen3-0.6B#no-thinking</a>,ğŸ“,3.75@@3.75,751632384.0,151936.0,40960.0,âœ“,âœ—,18.91 Â± 2.15 / 36.38 Â± 2.80@@18.91,43.21 Â± 1.94 / 38.61 Â± 2.08@@43.21,0.48 Â± 1.15 / 37.43 Â± 3.43@@0.48,44.32 Â± 1.54 / 23.92 Â± 1.13@@44.32,2.14 Â± 1.29 / 33.61 Â± 10.17@@2.14,-1.78 Â± 2.08 / 48.65 Â± 0.89@@-1.78,16.9.0.dev0@@160900,16.9.0.dev0@@160900,16.9.0.dev0@@160900,16.9.0.dev0@@160900,16.9.0.dev0@@160900,16.9.0.dev0@@160900
<a href='https://hf.co/yulan-team/YuLan-Mini-Instruct'>yulan-team/YuLan-Mini-Instruct</a>,ğŸ“,3.81@@3.81,2424375168.0,99000.0,28723.0,âœ—,âœ—,17.39 Â± 2.44 / 38.81 Â± 3.47@@17.39,48.34 Â± 1.45 / 45.18 Â± 2.06@@48.34,3.74 Â± 1.31 / 47.75 Â± 2.25@@3.74,22.30 Â± 0.64 / 0.08 Â± 0.09@@22.30,4.12 Â± 0.87 / 35.76 Â± 7.74@@4.12,0.20 Â± 1.10 / 49.40 Â± 0.65@@0.20,16.7.0.dev0@@160700,16.7.0.dev0@@160700,16.7.0.dev0@@160700,16.7.0.dev0@@160700,16.7.0.dev0@@160700,16.7.0.dev0@@160700
<a href='https://hf.co/google/gemma-3-1b-it'>google/gemma-3-1b-it</a>,ğŸ“,3.83@@3.83,999885952.0,262144.0,32768.0,âœ“,âœ—,24.85 Â± 3.38 / 46.08 Â± 3.15@@24.85,40.68 Â± 2.33 / 40.50 Â± 1.86@@40.68,4.60 Â± 2.48 / 41.69 Â± 5.61@@4.60,17.76 Â± 0.75 / 0.02 Â± 0.04@@17.76,1.95 Â± 0.84 / 50.06 Â± 5.74@@1.95,0.64 Â± 1.44 / 50.42 Â± 0.83@@0.64,16.9.0.dev0@@160900,16.9.0.dev0@@160900,16.9.0.dev0@@160900,16.9.0.dev0@@160900,16.9.0.dev0@@160900,16.9.0.dev0@@160900
<a href='https://hf.co/PleIAs/Pleias-1.2b-Preview'>PleIAs/Pleias-1.2b-Preview</a>,ğŸ§ ,3.85@@3.85,1195468800.0,65536.0,2048.0,âœ“,âœ—,22.79 Â± 3.33 / 34.98 Â± 2.75@@22.79,38.94 Â± 4.77 / 38.88 Â± 4.64@@38.94,0.37 Â± 0.90 / 35.93 Â± 2.78@@0.37,23.80 Â± 3.13 / 8.92 Â± 2.45@@23.80,2.03 Â± 2.01 / 36.88 Â± 13.22@@2.03,-1.02 Â± 1.04 / 49.05 Â± 0.75@@-1.02,16.9.0.dev0@@160900,16.9.0.dev0@@160900,16.9.0.dev0@@160900,16.9.0.dev0@@160900,16.9.0.dev0@@160900,16.9.0.dev0@@160900
<a href='https://hf.co/meta-llama/Llama-3.2-1B'>meta-llama/Llama-3.2-1B</a>,ğŸ§ ,3.89@@3.89,1235814400.0,128256.0,131072.0,âœ“,âœ—,17.63 Â± 1.91 / 40.77 Â± 1.77@@17.63,22.21 Â± 4.37 / 22.37 Â± 4.47@@22.21,0.18 Â± 1.58 / 49.40 Â± 0.63@@0.18,46.09 Â± 1.58 / 25.27 Â± 1.52@@46.09,-1.21 Â± 0.85 / 24.80 Â± 1.21@@-1.21,1.61 Â± 3.41 / 50.39 Â± 1.55@@1.61,16.9.0.dev0@@160900,16.9.0.dev0@@160900,16.9.0.dev0@@160900,16.9.0.dev0@@160900,16.9.0.dev0@@160900,16.9.0.dev0@@160900
<a href='https://hf.co/utter-project/EuroMoE-2.6B-A0.6B-Instruct-Preview'>utter-project/EuroMoE-2.6B-A0.6B-Instruct-Preview</a>,ğŸ“,3.91@@3.91,2611528704.0,128000.0,4096.0,âœ“,âœ—,18.18 Â± 8.77 / 33.56 Â± 5.89@@18.18,32.53 Â± 4.61 / 32.33 Â± 4.30@@32.53,1.62 Â± 1.48 / 40.55 Â± 4.67@@1.62,30.16 Â± 2.85 / 7.81 Â± 2.39@@30.16,0.33 Â± 0.94 / 7.56 Â± 0.48@@0.33,1.66 Â± 2.42 / 51.12 Â± 0.98@@1.66,16.7.0.dev0@@160700,16.7.0.dev0@@160700,16.7.0.dev0@@160700,16.7.0.dev0@@160700,16.7.0.dev0@@160700,16.7.0.dev0@@160700
<a href='https://hf.co/LiquidAI/LFM2-2.6B'>LiquidAI/LFM2-2.6B</a>,ğŸ“,3.97@@3.97,2569272320.0,65536.0,128000.0,âœ—,âœ—,12.79 Â± 1.21 / 36.41 Â± 1.56@@12.79,31.35 Â± 1.91 / 29.78 Â± 1.59@@31.35,8.40 Â± 0.82 / 50.70 Â± 2.23@@8.40,24.74 Â± 1.93 / 6.95 Â± 1.40@@24.74,2.23 Â± 1.49 / 50.85 Â± 5.56@@2.23,0.40 Â± 2.14 / 50.01 Â± 1.13@@0.40,16.7.0.dev0@@160700,16.7.0.dev0@@160700,16.7.0.dev0@@160700,16.7.0.dev0@@160700,16.7.0.dev0@@160700,16.7.0.dev0@@160700
<a href='https://hf.co/PleIAs/Pleias-3b-Preview'>PleIAs/Pleias-3b-Preview</a>,ğŸ§ ,4.09@@4.09,3211926528.0,65536.0,4096.0,âœ“,âœ—,1.17 Â± 4.88 / 27.25 Â± 3.12@@1.17,27.06 Â± 7.76 / 28.02 Â± 7.73@@27.06,1.50 Â± 1.69 / 38.99 Â± 3.49@@1.50,36.24 Â± 1.77 / 18.93 Â± 1.57@@36.24,0.81 Â± 0.94 / 71.70 Â± 3.40@@0.81,0.04 Â± 0.76 / 49.18 Â± 0.75@@0.04,16.8.0.dev0@@160800,16.8.0.dev0@@160800,16.8.0.dev0@@160800,16.8.0.dev0@@160800,16.8.0.dev0@@160800,16.8.0.dev0@@160800
<a href='https://hf.co/PleIAs/Pleias-350m-Preview'>PleIAs/Pleias-350m-Preview</a>,ğŸ§ ,4.12@@4.12,353424384.0,65536.0,2048.0,âœ“,âœ—,10.77 Â± 3.12 / 26.42 Â± 3.15@@10.77,36.57 Â± 4.07 / 37.63 Â± 4.12@@36.57,-0.43 Â± 1.38 / 36.58 Â± 3.40@@-0.43,6.93 Â± 1.26 / 1.71 Â± 0.48@@6.93,-0.64 Â± 1.18 / 44.79 Â± 8.55@@-0.64,-0.01 Â± 1.28 / 49.12 Â± 0.77@@-0.01,16.9.0.dev0@@160900,16.9.0.dev0@@160900,16.9.0.dev0@@160900,16.9.0.dev0@@160900,16.9.0.dev0@@160900,16.9.0.dev0@@160900
<a href='https://hf.co/baidu/ERNIE-4.5-0.3B-PT'>baidu/ERNIE-4.5-0.3B-PT</a>,ğŸ“,4.12@@4.12,?,103424.0,131072.0,âœ“,âœ—,2.87 Â± 2.06 / 22.44 Â± 3.08@@2.87,31.22 Â± 1.98 / 30.64 Â± 1.84@@31.22,0.08 Â± 0.85 / 34.42 Â± 1.18@@0.08,27.12 Â± 2.69 / 12.29 Â± 2.00@@27.12,0.04 Â± 1.47 / 20.29 Â± 4.42@@0.04,2.28 Â± 1.87 / 51.01 Â± 0.96@@2.28,16.9.0.dev0@@160900,16.9.0.dev0@@160900,16.9.0.dev0@@160900,16.9.0.dev0@@160900,16.9.0.dev0@@160900,16.9.0.dev0@@160900
<a href='https://hf.co/google/gemma-3-270m-it'>google/gemma-3-270m-it</a>,ğŸ“,4.13@@4.13,268098176.0,262144.0,32768.0,âœ“,âœ—,17.10 Â± 7.56 / 33.11 Â± 5.96@@17.10,19.65 Â± 3.60 / 19.73 Â± 3.36@@19.65,0.96 Â± 1.08 / 38.83 Â± 4.45@@0.96,7.29 Â± 0.40 / 0.00 Â± 0.00@@7.29,0.79 Â± 1.54 / 56.84 Â± 17.78@@0.79,0.51 Â± 1.94 / 49.80 Â± 0.92@@0.51,16.9.0.dev0@@160900,16.9.0.dev0@@160900,16.9.0.dev0@@160900,16.9.0.dev0@@160900,16.9.0.dev0@@160900,16.9.0.dev0@@160900
<a href='https://hf.co/lapa-llm/lapa-12b-pt'>lapa-llm/lapa-12b-pt</a>,ğŸ“,4.17@@4.17,12187325040.0,262144.0,8192.0,âœ“,âœ—,-4.36 Â± 3.39 / 20.16 Â± 1.98@@-4.36,55.06 Â± 3.17 / 49.38 Â± 2.44@@55.06,1.17 Â± 1.15 / 34.07 Â± 0.94@@1.17,1.41 Â± 0.22 / 0.00 Â± 0.00@@1.41,1.11 Â± 1.54 / 17.78 Â± 4.79@@1.11,0.65 Â± 1.18 / 49.15 Â± 0.74@@0.65,16.9.0.dev0@@160900,16.9.0.dev0@@160900,16.9.0.dev0@@160900,16.9.0.dev0@@160900,16.9.0.dev0@@160900,16.9.0.dev0@@160900
<a href='https://hf.co/meta-llama/Llama-3.2-1B-Instruct'>meta-llama/Llama-3.2-1B-Instruct</a>,ğŸ“,4.18@@4.18,1235814400.0,128256.0,131072.0,âœ“,âœ—,4.83 Â± 1.93 / 22.93 Â± 2.33@@4.83,33.97 Â± 4.99 / 33.88 Â± 3.02@@33.97,-0.08 Â± 1.35 / 33.38 Â± 0.31@@-0.08,8.33 Â± 1.72 / 0.00 Â± 0.00@@8.33,-0.20 Â± 1.01 / 37.06 Â± 11.11@@-0.20,0.91 Â± 1.80 / 50.09 Â± 1.27@@0.91,16.9.0.dev0@@160900,16.9.0.dev0@@160900,16.9.0.dev0@@160900,16.9.0.dev0@@160900,16.9.0.dev0@@160900,16.9.0.dev0@@160900
<a href='https://hf.co/LiquidAI/LFM2.5-1.2B-Instruct'>LiquidAI/LFM2.5-1.2B-Instruct</a>,ğŸ“,4.25@@4.25,1170340608.0,65536.0,128000.0,âœ—,âœ—,5.97 Â± 1.56 / 21.85 Â± 2.08@@5.97,24.36 Â± 1.52 / 25.91 Â± 1.31@@24.36,-0.32 Â± 1.41 / 35.03 Â± 2.28@@-0.32,8.57 Â± 0.40 / 0.06 Â± 0.06@@8.57,1.33 Â± 0.74 / 10.64 Â± 2.40@@1.33,0.18 Â± 2.86 / 49.87 Â± 1.23@@0.18,16.10.1.dev0@@161001,16.10.1.dev0@@161001,16.10.1.dev0@@161001,16.10.1.dev0@@161001,16.10.1.dev0@@161001,16.10.1.dev0@@161001
<a href='https://hf.co/HuggingFaceTB/SmolLM2-360M'>HuggingFaceTB/SmolLM2-360M</a>,ğŸ§ ,4.27@@4.27,361821120.0,49152.0,8192.0,âœ“,âœ—,-0.04 Â± 0.82 / 16.96 Â± 0.56@@-0.04,28.31 Â± 2.16 / 31.99 Â± 2.05@@28.31,1.51 Â± 1.96 / 37.23 Â± 3.37@@1.51,6.30 Â± 1.56 / 1.50 Â± 0.65@@6.30,1.05 Â± 1.28 / 34.32 Â± 9.82@@1.05,-0.76 Â± 2.40 / 49.73 Â± 1.03@@-0.76,16.9.0.dev0@@160900,16.9.0.dev0@@160900,16.9.0.dev0@@160900,16.9.0.dev0@@160900,16.9.0.dev0@@160900,16.9.0.dev0@@160900
<a href='https://hf.co/google/gemma-3-270m'>google/gemma-3-270m</a>,ğŸ§ ,4.29@@4.29,268098176.0,262144.0,32768.0,âœ“,âœ—,1.51 Â± 2.18 / 20.76 Â± 2.84@@1.51,22.83 Â± 2.30 / 24.23 Â± 2.53@@22.83,0.12 Â± 0.24 / 33.32 Â± 0.26@@0.12,15.91 Â± 1.22 / 4.31 Â± 0.95@@15.91,-0.06 Â± 1.86 / 24.04 Â± 12.09@@-0.06,-0.72 Â± 1.08 / 49.09 Â± 0.75@@-0.72,16.9.0.dev0@@160900,16.9.0.dev0@@160900,16.9.0.dev0@@160900,16.9.0.dev0@@160900,16.9.0.dev0@@160900,16.9.0.dev0@@160900
<a href='https://hf.co/HuggingFaceTB/SmolLM2-360M-Instruct'>HuggingFaceTB/SmolLM2-360M-Instruct</a>,ğŸ“,4.32@@4.32,361821120.0,49152.0,8192.0,âœ“,âœ—,1.22 Â± 1.85 / 19.71 Â± 2.34@@1.22,27.15 Â± 2.75 / 28.62 Â± 3.34@@27.15,-1.31 Â± 1.61 / 39.51 Â± 4.15@@-1.31,3.57 Â± 1.01 / 0.00 Â± 0.00@@3.57,1.08 Â± 1.01 / 36.10 Â± 8.17@@1.08,-0.42 Â± 1.19 / 49.32 Â± 0.79@@-0.42,16.9.0.dev0@@160900,16.9.0.dev0@@160900,16.9.0.dev0@@160900,16.9.0.dev0@@160900,16.9.0.dev0@@160900,16.9.0.dev0@@160900
<a href='https://hf.co/LiquidAI/LFM2-350M'>LiquidAI/LFM2-350M</a>,ğŸ“,4.36@@4.36,354483968.0,65536.0,128000.0,âœ—,âœ—,5.32 Â± 2.15 / 29.12 Â± 3.50@@5.32,18.61 Â± 1.30 / 20.52 Â± 1.48@@18.61,0.03 Â± 1.29 / 35.48 Â± 3.30@@0.03,2.52 Â± 0.41 / 0.02 Â± 0.04@@2.52,0.08 Â± 1.21 / 29.70 Â± 8.58@@0.08,-0.58 Â± 2.04 / 49.47 Â± 0.77@@-0.58,16.9.0.dev0@@160900,16.9.0.dev0@@160900,16.9.0.dev0@@160900,16.9.0.dev0@@160900,16.9.0.dev0@@160900,16.9.0.dev0@@160900
<a href='https://hf.co/LiquidAI/LFM2-1.2B'>LiquidAI/LFM2-1.2B</a>,ğŸ“,4.38@@4.38,1170340608.0,65536.0,128000.0,âœ—,âœ—,2.27 Â± 2.15 / 23.50 Â± 1.82@@2.27,13.56 Â± 1.37 / 16.42 Â± 1.35@@13.56,-0.36 Â± 1.82 / 40.70 Â± 3.85@@-0.36,5.35 Â± 0.55 / 0.00 Â± 0.00@@5.35,-0.37 Â± 1.06 / 44.59 Â± 9.36@@-0.37,5.20 Â± 2.88 / 51.63 Â± 1.73@@5.20,16.9.0.dev0@@160900,16.9.0.dev0@@160900,16.9.0.dev0@@160900,16.9.0.dev0@@160900,16.9.0.dev0@@160900,16.9.0.dev0@@160900
<a href='https://hf.co/LiquidAI/LFM2-700M'>LiquidAI/LFM2-700M</a>,ğŸ“,4.38@@4.38,742489344.0,65536.0,128000.0,âœ—,âœ—,2.84 Â± 2.40 / 27.07 Â± 1.77@@2.84,18.46 Â± 1.49 / 19.88 Â± 1.43@@18.46,1.40 Â± 1.53 / 36.65 Â± 3.38@@1.40,4.73 Â± 0.39 / 0.00 Â± 0.00@@4.73,-0.22 Â± 0.69 / 60.59 Â± 9.22@@-0.22,0.00 Â± 0.00 / 49.12 Â± 0.75@@0.00,16.9.0.dev0@@160900,16.9.0.dev0@@160900,16.9.0.dev0@@160900,16.9.0.dev0@@160900,16.9.0.dev0@@160900,16.9.0.dev0@@160900
<a href='https://hf.co/LiquidAI/LFM2.5-1.2B-Base'>LiquidAI/LFM2.5-1.2B-Base</a>,ğŸ“,4.41@@4.41,1170340608.0,65536.0,128000.0,âœ—,âœ—,2.16 Â± 2.93 / 23.81 Â± 2.84@@2.16,12.80 Â± 3.31 / 12.60 Â± 3.21@@12.80,-0.41 Â± 0.54 / 33.32 Â± 0.28@@-0.41,7.04 Â± 0.91 / 0.00 Â± 0.00@@7.04,-0.81 Â± 1.22 / 16.21 Â± 6.72@@-0.81,0.15 Â± 1.68 / 50.02 Â± 1.04@@0.15,16.10.1.dev0@@161001,16.10.1.dev0@@161001,16.10.1.dev0@@161001,16.10.1.dev0@@161001,16.10.1.dev0@@161001,16.10.1.dev0@@161001
<a href='https://hf.co/HuggingFaceTB/SmolLM2-135M'>HuggingFaceTB/SmolLM2-135M</a>,ğŸ§ ,4.42@@4.42,134515008.0,49152.0,8192.0,âœ“,âœ—,0.39 Â± 0.77 / 17.43 Â± 1.55@@0.39,18.87 Â± 1.83 / 19.25 Â± 2.18@@18.87,-0.13 Â± 0.74 / 39.76 Â± 3.82@@-0.13,2.82 Â± 0.77 / 0.17 Â± 0.17@@2.82,-1.98 Â± 1.33 / 43.61 Â± 10.71@@-1.98,1.54 Â± 2.24 / 49.63 Â± 1.14@@1.54,16.9.0.dev0@@160900,16.9.0.dev0@@160900,16.9.0.dev0@@160900,16.9.0.dev0@@160900,16.9.0.dev0@@160900,16.9.0.dev0@@160900
<a href='https://hf.co/HuggingFaceTB/SmolLM2-135M-Instruct'>HuggingFaceTB/SmolLM2-135M-Instruct</a>,ğŸ“,4.43@@4.43,134515008.0,49152.0,8192.0,âœ“,âœ—,0.95 Â± 2.60 / 18.59 Â± 1.55@@0.95,12.62 Â± 2.87 / 13.77 Â± 3.29@@12.62,0.12 Â± 0.49 / 34.40 Â± 1.56@@0.12,2.70 Â± 0.83 / 0.00 Â± 0.00@@2.70,-0.05 Â± 1.07 / 33.76 Â± 14.22@@-0.05,-0.18 Â± 1.32 / 49.34 Â± 0.89@@-0.18,16.9.0.dev0@@160900,16.9.0.dev0@@160900,16.9.0.dev0@@160900,16.9.0.dev0@@160900,16.9.0.dev0@@160900,16.9.0.dev0@@160900
<a href='https://hf.co/PleIAs/Baguettotron'>PleIAs/Baguettotron@refs/pr/6#no-thinking</a>,ğŸ“,4.56@@4.56,320956992.0,65536.0,4096.0,âœ“,âœ—,0.51 Â± 1.22 / 21.28 Â± 1.72@@0.51,1.48 Â± 1.03 / 2.26 Â± 1.41@@1.48,-1.04 Â± 1.99 / 46.69 Â± 1.84@@-1.04,1.16 Â± 0.12 / 0.00 Â± 0.00@@1.16,-0.28 Â± 0.47 / 19.37 Â± 16.45@@-0.28,-0.90 Â± 1.33 / 50.21 Â± 0.85@@-0.90,16.10.1.dev0@@161001,16.10.1.dev0@@161001,16.10.1.dev0@@161001,16.10.1.dev0@@161001,16.10.1.dev0@@161001,16.10.1.dev0@@161001
<a href='https://hf.co/PleIAs/Baguettotron'>PleIAs/Baguettotron@refs/pr/6#thinking</a>,ğŸ¤”,4.58@@4.58,320956992.0,65536.0,4096.0,âœ“,âœ—,0.00 Â± 0.00 / 16.67 Â± 0.13@@0.00,0.00 Â± 0.00 / 0.00 Â± 0.00@@0.00,0.00 Â± 0.00 / 33.30 Â± 0.27@@0.00,0.00 Â± 0.00 / 0.00 Â± 0.00@@0.00,0.00 Â± 0.00 / 79.46 Â± 0.78@@0.00,0.00 Â± 0.00 / 49.12 Â± 0.75@@0.00,16.10.1.dev0@@161001,16.10.1.dev0@@161001,16.10.1.dev0@@161001,16.10.1.dev0@@161001,16.10.1.dev0@@161001,16.10.1.dev0@@161001
<a href='https://hf.co/PleIAs/Baguettotron'>PleIAs/Baguettotron@refs/pr/6</a>,ğŸ¤”,4.59@@4.59,320956992.0,65536.0,4096.0,âœ“,âœ—,0.59 Â± 1.26 / 24.24 Â± 0.89@@0.59,0.00 Â± 0.00 / 0.00 Â± 0.00@@0.00,-0.37 Â± 2.00 / 44.95 Â± 1.76@@-0.37,0.06 Â± 0.01 / 0.00 Â± 0.00@@0.06,-0.61 Â± 0.72 / 77.85 Â± 0.94@@-0.61,-1.27 Â± 3.30 / 49.11 Â± 0.88@@-1.27,16.7.1@@160701,16.7.1@@160701,16.7.1@@160701,16.7.1@@160701,16.7.1@@160701,16.7.1@@160701
<a href='https://hf.co/PleIAs/Monad'>PleIAs/Monad</a>,ğŸ§ ,4.60@@4.60,56656128.0,8192.0,2048.0,âœ“,âœ—,-2.07 Â± 1.28 / 19.59 Â± 1.66@@-2.07,0.00 Â± 0.01 / 0.00 Â± 0.01@@0.00,0.07 Â± 1.25 / 40.57 Â± 4.37@@0.07,0.60 Â± 0.07 / 0.00 Â± 0.00@@0.60,-0.20 Â± 1.36 / 36.52 Â± 15.69@@-0.20,-0.03 Â± 1.27 / 49.61 Â± 0.78@@-0.03,16.10.1.dev0@@161001,16.10.1.dev0@@161001,16.10.1.dev0@@161001,16.10.1.dev0@@161001,16.10.1.dev0@@161001,16.10.1.dev0@@161001
<a href='https://hf.co/Geotrend/distilbert-base-25lang-cased'>Geotrend/distilbert-base-25lang-cased</a>,ğŸ”,-@@100,108867577.0,84985.0,512.0,âœ“,âœ—,25.99 Â± 1.35 / 47.96 Â± 0.99@@25.99,85.86 Â± 0.45 / 86.20 Â± 0.45@@85.86,6.20 Â± 5.08 / 44.97 Â± 6.96@@6.20,0.75 Â± 0.87 / 0.36 Â± 0.43@@0.75,-@@-1,-@@-1,16.7.0.dev0@@160700,16.7.0.dev0@@160700,16.7.0.dev0@@160700,16.7.0.dev0@@160700,-@@0,-@@0
<a href='https://hf.co/FacebookAI/xlm-roberta-large'>FacebookAI/xlm-roberta-large</a>,ğŸ”,-@@100,561192082.0,250002.0,512.0,âœ“,âœ—,31.66 Â± 7.10 / 48.80 Â± 4.38@@31.66,86.51 Â± 0.90 / 86.88 Â± 0.88@@86.51,53.44 Â± 16.23 / 74.10 Â± 10.43@@53.44,30.29 Â± 1.09 / 20.70 Â± 0.98@@30.29,-@@-1,-@@-1,16.9.0.dev0@@160900,16.9.0.dev0@@160900,16.9.0.dev0@@160900,16.9.0.dev0@@160900,-@@0,-@@0
<a href='https://hf.co/EuropeanParliament/EUBERT'>EuropeanParliament/EUBERT</a>,ğŸ”,-@@100,93990500.0,65636.0,512.0,âœ“,âœ—,28.40 Â± 2.02 / 48.27 Â± 1.16@@28.40,73.86 Â± 1.19 / 74.51 Â± 1.13@@73.86,7.06 Â± 4.30 / 52.32 Â± 2.81@@7.06,1.26 Â± 0.84 / 0.61 Â± 0.44@@1.26,-@@-1,-@@-1,16.9.0.dev0@@160900,16.9.0.dev0@@160900,16.9.0.dev0@@160900,16.9.0.dev0@@160900,-@@0,-@@0
<a href='https://hf.co/EuroBERT/EuroBERT-610m'>EuroBERT/EuroBERT-610m</a>,ğŸ”,-@@100,755625600.0,128256.0,8192.0,âœ“,âœ—,17.28 Â± 4.38 / 41.83 Â± 2.51@@17.28,64.21 Â± 7.73 / 64.47 Â± 8.43@@64.21,0.93 Â± 1.82 / 41.20 Â± 4.98@@0.93,24.91 Â± 2.75 / 15.98 Â± 2.50@@24.91,-@@-1,-@@-1,16.9.0.dev0@@160900,16.9.0.dev0@@160900,16.9.0.dev0@@160900,16.9.0.dev0@@160900,-@@0,-@@0
<a href='https://hf.co/EuroBERT/EuroBERT-210m'>EuroBERT/EuroBERT-210m</a>,ğŸ”,-@@100,310266624.0,128256.0,8192.0,âœ“,âœ—,19.71 Â± 2.81 / 44.12 Â± 1.48@@19.71,64.53 Â± 4.62 / 65.52 Â± 4.35@@64.53,4.43 Â± 1.53 / 48.46 Â± 3.21@@4.43,14.59 Â± 1.69 / 7.69 Â± 1.19@@14.59,-@@-1,-@@-1,16.9.0.dev0@@160900,16.9.0.dev0@@160900,16.9.0.dev0@@160900,16.9.0.dev0@@160900,-@@0,-@@0
<a href='https://hf.co/intfloat/multilingual-e5-large'>intfloat/multilingual-e5-large</a>,ğŸ”,-@@100,559890946.0,250002.0,512.0,âœ“,âœ—,36.08 Â± 2.24 / 51.31 Â± 1.14@@36.08,89.69 Â± 1.12 / 89.88 Â± 1.03@@89.69,46.85 Â± 12.27 / 71.31 Â± 7.12@@46.85,32.39 Â± 2.09 / 22.33 Â± 2.67@@32.39,-@@-1,-@@-1,16.7.0.dev0@@160700,16.7.0.dev0@@160700,16.7.0.dev0@@160700,16.7.0.dev0@@160700,-@@0,-@@0
<a href='https://hf.co/sentence-transformers/paraphrase-multilingual-MiniLM-L12-v2'>sentence-transformers/paraphrase-multilingual-MiniLM-L12-v2</a>,ğŸ”,-@@100,117654272.0,250037.0,512.0,âœ“,âœ—,30.35 Â± 0.99 / 49.03 Â± 0.69@@30.35,76.37 Â± 1.72 / 77.04 Â± 1.68@@76.37,-0.97 Â± 1.90 / 48.05 Â± 1.63@@-0.97,0.41 Â± 0.49 / 0.13 Â± 0.21@@0.41,-@@-1,-@@-1,16.7.0.dev0@@160700,16.7.0.dev0@@160700,16.7.0.dev0@@160700,16.7.0.dev0@@160700,-@@0,-@@0
<a href='https://hf.co/intfloat/multilingual-e5-base'>intfloat/multilingual-e5-base</a>,ğŸ”,-@@100,278044162.0,250002.0,512.0,âœ“,âœ—,33.70 Â± 1.78 / 50.84 Â± 0.81@@33.70,89.27 Â± 0.43 / 89.52 Â± 0.41@@89.27,33.76 Â± 10.74 / 64.73 Â± 5.16@@33.76,20.31 Â± 2.33 / 12.58 Â± 1.85@@20.31,-@@-1,-@@-1,16.7.0.dev0@@160700,16.7.0.dev0@@160700,16.7.0.dev0@@160700,16.7.0.dev0@@160700,-@@0,-@@0
<a href='https://hf.co/answerdotai/ModernBERT-base'>answerdotai/ModernBERT-base</a>,ğŸ”,-@@100,149655232.0,50368.0,8192.0,âœ“,âœ—,16.02 Â± 1.58 / 41.40 Â± 1.11@@16.02,64.75 Â± 1.25 / 65.92 Â± 1.19@@64.75,1.85 Â± 1.42 / 48.65 Â± 2.92@@1.85,9.03 Â± 0.88 / 3.00 Â± 0.76@@9.03,-@@-1,-@@-1,16.7.0.dev0@@160700,16.7.0.dev0@@160700,16.7.0.dev0@@160700,16.7.0.dev0@@160700,-@@0,-@@0
<a href='https://hf.co/answerdotai/ModernBERT-large'>answerdotai/ModernBERT-large</a>,ğŸ”,-@@100,395881664.0,50368.0,8192.0,âœ“,âœ—,18.86 Â± 2.63 / 42.91 Â± 1.40@@18.86,66.25 Â± 1.94 / 67.37 Â± 1.87@@66.25,1.24 Â± 2.00 / 46.11 Â± 4.37@@1.24,13.57 Â± 0.96 / 6.28 Â± 0.59@@13.57,-@@-1,-@@-1,16.7.0.dev0@@160700,16.7.0.dev0@@160700,16.7.0.dev0@@160700,16.7.0.dev0@@160700,-@@0,-@@0
<a href='https://hf.co/microsoft/mdeberta-v3-base'>microsoft/mdeberta-v3-base</a>,ğŸ”,-@@100,278810882.0,251000.0,512.0,âœ“,âœ—,31.46 Â± 1.89 / 48.52 Â± 0.85@@31.46,86.85 Â± 1.28 / 87.21 Â± 1.19@@86.85,63.71 Â± 2.25 / 80.44 Â± 1.51@@63.71,14.58 Â± 3.35 / 8.68 Â± 2.11@@14.58,-@@-1,-@@-1,16.7.0.dev0@@160700,16.7.0.dev0@@160700,16.7.0.dev0@@160700,16.7.0.dev0@@160700,-@@0,-@@0
fresh-electra-small,ğŸ”,-@@100,13738755.0,32000.0,128.0,âœ“,âœ—,5.11 Â± 5.62 / 24.50 Â± 7.60@@5.11,3.42 Â± 0.82 / 3.71 Â± 0.89@@3.42,0.00 Â± 0.00 / 33.32 Â± 0.27@@0.00,0.00 Â± 0.00 / 0.00 Â± 0.00@@0.00,-@@-1,-@@-1,16.7.0.dev0@@160700,16.7.0.dev0@@160700,16.7.0.dev0@@160700,16.7.0.dev0@@160700,-@@0,-@@0
fresh-xlm-roberta-base,ğŸ”,-@@100,278885778.0,250002.0,512.0,âœ“,âœ—,16.42 Â± 5.84 / 37.91 Â± 6.13@@16.42,51.24 Â± 1.58 / 52.87 Â± 1.44@@51.24,0.45 Â± 1.07 / 38.60 Â± 4.31@@0.45,0.00 Â± 0.00 / 0.00 Â± 0.00@@0.00,-@@-1,-@@-1,16.7.0.dev0@@160700,16.7.0.dev0@@160700,16.7.0.dev0@@160700,16.7.0.dev0@@160700,-@@0,-@@0
<a href='https://hf.co/google/rembert'>google/rembert</a>,ğŸ”,-@@100,575922690.0,250300.0,512.0,âœ“,âœ—,12.98 Â± 5.36 / 36.49 Â± 6.69@@12.98,85.98 Â± 0.20 / 86.29 Â± 0.21@@85.98,47.44 Â± 14.56 / 71.89 Â± 9.73@@47.44,35.70 Â± 1.26 / 26.09 Â± 1.10@@35.70,-@@-1,-@@-1,16.7.0.dev0@@160700,16.7.0.dev0@@160700,16.7.0.dev0@@160700,16.7.0.dev0@@160700,-@@0,-@@0
<a href='https://hf.co/jhu-clsp/mmBERT-small'>jhu-clsp/mmBERT-small</a>,ğŸ”,-@@100,140642306.0,256000.0,8192.0,âœ“,âœ—,21.76 Â± 1.80 / 45.21 Â± 1.37@@21.76,85.70 Â± 0.95 / 86.01 Â± 0.88@@85.70,51.03 Â± 3.10 / 75.16 Â± 1.77@@51.03,25.64 Â± 1.81 / 16.12 Â± 1.11@@25.64,-@@-1,-@@-1,16.7.0.dev0@@160700,16.7.0.dev0@@160700,16.7.0.dev0@@160700,16.7.0.dev0@@160700,-@@0,-@@0
<a href='https://hf.co/jhu-clsp/mmBERT-base'>jhu-clsp/mmBERT-base</a>,ğŸ”,-@@100,307531778.0,256000.0,8192.0,âœ“,âœ—,28.16 Â± 1.96 / 48.03 Â± 1.12@@28.16,87.60 Â± 0.79 / 87.87 Â± 0.78@@87.60,56.63 Â± 3.91 / 77.99 Â± 2.06@@56.63,30.20 Â± 1.78 / 20.02 Â± 1.35@@30.20,-@@-1,-@@-1,16.7.0.dev0@@160700,16.7.0.dev0@@160700,16.7.0.dev0@@160700,16.7.0.dev0@@160700,-@@0,-@@0
<a href='https://hf.co/setu4993/LaBSE'>setu4993/LaBSE</a>,ğŸ”,-@@100,470927360.0,501153.0,512.0,âœ“,âœ—,34.29 Â± 1.53 / 50.70 Â± 0.78@@34.29,90.65 Â± 0.57 / 90.75 Â± 0.53@@90.65,56.24 Â± 3.37 / 76.97 Â± 1.82@@56.24,27.76 Â± 1.56 / 18.70 Â± 1.28@@27.76,-@@-1,-@@-1,16.7.0.dev0@@160700,16.7.0.dev0@@160700,16.7.0.dev0@@160700,16.7.0.dev0@@160700,-@@0,-@@0
<a href='https://hf.co/AI-Sweden-Models/ModernBERT-large'>AI-Sweden-Models/ModernBERT-large</a>,ğŸ”,-@@100,395881664.0,50368.0,8192.0,âœ“,âœ—,17.71 Â± 2.18 / 43.41 Â± 1.52@@17.71,60.32 Â± 2.52 / 61.52 Â± 2.45@@60.32,2.79 Â± 1.55 / 49.02 Â± 2.29@@2.79,16.86 Â± 1.60 / 10.35 Â± 0.92@@16.86,-@@-1,-@@-1,16.7.0.dev0@@160700,16.7.0.dev0@@160700,16.7.0.dev0@@160700,16.7.0.dev0@@160700,-@@0,-@@0
