<span style='font-size: 12px; font-weight: normal; opacity: 0.6;'>Task Type</span>,<span style='visibility: hidden;'>dummy</span>,,,,,,,<a id=8 href='https://euroeval.com/tasks/sentiment-classification/' style='font-size: 12px; font-weight: normal; color: Grey; text-decoration: underline;'>Sentiment classification</a>,<a id=9 href='https://euroeval.com/tasks/named-entity-recognition/' style='font-size: 12px; font-weight: normal; color: Grey; text-decoration: underline;'>Named entity recognition</a>,<a id=10 href='https://euroeval.com/tasks/linguistic-acceptability/' style='font-size: 12px; font-weight: normal; color: Grey; text-decoration: underline;'>Linguistic acceptability</a>,<a id=11 href='https://euroeval.com/tasks/reading-comprehension/' style='font-size: 12px; font-weight: normal; color: Grey; text-decoration: underline;'>Reading comprehension</a>,<span style='visibility: hidden;'>hidden</span>,,,
Model,Type,Rank,Parameters,Vocabulary,Context,Commercial,Merge,<a href='https://euroeval.com/datasets/czech#csfd-sentiment'>csfd_sentiment</a>,<a href='https://euroeval.com/datasets/czech#poner'>poner</a>,<a href='https://euroeval.com/datasets/czech#cs-gec'>cs_gec</a>,<a href='https://euroeval.com/datasets/czech#sqad'>sqad</a>,csfd_sentiment_version,poner_version,cs_gec_version,sqad_version
"<a href='https://ai.google.dev/gemini-api/docs/models#gemini-3-flash-preview'>gemini/gemini-3-flash-preview#thinking (zero-shot, val)</a>",ğŸ¤”,1.36@@1.36,?,256128.0,1048576.0,âœ“,âœ—,58.82 Â± 1.86 / 64.57 Â± 1.41@@58.82,63.36 Â± 1.26 / 59.26 Â± 1.77@@63.36,64.64 Â± 3.69 / 81.87 Â± 1.95@@64.64,67.39 Â± 1.08 / 47.53 Â± 1.06@@67.39,16.9.0.dev0@@160900,16.9.0.dev0@@160900,16.9.0.dev0@@160900,16.9.0.dev0@@160900
<a href='https://hf.co/google/gemma-3-27b-pt'>google/gemma-3-27b-pt</a>,ğŸ§ ,1.49@@1.49,27432406640.0,262144.0,8192.0,âœ“,âœ—,72.91 Â± 1.56 / 80.56 Â± 1.61@@72.91,59.59 Â± 0.98 / 50.31 Â± 1.37@@59.59,44.19 Â± 2.32 / 70.87 Â± 1.84@@44.19,68.88 Â± 2.60 / 51.25 Â± 4.00@@68.88,16.5.0.dev0@@160500,16.3.0.dev0@@160300,16.5.0.dev0@@160500,16.3.0.dev0@@160300
"<a href='https://ai.google.dev/gemini-api/docs/models#gemini-2.5-flash'>gemini/gemini-2.5-flash#thinking (zero-shot, val)</a>",ğŸ¤”,1.50@@1.50,?,256128.0,1048576.0,âœ“,âœ—,53.81 Â± 1.91 / 59.07 Â± 1.76@@53.81,56.82 Â± 2.24 / 47.40 Â± 2.09@@56.82,63.31 Â± 2.41 / 81.62 Â± 1.20@@63.31,66.77 Â± 1.08 / 53.20 Â± 1.24@@66.77,16.3.0.dev0@@160300,16.3.0.dev0@@160300,16.3.0.dev0@@160300,16.3.0.dev0@@160300
"<a href='https://ai.google.dev/gemini-api/docs/models#gemini-2.5-pro'>gemini/gemini-2.5-pro (zero-shot, val)</a>",ğŸ¤”,1.52@@1.52,?,256128.0,1048576.0,âœ“,âœ—,57.84 Â± 1.45 / 62.85 Â± 0.93@@57.84,54.01 Â± 1.67 / 48.92 Â± 2.02@@54.01,64.37 Â± 2.14 / 82.14 Â± 1.08@@64.37,64.21 Â± 1.33 / 42.05 Â± 0.79@@64.21,16.3.0.dev0@@160300,16.3.0.dev0@@160300,16.3.0.dev0@@160300,16.3.0.dev0@@160300
"<a href='https://ai.google.dev/gemini-api/docs/models#gemini-3-pro-preview'>gemini/gemini-3-pro-preview (zero-shot, val)</a>",ğŸ¤”,1.52@@1.52,?,256128.0,1048576.0,âœ“,âœ—,59.07 Â± 1.60 / 64.43 Â± 1.23@@59.07,57.90 Â± 1.56 / 46.37 Â± 1.52@@57.90,55.12 Â± 2.21 / 77.18 Â± 1.13@@55.12,67.70 Â± 1.08 / 48.26 Â± 1.11@@67.70,16.7.1.dev0@@160701,16.7.1.dev0@@160701,16.7.1.dev0@@160701,16.7.1.dev0@@160701
"<a href='https://docs.anthropic.com/en/docs/about-claude'>claude-sonnet-4-5-20250929#thinking (zero-shot, val)</a>",ğŸ¤”,1.53@@1.53,?,?,?,âœ“,âœ—,52.81 Â± 1.94 / 56.70 Â± 1.08@@52.81,69.75 Â± 2.42 / 63.17 Â± 2.30@@69.75,46.15 Â± 2.42 / 72.14 Â± 1.19@@46.15,67.94 Â± 1.13 / 51.83 Â± 1.68@@67.94,16.3.0.dev0@@160300,16.3.0.dev0@@160300,16.3.0.dev0@@160300,16.3.0.dev0@@160300
<a href='https://hf.co/mistralai/Mistral-Small-3.1-24B-Base-2503'>mistralai/Mistral-Small-3.1-24B-Base-2503</a>,ğŸ§ ,1.56@@1.56,24011361280.0,131072.0,8192.0,âœ“,âœ—,68.47 Â± 1.95 / 78.65 Â± 1.45@@68.47,62.13 Â± 0.98 / 54.04 Â± 1.27@@62.13,39.67 Â± 1.89 / 69.51 Â± 0.93@@39.67,70.57 Â± 1.42 / 56.48 Â± 2.62@@70.57,16.5.0.dev0@@160500,16.3.0.dev0@@160300,16.5.0.dev0@@160500,16.3.0.dev0@@160300
"<a href='https://platform.openai.com/docs/models/gpt-5'>gpt-5-2025-08-07 (zero-shot, val)</a>",ğŸ¤”,1.57@@1.57,?,100256.0,272000.0,âœ“,âœ—,57.21 Â± 2.19 / 59.62 Â± 1.82@@57.21,65.66 Â± 2.36 / 54.01 Â± 2.32@@65.66,40.14 Â± 2.88 / 64.62 Â± 1.74@@40.14,72.33 Â± 1.33 / 59.40 Â± 1.52@@72.33,16.3.0.dev0@@160300,16.3.0.dev0@@160300,16.3.0.dev0@@160300,16.3.0.dev0@@160300
<a href='https://hf.co/google/gemma-3-12b-pt'>google/gemma-3-12b-pt</a>,ğŸ§ ,1.58@@1.58,12187325040.0,262144.0,8192.0,âœ“,âœ—,75.96 Â± 1.26 / 83.61 Â± 0.91@@75.96,54.27 Â± 0.84 / 42.18 Â± 2.21@@54.27,41.18 Â± 2.15 / 70.05 Â± 1.30@@41.18,69.39 Â± 2.16 / 57.42 Â± 4.07@@69.39,16.5.0.dev0@@160500,16.3.0.dev0@@160300,16.5.0.dev0@@160500,16.3.0.dev0@@160300
"<a href='https://ai.google.dev/gemini-api/docs/models#gemini-3-flash-preview'>gemini/gemini-3-flash-preview#no-thinking (zero-shot, val)</a>",ğŸ“,1.59@@1.59,?,256128.0,1048576.0,âœ“,âœ—,59.63 Â± 2.30 / 64.83 Â± 1.95@@59.63,52.93 Â± 3.00 / 45.50 Â± 2.35@@52.93,59.08 Â± 3.35 / 78.93 Â± 1.79@@59.08,64.41 Â± 1.25 / 43.76 Â± 0.95@@64.41,16.9.0.dev0@@160900,16.9.0.dev0@@160900,16.9.0.dev0@@160900,16.9.0.dev0@@160900
"<a href='https://ai.google.dev/gemini-api/docs/models#gemini-2.5-flash-lite'>gemini/gemini-2.5-flash-lite#thinking (zero-shot, val)</a>",ğŸ¤”,1.61@@1.61,?,256128.0,1048576.0,âœ“,âœ—,52.63 Â± 2.65 / 58.49 Â± 2.14@@52.63,54.09 Â± 0.65 / 43.70 Â± 1.91@@54.09,57.87 Â± 4.49 / 78.87 Â± 2.24@@57.87,67.72 Â± 1.08 / 52.46 Â± 1.10@@67.72,16.3.0.dev0@@160300,16.3.0.dev0@@160300,16.3.0.dev0@@160300,16.3.0.dev0@@160300
<a href='https://hf.co/meta-llama/Llama-3.1-70B'>meta-llama/Llama-3.1-70B</a>,ğŸ§ ,1.61@@1.61,70553706496.0,128256.0,131072.0,âœ“,âœ—,66.16 Â± 1.94 / 70.84 Â± 2.46@@66.16,59.01 Â± 0.93 / 48.40 Â± 1.73@@59.01,41.70 Â± 1.68 / 70.53 Â± 0.91@@41.70,68.83 Â± 1.21 / 50.96 Â± 3.05@@68.83,16.5.0.dev0@@160500,16.3.0.dev0@@160300,16.5.0.dev0@@160500,16.3.0.dev0@@160300
<a href='https://hf.co/mistralai/Mistral-Small-3.2-24B-Instruct-2506'>mistralai/Mistral-Small-3.2-24B-Instruct-2506</a>,ğŸ“,1.68@@1.68,24011361280.0,131072.0,8192.0,âœ“,âœ—,58.98 Â± 2.00 / 66.76 Â± 2.62@@58.98,62.28 Â± 1.04 / 53.72 Â± 1.98@@62.28,37.04 Â± 1.22 / 68.03 Â± 0.71@@37.04,67.76 Â± 1.50 / 53.48 Â± 1.60@@67.76,16.3.0.dev0@@160300,16.3.0.dev0@@160300,16.3.0.dev0@@160300,16.3.0.dev0@@160300
<a href='https://hf.co/Qwen/Qwen3-235B-A22B-Thinking-2507-FP8'>Qwen/Qwen3-235B-A22B-Thinking-2507-FP8</a>,ğŸ¤”,1.69@@1.69,235107904512.0,151936.0,262144.0,âœ“,âœ—,57.85 Â± 0.95 / 61.55 Â± 1.41@@57.85,66.66 Â± 1.25 / 55.80 Â± 2.39@@66.66,37.22 Â± 1.73 / 60.79 Â± 1.34@@37.22,64.80 Â± 0.64 / 51.07 Â± 0.53@@64.80,16.3.0.dev0@@160300,16.3.0.dev0@@160300,16.3.0.dev0@@160300,16.3.0.dev0@@160300
"<a href='https://ai.google.dev/gemini-api/docs/models#gemini-2.5-flash'>gemini/gemini-2.5-flash#no-thinking (zero-shot, val)</a>",ğŸ“,1.69@@1.69,?,256128.0,1048576.0,âœ“,âœ—,52.67 Â± 2.31 / 59.63 Â± 1.87@@52.67,58.93 Â± 2.10 / 44.30 Â± 2.15@@58.93,47.88 Â± 2.24 / 72.89 Â± 1.22@@47.88,68.33 Â± 1.31 / 54.41 Â± 1.77@@68.33,16.3.0.dev0@@160300,16.3.0.dev0@@160300,16.3.0.dev0@@160300,16.3.0.dev0@@160300
<a href='https://hf.co/swiss-ai/Apertus-70B-2509'>swiss-ai/Apertus-70B-2509</a>,ğŸ§ ,1.69@@1.69,70599864480.0,131072.0,65536.0,âœ“,âœ—,72.60 Â± 1.68 / 80.32 Â± 1.39@@72.60,49.79 Â± 1.08 / 39.61 Â± 2.31@@49.79,40.97 Â± 2.62 / 69.24 Â± 1.77@@40.97,67.54 Â± 0.92 / 54.58 Â± 2.01@@67.54,16.10.1.dev0@@161001,16.10.1.dev0@@161001,16.10.1.dev0@@161001,16.10.1.dev0@@161001
<a href='https://hf.co/mistralai/Magistral-Small-2509'>mistralai/Magistral-Small-2509</a>,ğŸ“,1.70@@1.70,24011361280.0,131072.0,8192.0,âœ“,âœ—,60.91 Â± 2.13 / 71.03 Â± 2.43@@60.91,60.05 Â± 1.35 / 50.22 Â± 2.69@@60.05,37.89 Â± 1.39 / 68.12 Â± 0.93@@37.89,68.49 Â± 1.28 / 56.73 Â± 0.62@@68.49,16.3.0.dev0@@160300,16.3.0.dev0@@160300,16.3.0.dev0@@160300,16.3.0.dev0@@160300
"<a href='https://platform.openai.com/docs/models/gpt-5.2'>gpt-5.2-2025-12-11 (zero-shot, val)</a>",ğŸ¤”,1.71@@1.71,?,?,?,âœ“,âœ—,57.08 Â± 1.63 / 64.72 Â± 1.05@@57.08,57.76 Â± 3.02 / 39.70 Â± 2.06@@57.76,42.08 Â± 2.07 / 68.72 Â± 1.28@@42.08,68.56 Â± 1.43 / 44.99 Â± 1.49@@68.56,16.8.0.dev0@@160800,16.8.0.dev0@@160800,16.8.0.dev0@@160800,16.8.0.dev0@@160800
<a href='https://hf.co/mistralai/Voxtral-Small-24B-2507'>mistralai/Voxtral-Small-24B-2507</a>,ğŸ“,1.72@@1.72,24261800960.0,131072.0,8192.0,âœ“,âœ—,60.61 Â± 2.02 / 70.51 Â± 2.48@@60.61,61.89 Â± 1.06 / 53.26 Â± 1.49@@61.89,38.48 Â± 1.48 / 68.67 Â± 0.78@@38.48,67.10 Â± 1.12 / 54.55 Â± 0.57@@67.10,16.3.0.dev0@@160300,16.3.0.dev0@@160300,16.3.0.dev0@@160300,16.3.0.dev0@@160300
<a href='https://hf.co/FacebookAI/xlm-roberta-large'>FacebookAI/xlm-roberta-large</a>,ğŸ”,1.75@@1.75,561192082.0,250002.0,512.0,âœ“,âœ—,65.62 Â± 1.83 / 76.66 Â± 1.26@@65.62,71.38 Â± 1.12 / 72.06 Â± 0.70@@71.38,25.58 Â± 5.68 / 57.16 Â± 5.71@@25.58,59.66 Â± 1.97 / 44.82 Â± 2.06@@59.66,16.9.0.dev0@@160900,16.9.0.dev0@@160900,16.9.0.dev0@@160900,16.9.0.dev0@@160900
<a href='https://hf.co/mistralai/Mistral-Small-3.1-24B-Instruct-2503'>mistralai/Mistral-Small-3.1-24B-Instruct-2503</a>,ğŸ“,1.75@@1.75,24011361280.0,131072.0,8192.0,âœ“,âœ—,57.02 Â± 1.22 / 63.80 Â± 1.69@@57.02,62.66 Â± 0.94 / 54.44 Â± 1.87@@62.66,38.19 Â± 1.58 / 66.11 Â± 1.22@@38.19,65.83 Â± 1.18 / 49.87 Â± 1.46@@65.83,16.3.0.dev0@@160300,16.3.0.dev0@@160300,16.3.0.dev0@@160300,16.3.0.dev0@@160300
<a href='https://hf.co/Qwen/Qwen2.5-72B-Instruct'>Qwen/Qwen2.5-72B-Instruct</a>,ğŸ“,1.76@@1.76,72706203648.0,152064.0,32768.0,âœ“,âœ—,61.48 Â± 1.64 / 70.53 Â± 2.03@@61.48,54.91 Â± 1.00 / 41.78 Â± 2.15@@54.91,40.01 Â± 1.85 / 69.07 Â± 1.14@@40.01,65.58 Â± 0.47 / 46.98 Â± 0.84@@65.58,16.3.0.dev0@@160300,16.3.0.dev0@@160300,16.3.0.dev0@@160300,16.3.0.dev0@@160300
<a href='https://hf.co/google/gemma-3-12b-it'>google/gemma-3-12b-it</a>,ğŸ“,1.76@@1.76,12187325040.0,262144.0,8192.0,âœ“,âœ—,62.60 Â± 1.55 / 71.35 Â± 2.28@@62.60,55.64 Â± 1.14 / 42.95 Â± 2.15@@55.64,42.77 Â± 1.80 / 69.89 Â± 1.47@@42.77,61.43 Â± 0.51 / 43.58 Â± 0.68@@61.43,16.3.0.dev0@@160300,16.3.0.dev0@@160300,16.3.0.dev0@@160300,16.3.0.dev0@@160300
"<a href='https://platform.openai.com/docs/models/gpt-4.1'>gpt-4.1-2025-04-14 (zero-shot, val)</a>",ğŸ“,1.76@@1.76,?,?,1047576.0,âœ“,âœ—,56.41 Â± 1.75 / 60.61 Â± 1.03@@56.41,42.44 Â± 2.73 / 33.33 Â± 1.61@@42.44,59.12 Â± 1.69 / 79.30 Â± 0.88@@59.12,65.33 Â± 1.28 / 44.26 Â± 1.28@@65.33,16.3.0.dev0@@160300,16.3.0.dev0@@160300,16.3.0.dev0@@160300,16.3.0.dev0@@160300
<a href='https://hf.co/deepcogito/cogito-v2-preview-llama-70B'>deepcogito/cogito-v2-preview-llama-70B</a>,ğŸ“,1.77@@1.77,70553706496.0,128256.0,131072.0,âœ“,âœ—,61.55 Â± 1.38 / 67.67 Â± 1.73@@61.55,57.31 Â± 1.47 / 46.68 Â± 1.80@@57.31,40.14 Â± 1.94 / 69.70 Â± 1.06@@40.14,62.54 Â± 0.59 / 42.61 Â± 0.96@@62.54,16.3.0.dev0@@160300,16.3.0.dev0@@160300,16.3.0.dev0@@160300,16.3.0.dev0@@160300
"<a href='https://platform.openai.com/docs/models/gpt-5-mini'>gpt-5-mini-2025-08-07 (zero-shot, val)</a>",ğŸ¤”,1.77@@1.77,?,100256.0,272000.0,âœ“,âœ—,48.62 Â± 2.50 / 56.17 Â± 1.74@@48.62,53.26 Â± 1.51 / 40.12 Â± 1.68@@53.26,48.04 Â± 3.40 / 70.84 Â± 2.05@@48.04,70.67 Â± 1.58 / 54.79 Â± 1.72@@70.67,16.3.0.dev0@@160300,16.3.0.dev0@@160300,16.3.0.dev0@@160300,16.3.0.dev0@@160300
<a href='https://hf.co/utter-project/EuroLLM-22B-2512'>utter-project/EuroLLM-22B-2512</a>,ğŸ§ ,1.78@@1.78,22637328384.0,128000.0,32768.0,âœ“,âœ—,63.94 Â± 2.69 / 71.28 Â± 4.68@@63.94,50.26 Â± 0.86 / 40.93 Â± 1.84@@50.26,38.73 Â± 3.06 / 67.53 Â± 2.22@@38.73,67.53 Â± 0.62 / 56.03 Â± 1.58@@67.53,16.8.0.dev0@@160800,16.8.0.dev0@@160800,16.8.0.dev0@@160800,16.8.0.dev0@@160800
<a href='https://hf.co/intfloat/multilingual-e5-large'>intfloat/multilingual-e5-large</a>,ğŸ”,1.78@@1.78,559890946.0,250002.0,512.0,âœ“,âœ—,67.51 Â± 1.34 / 77.38 Â± 1.42@@67.51,67.90 Â± 4.41 / 69.49 Â± 3.39@@67.90,23.77 Â± 3.82 / 58.49 Â± 2.96@@23.77,59.95 Â± 1.75 / 44.07 Â± 1.48@@59.95,16.3.0.dev0@@160300,16.3.0.dev0@@160300,16.3.0.dev0@@160300,16.3.0.dev0@@160300
<a href='https://hf.co/deepcogito/cogito-v1-preview-qwen-32B'>deepcogito/cogito-v1-preview-qwen-32B</a>,ğŸ“,1.78@@1.78,32759790592.0,151665.0,131072.0,âœ“,âœ—,55.63 Â± 1.04 / 61.98 Â± 1.35@@55.63,58.94 Â± 0.55 / 46.81 Â± 1.99@@58.94,40.46 Â± 2.45 / 68.14 Â± 1.71@@40.46,67.05 Â± 0.59 / 49.53 Â± 0.72@@67.05,16.3.0.dev0@@160300,16.3.0.dev0@@160300,16.3.0.dev0@@160300,16.3.0.dev0@@160300
<a href='https://hf.co/google/gemma-3-27b-it'>google/gemma-3-27b-it</a>,ğŸ“,1.80@@1.80,27432406640.0,262144.0,8192.0,âœ“,âœ—,59.94 Â± 1.53 / 66.63 Â± 1.93@@59.94,54.38 Â± 0.47 / 46.53 Â± 1.49@@54.38,42.26 Â± 1.54 / 70.61 Â± 0.78@@42.26,62.71 Â± 0.52 / 44.59 Â± 1.24@@62.71,16.3.0.dev0@@160300,16.3.0.dev0@@160300,16.3.0.dev0@@160300,16.3.0.dev0@@160300
<a href='https://hf.co/BSC-LT/ALIA-40b'>BSC-LT/ALIA-40b</a>,ğŸ§ ,1.82@@1.82,40433885184.0,256000.0,32768.0,âœ“,âœ—,60.92 Â± 5.68 / 71.66 Â± 5.34@@60.92,51.22 Â± 2.20 / 41.59 Â± 1.75@@51.22,39.83 Â± 2.36 / 69.05 Â± 1.58@@39.83,64.75 Â± 0.59 / 48.04 Â± 1.91@@64.75,16.8.0.dev0@@160800,16.8.0.dev0@@160800,16.8.0.dev0@@160800,16.8.0.dev0@@160800
"<a href='https://platform.openai.com/docs/models/gpt-4.1-mini'>gpt-4.1-mini-2025-04-14 (zero-shot, val)</a>",ğŸ“,1.83@@1.83,?,?,1047576.0,âœ“,âœ—,52.94 Â± 1.82 / 62.92 Â± 1.17@@52.94,42.61 Â± 2.00 / 32.17 Â± 1.28@@42.61,53.79 Â± 2.88 / 76.79 Â± 1.46@@53.79,67.43 Â± 1.34 / 51.11 Â± 1.65@@67.43,16.3.0.dev0@@160300,16.3.0.dev0@@160300,16.3.0.dev0@@160300,16.3.0.dev0@@160300
<a href='https://hf.co/meta-llama/Llama-3.3-70B-Instruct'>meta-llama/Llama-3.3-70B-Instruct</a>,ğŸ“,1.83@@1.83,70553706496.0,128256.0,131072.0,âœ“,âœ—,61.31 Â± 1.06 / 66.10 Â± 1.24@@61.31,55.16 Â± 1.03 / 48.33 Â± 1.58@@55.16,40.14 Â± 1.76 / 69.17 Â± 0.99@@40.14,57.89 Â± 0.81 / 34.06 Â± 0.84@@57.89,16.3.0.dev0@@160300,16.3.0.dev0@@160300,16.3.0.dev0@@160300,16.3.0.dev0@@160300
<a href='https://hf.co/deepcogito/cogito-v1-preview-llama-70B'>deepcogito/cogito-v1-preview-llama-70B</a>,ğŸ“,1.85@@1.85,70553706496.0,128256.0,131072.0,âœ“,âœ—,60.64 Â± 1.26 / 67.67 Â± 1.48@@60.64,55.46 Â± 1.22 / 44.62 Â± 1.80@@55.46,38.42 Â± 2.20 / 68.74 Â± 1.17@@38.42,63.47 Â± 0.61 / 44.61 Â± 1.04@@63.47,16.3.0.dev0@@160300,16.3.0.dev0@@160300,16.3.0.dev0@@160300,16.3.0.dev0@@160300
<a href='https://hf.co/Qwen/Qwen3-32B'>Qwen/Qwen3-32B#no-thinking</a>,ğŸ“,1.86@@1.86,32762123264.0,151936.0,40960.0,âœ“,âœ—,58.01 Â± 0.98 / 63.55 Â± 1.44@@58.01,51.72 Â± 1.11 / 43.54 Â± 1.65@@51.72,39.60 Â± 2.16 / 68.81 Â± 1.21@@39.60,66.33 Â± 0.46 / 49.37 Â± 1.30@@66.33,16.3.0.dev0@@160300,16.3.0.dev0@@160300,16.3.0.dev0@@160300,16.3.0.dev0@@160300
<a href='https://hf.co/deepcogito/cogito-v1-preview-qwen-14B'>deepcogito/cogito-v1-preview-qwen-14B</a>,ğŸ“,1.87@@1.87,14765947904.0,151665.0,131072.0,âœ“,âœ—,55.67 Â± 0.92 / 60.50 Â± 1.33@@55.67,53.86 Â± 0.68 / 44.44 Â± 1.54@@53.86,38.58 Â± 2.08 / 67.39 Â± 1.70@@38.58,64.02 Â± 0.70 / 48.89 Â± 0.53@@64.02,16.3.0.dev0@@160300,16.3.0.dev0@@160300,16.3.0.dev0@@160300,16.3.0.dev0@@160300
<a href='https://hf.co/utter-project/EuroLLM-22B-Instruct-Preview'>utter-project/EuroLLM-22B-Instruct-Preview</a>,ğŸ“,1.89@@1.89,22637328384.0,128000.0,4096.0,âœ“,âœ—,59.00 Â± 1.47 / 64.73 Â± 1.90@@59.00,46.12 Â± 1.97 / 35.78 Â± 2.53@@46.12,41.62 Â± 3.31 / 69.83 Â± 2.45@@41.62,64.68 Â± 1.01 / 52.59 Â± 0.81@@64.68,16.3.0.dev0@@160300,16.3.0.dev0@@160300,16.3.0.dev0@@160300,16.3.0.dev0@@160300
"<a href='https://ai.google.dev/gemini-api/docs/models#gemini-2.5-flash-lite'>gemini/gemini-2.5-flash-lite#no-thinking (zero-shot, val)</a>",ğŸ“,1.91@@1.91,?,256128.0,1048576.0,âœ“,âœ—,55.83 Â± 2.47 / 63.30 Â± 1.73@@55.83,36.23 Â± 1.59 / 24.96 Â± 0.84@@36.23,51.99 Â± 3.52 / 75.43 Â± 1.87@@51.99,64.75 Â± 1.34 / 47.90 Â± 1.60@@64.75,16.3.0.dev0@@160300,16.3.0.dev0@@160300,16.3.0.dev0@@160300,16.3.0.dev0@@160300
<a href='https://hf.co/Qwen/Qwen3-14B'>Qwen/Qwen3-14B#no-thinking</a>,ğŸ“,1.92@@1.92,14768307200.0,151936.0,40960.0,âœ“,âœ—,59.46 Â± 1.25 / 67.75 Â± 1.74@@59.46,51.46 Â± 1.30 / 42.85 Â± 2.13@@51.46,34.23 Â± 1.62 / 64.95 Â± 1.12@@34.23,67.20 Â± 0.46 / 50.88 Â± 1.02@@67.20,16.3.0.dev0@@160300,16.3.0.dev0@@160300,16.3.0.dev0@@160300,16.3.0.dev0@@160300
<a href='https://hf.co/Qwen/Qwen3-30B-A3B'>Qwen/Qwen3-30B-A3B#no-thinking</a>,ğŸ“,1.92@@1.92,30532122624.0,151936.0,40960.0,âœ“,âœ—,55.93 Â± 1.17 / 63.33 Â± 1.86@@55.93,53.69 Â± 0.73 / 43.90 Â± 1.48@@53.69,36.17 Â± 1.95 / 66.53 Â± 1.22@@36.17,64.41 Â± 0.55 / 46.21 Â± 0.74@@64.41,16.3.0.dev0@@160300,16.3.0.dev0@@160300,16.3.0.dev0@@160300,16.3.0.dev0@@160300
<a href='https://hf.co/nvidia/NVIDIA-Nemotron-3-Nano-30B-A3B-BF16'>nvidia/NVIDIA-Nemotron-3-Nano-30B-A3B-BF16#no-thinking</a>,ğŸ“,1.95@@1.95,31577937344.0,131072.0,262144.0,âœ“,âœ—,53.91 Â± 0.86 / 60.92 Â± 1.38@@53.91,51.05 Â± 0.86 / 37.96 Â± 2.00@@51.05,35.41 Â± 2.16 / 64.09 Â± 2.19@@35.41,68.16 Â± 0.73 / 55.19 Â± 0.40@@68.16,16.10.0.dev0@@161000,16.10.0.dev0@@161000,16.10.0.dev0@@161000,16.10.0.dev0@@161000
<a href='https://hf.co/openai/gpt-oss-20b'>openai/gpt-oss-20b#low</a>,ğŸ¤”,1.97@@1.97,21511953984.0,201088.0,131072.0,âœ“,âœ—,49.03 Â± 0.82 / 57.37 Â± 0.52@@49.03,57.61 Â± 1.56 / 48.03 Â± 2.12@@57.61,37.79 Â± 0.93 / 65.34 Â± 0.78@@37.79,59.96 Â± 0.64 / 41.10 Â± 1.26@@59.96,16.11.0.dev0@@161100,16.11.0.dev0@@161100,16.11.0.dev0@@161100,16.11.0.dev0@@161100
<a href='https://hf.co/utter-project/EuroLLM-9B-Instruct'>utter-project/EuroLLM-9B-Instruct</a>,ğŸ“,1.97@@1.97,9152319488.0,128000.0,4096.0,âœ—,âœ—,60.62 Â± 1.78 / 69.04 Â± 1.93@@60.62,45.21 Â± 1.41 / 33.49 Â± 2.22@@45.21,37.86 Â± 2.35 / 68.22 Â± 1.60@@37.86,64.39 Â± 1.59 / 53.11 Â± 0.85@@64.39,16.3.0.dev0@@160300,16.3.0.dev0@@160300,16.3.0.dev0@@160300,16.3.0.dev0@@160300
<a href='https://hf.co/Qwen/Qwen3-30B-A3B-Instruct-2507'>Qwen/Qwen3-30B-A3B-Instruct-2507</a>,ğŸ“,1.97@@1.97,30532122624.0,151936.0,262144.0,âœ“,âœ—,58.81 Â± 1.46 / 66.53 Â± 2.01@@58.81,47.81 Â± 1.16 / 38.58 Â± 1.83@@47.81,35.86 Â± 2.34 / 66.34 Â± 1.26@@35.86,64.67 Â± 0.68 / 47.77 Â± 0.62@@64.67,16.3.0.dev0@@160300,16.3.0.dev0@@160300,16.3.0.dev0@@160300,16.3.0.dev0@@160300
<a href='https://hf.co/utter-project/EuroLLM-22B-Preview'>utter-project/EuroLLM-22B-Preview</a>,ğŸ§ ,1.97@@1.97,?,128000.0,4096.0,âœ“,âœ—,66.13 Â± 1.50 / 76.28 Â± 1.36@@66.13,48.98 Â± 1.22 / 39.50 Â± 1.61@@48.98,25.35 Â± 5.01 / 54.12 Â± 5.49@@25.35,68.12 Â± 0.55 / 55.78 Â± 2.56@@68.12,16.3.0.dev0@@160300,16.3.0.dev0@@160300,16.3.0.dev0@@160300,16.3.0.dev0@@160300
<a href='https://hf.co/google/gemma-3n-E4B-it'>google/gemma-3n-E4B-it</a>,ğŸ“,1.98@@1.98,7849978192.0,262400.0,8192.0,âœ“,âœ—,59.08 Â± 1.60 / 66.74 Â± 1.87@@59.08,53.86 Â± 1.27 / 43.32 Â± 1.67@@53.86,32.85 Â± 2.31 / 65.93 Â± 1.36@@32.85,58.10 Â± 0.78 / 36.31 Â± 2.42@@58.10,16.9.0.dev0@@160900,16.9.0.dev0@@160900,16.9.0.dev0@@160900,16.9.0.dev0@@160900
<a href='https://hf.co/openai/gpt-oss-20b'>openai/gpt-oss-20b#medium</a>,ğŸ¤”,1.98@@1.98,21511953984.0,201088.0,131072.0,âœ“,âœ—,48.81 Â± 1.08 / 54.82 Â± 0.58@@48.81,58.80 Â± 0.97 / 49.45 Â± 1.64@@58.80,36.55 Â± 1.55 / 65.74 Â± 0.89@@36.55,61.68 Â± 0.35 / 42.50 Â± 0.48@@61.68,16.11.0.dev0@@161100,16.11.0.dev0@@161100,16.11.0.dev0@@161100,16.11.0.dev0@@161100
"<a href='https://platform.openai.com/docs/models/gpt-5-nano'>gpt-5-nano-2025-08-07 (zero-shot, val)</a>",ğŸ¤”,1.98@@1.98,?,100256.0,272000.0,âœ“,âœ—,43.47 Â± 2.68 / 53.00 Â± 1.79@@43.47,58.52 Â± 1.21 / 56.27 Â± 1.92@@58.52,33.23 Â± 3.65 / 63.40 Â± 2.10@@33.23,70.09 Â± 0.99 / 52.46 Â± 1.50@@70.09,16.3.0.dev0@@160300,16.3.0.dev0@@160300,16.3.0.dev0@@160300,16.3.0.dev0@@160300
"<a href='https://docs.anthropic.com/en/docs/about-claude'>claude-sonnet-4-5-20250929#no-thinking (zero-shot, val)</a>",ğŸ“,1.98@@1.98,?,?,?,âœ“,âœ—,56.96 Â± 1.82 / 59.24 Â± 1.16@@56.96,50.09 Â± 2.85 / 43.96 Â± 2.56@@50.09,30.02 Â± 1.71 / 59.01 Â± 1.45@@30.02,69.20 Â± 1.28 / 53.23 Â± 1.90@@69.20,16.3.0.dev0@@160300,16.3.0.dev0@@160300,16.3.0.dev0@@160300,16.3.0.dev0@@160300
<a href='https://hf.co/meta-llama/Llama-3.1-8B'>meta-llama/Llama-3.1-8B</a>,ğŸ§ ,2.00@@2.00,8030261248.0,128256.0,131072.0,âœ“,âœ—,64.67 Â± 1.77 / 74.68 Â± 1.57@@64.67,49.05 Â± 1.00 / 39.23 Â± 1.73@@49.05,27.29 Â± 1.98 / 61.49 Â± 1.79@@27.29,65.74 Â± 3.00 / 54.38 Â± 4.91@@65.74,16.5.0.dev0@@160500,16.3.0.dev0@@160300,16.5.0.dev0@@160500,16.3.0.dev0@@160300
<a href='https://hf.co/utter-project/EuroLLM-22B-Instruct-2512'>utter-project/EuroLLM-22B-Instruct-2512</a>,ğŸ“,2.01@@2.01,22637328384.0,128000.0,32768.0,âœ“,âœ—,55.16 Â± 0.70 / 56.58 Â± 1.26@@55.16,51.72 Â± 0.73 / 38.70 Â± 1.59@@51.72,46.52 Â± 2.60 / 72.87 Â± 1.31@@46.52,45.69 Â± 2.26 / 31.38 Â± 1.81@@45.69,16.8.0.dev0@@160800,16.8.0.dev0@@160800,16.8.0.dev0@@160800,16.8.0.dev0@@160800
<a href='https://hf.co/setu4993/LaBSE'>setu4993/LaBSE</a>,ğŸ”,2.02@@2.02,470927360.0,501153.0,512.0,âœ“,âœ—,54.60 Â± 1.59 / 68.99 Â± 1.46@@54.60,72.13 Â± 0.63 / 72.93 Â± 1.00@@72.13,20.43 Â± 3.85 / 58.71 Â± 2.48@@20.43,52.70 Â± 1.73 / 39.37 Â± 1.64@@52.70,16.3.0.dev0@@160300,16.3.0.dev0@@160300,16.3.0.dev0@@160300,16.3.0.dev0@@160300
<a href='https://hf.co/google/gemma-3-4b-pt'>google/gemma-3-4b-pt</a>,ğŸ§ ,2.07@@2.07,4300079472.0,262144.0,8192.0,âœ“,âœ—,68.79 Â± 1.99 / 76.96 Â± 2.15@@68.79,41.81 Â± 1.48 / 34.28 Â± 2.17@@41.81,24.91 Â± 2.63 / 60.37 Â± 3.14@@24.91,64.43 Â± 2.45 / 51.38 Â± 4.21@@64.43,16.9.0.dev0@@160900,16.9.0.dev0@@160900,16.9.0.dev0@@160900,16.9.0.dev0@@160900
<a href='https://hf.co/Qwen/Qwen3-4B-Thinking-2507'>Qwen/Qwen3-4B-Thinking-2507</a>,ğŸ¤”,2.07@@2.07,4022468096.0,151936.0,262144.0,âœ“,âœ—,50.02 Â± 0.80 / 54.92 Â± 0.91@@50.02,57.73 Â± 2.36 / 48.15 Â± 2.12@@57.73,26.12 Â± 1.37 / 55.52 Â± 0.91@@26.12,62.37 Â± 1.02 / 50.47 Â± 0.83@@62.37,16.3.0.dev0@@160300,16.3.0.dev0@@160300,16.3.0.dev0@@160300,16.3.0.dev0@@160300
<a href='https://hf.co/jhu-clsp/mmBERT-base'>jhu-clsp/mmBERT-base</a>,ğŸ”,2.08@@2.08,307531778.0,256000.0,8192.0,âœ“,âœ—,47.82 Â± 2.81 / 63.48 Â± 2.49@@47.82,63.94 Â± 1.61 / 65.74 Â± 1.62@@63.94,23.90 Â± 4.77 / 60.18 Â± 3.12@@23.90,60.14 Â± 1.93 / 43.45 Â± 2.15@@60.14,16.3.0.dev0@@160300,16.3.0.dev0@@160300,16.3.0.dev0@@160300,16.3.0.dev0@@160300
<a href='https://hf.co/zai-org/GLM-4.7-Flash'>zai-org/GLM-4.7-Flash (val)</a>,ğŸ¤”,2.08@@2.08,31221488576.0,154880.0,202752.0,âœ“,âœ—,48.32 Â± 3.33 / 59.38 Â± 3.10@@48.32,51.61 Â± 3.37 / 41.79 Â± 3.04@@51.61,32.46 Â± 3.85 / 64.13 Â± 2.28@@32.46,63.78 Â± 1.29 / 44.62 Â± 1.10@@63.78,16.11.0.dev0@@161100,16.11.0.dev0@@161100,16.11.0.dev0@@161100,16.11.0.dev0@@161100
<a href='https://hf.co/Qwen/Qwen3-8B'>Qwen/Qwen3-8B#no-thinking</a>,ğŸ“,2.08@@2.08,8190735360.0,151936.0,40960.0,âœ“,âœ—,52.78 Â± 1.33 / 64.62 Â± 1.31@@52.78,48.76 Â± 1.21 / 39.85 Â± 1.90@@48.76,31.70 Â± 1.53 / 63.29 Â± 1.22@@31.70,65.59 Â± 0.59 / 49.28 Â± 0.52@@65.59,16.3.0.dev0@@160300,16.3.0.dev0@@160300,16.3.0.dev0@@160300,16.3.0.dev0@@160300
<a href='https://hf.co/google/rembert'>google/rembert</a>,ğŸ”,2.09@@2.09,574594434.0,250300.0,512.0,âœ“,âœ—,33.92 Â± 18.36 / 48.73 Â± 16.87@@33.92,67.86 Â± 0.88 / 69.29 Â± 0.92@@67.86,28.30 Â± 4.83 / 61.70 Â± 3.01@@28.30,64.55 Â± 1.26 / 50.35 Â± 1.08@@64.55,16.3.0.dev0@@160300,16.3.0.dev0@@160300,16.3.0.dev0@@160300,16.3.0.dev0@@160300
<a href='https://hf.co/swiss-ai/Apertus-8B-2509'>swiss-ai/Apertus-8B-2509</a>,ğŸ§ ,2.11@@2.11,8053338176.0,131072.0,65536.0,âœ“,âœ—,60.69 Â± 2.11 / 62.78 Â± 2.98@@60.69,40.82 Â± 1.43 / 33.48 Â± 1.14@@40.82,28.40 Â± 3.26 / 58.90 Â± 4.36@@28.40,65.96 Â± 1.24 / 51.27 Â± 1.49@@65.96,16.10.1.dev0@@161001,16.10.1.dev0@@161001,16.10.1.dev0@@161001,16.10.1.dev0@@161001
<a href='https://hf.co/TildeAI/TildeOpen-30b'>TildeAI/TildeOpen-30b#slow-tokenizer</a>,ğŸ§ ,2.12@@2.12,30677882880.0,131072.0,65536.0,âœ“,âœ—,63.38 Â± 2.31 / 72.04 Â± 2.39@@63.38,51.63 Â± 1.03 / 43.29 Â± 1.07@@51.63,16.40 Â± 2.02 / 41.58 Â± 1.94@@16.40,67.93 Â± 1.52 / 51.82 Â± 3.38@@67.93,16.3.0.dev0@@160300,16.3.0.dev0@@160300,16.3.0.dev0@@160300,16.3.0.dev0@@160300
<a href='https://hf.co/intfloat/multilingual-e5-base'>intfloat/multilingual-e5-base</a>,ğŸ”,2.12@@2.12,278044162.0,250002.0,512.0,âœ“,âœ—,57.55 Â± 1.79 / 71.17 Â± 1.31@@57.55,70.20 Â± 0.89 / 71.57 Â± 0.94@@70.20,20.01 Â± 4.49 / 55.19 Â± 4.66@@20.01,42.21 Â± 1.57 / 30.09 Â± 1.60@@42.21,16.3.0.dev0@@160300,16.3.0.dev0@@160300,16.3.0.dev0@@160300,16.3.0.dev0@@160300
<a href='https://hf.co/swiss-ai/Apertus-70B-Instruct-2509'>swiss-ai/Apertus-70B-Instruct-2509</a>,ğŸ“,2.13@@2.13,70599864480.0,131072.0,65536.0,âœ—,âœ—,58.53 Â± 1.83 / 67.12 Â± 2.24@@58.53,44.29 Â± 1.09 / 29.74 Â± 1.44@@44.29,30.83 Â± 2.50 / 64.23 Â± 1.63@@30.83,61.57 Â± 0.99 / 45.25 Â± 0.53@@61.57,16.3.0.dev0@@160300,16.3.0.dev0@@160300,16.3.0.dev0@@160300,16.3.0.dev0@@160300
<a href='https://hf.co/meta-llama/Llama-3.1-8B-Instruct'>meta-llama/Llama-3.1-8B-Instruct</a>,ğŸ“,2.13@@2.13,8030261248.0,128256.0,131072.0,âœ“,âœ—,57.16 Â± 1.20 / 63.47 Â± 1.42@@57.16,48.27 Â± 1.06 / 38.70 Â± 1.65@@48.27,29.73 Â± 1.33 / 64.63 Â± 0.61@@29.73,60.87 Â± 0.70 / 42.64 Â± 0.80@@60.87,16.3.0.dev0@@160300,16.3.0.dev0@@160300,16.3.0.dev0@@160300,16.3.0.dev0@@160300
<a href='https://hf.co/mii-llm/nesso-4B'>mii-llm/nesso-4B</a>,ğŸ“,2.14@@2.14,4022468096.0,151936.0,262144.0,âœ—,âœ—,55.43 Â± 0.85 / 66.92 Â± 1.14@@55.43,53.16 Â± 1.10 / 40.75 Â± 1.56@@53.16,20.36 Â± 1.83 / 58.86 Â± 1.27@@20.36,65.72 Â± 0.91 / 50.54 Â± 1.12@@65.72,16.11.0.dev0@@161100,16.11.0.dev0@@161100,16.11.0.dev0@@161100,16.11.0.dev0@@161100
<a href='https://hf.co/speakleash/Bielik-11B-v2.3-Instruct'>speakleash/Bielik-11B-v2.3-Instruct</a>,ğŸ“,2.16@@2.16,11168796672.0,32128.0,32768.0,âœ“,âœ“,56.58 Â± 1.34 / 62.76 Â± 1.15@@56.58,50.96 Â± 1.62 / 39.72 Â± 1.86@@50.96,19.18 Â± 3.03 / 58.72 Â± 1.83@@19.18,67.16 Â± 0.98 / 49.22 Â± 2.67@@67.16,16.11.0.dev0@@161100,16.11.0.dev0@@161100,16.11.0.dev0@@161100,16.11.0.dev0@@161100
<a href='https://hf.co/google/gemma-3n-E2B-it'>google/gemma-3n-E2B-it</a>,ğŸ“,2.17@@2.17,5439438272.0,262400.0,8192.0,âœ“,âœ—,55.13 Â± 1.46 / 62.63 Â± 1.71@@55.13,47.68 Â± 1.78 / 39.09 Â± 1.32@@47.68,27.80 Â± 2.00 / 63.45 Â± 1.13@@27.80,57.88 Â± 0.80 / 41.81 Â± 0.65@@57.88,16.11.0.dev0@@161100,16.11.0.dev0@@161100,16.11.0.dev0@@161100,16.11.0.dev0@@161100
"<a href='https://platform.openai.com/docs/models/gpt-4.1-nano'>gpt-4.1-nano-2025-04-14 (zero-shot, val)</a>",ğŸ“,2.17@@2.17,?,?,1047576.0,âœ“,âœ—,45.99 Â± 2.87 / 58.75 Â± 1.88@@45.99,35.06 Â± 1.71 / 26.26 Â± 1.81@@35.06,48.45 Â± 2.62 / 74.19 Â± 1.32@@48.45,59.02 Â± 1.25 / 39.66 Â± 1.20@@59.02,16.3.0.dev0@@160300,16.3.0.dev0@@160300,16.3.0.dev0@@160300,16.3.0.dev0@@160300
<a href='https://hf.co/utter-project/EuroLLM-9B'>utter-project/EuroLLM-9B</a>,ğŸ§ ,2.18@@2.18,9152319488.0,128000.0,4096.0,âœ“,âœ—,64.86 Â± 1.54 / 75.26 Â± 1.45@@64.86,45.13 Â± 1.20 / 36.22 Â± 1.60@@45.13,15.88 Â± 4.31 / 48.53 Â± 5.18@@15.88,66.81 Â± 0.76 / 56.49 Â± 1.04@@66.81,16.3.0.dev0@@160300,16.3.0.dev0@@160300,16.3.0.dev0@@160300,16.3.0.dev0@@160300
<a href='https://hf.co/speakleash/Bielik-11B-v3-Base-20250730'>speakleash/Bielik-11B-v3-Base-20250730</a>,ğŸ§ ,2.20@@2.20,11168796672.0,32128.0,32768.0,âœ“,âœ—,52.53 Â± 6.01 / 64.62 Â± 6.17@@52.53,54.52 Â± 1.18 / 44.17 Â± 2.10@@54.52,9.63 Â± 5.57 / 44.44 Â± 5.21@@9.63,69.57 Â± 1.20 / 58.11 Â± 2.41@@69.57,16.10.0@@161000,16.10.0@@161000,16.10.0@@161000,16.10.0@@161000
<a href='https://hf.co/openai/gpt-oss-20b'>openai/gpt-oss-20b#high</a>,ğŸ¤”,2.22@@2.22,21511953984.0,201088.0,131072.0,âœ“,âœ—,47.73 Â± 0.65 / 53.52 Â± 0.53@@47.73,44.20 Â± 2.09 / 39.06 Â± 2.07@@44.20,34.07 Â± 1.60 / 63.11 Â± 0.94@@34.07,61.39 Â± 0.56 / 45.51 Â± 0.67@@61.39,16.7.0.dev0@@160700,16.7.0.dev0@@160700,16.7.0.dev0@@160700,16.7.0.dev0@@160700
"<a href='https://docs.anthropic.com/en/docs/about-claude'>claude-haiku-4-5-20251001 (zero-shot, val)</a>",ğŸ¤”,2.23@@2.23,?,?,?,âœ“,âœ—,55.56 Â± 1.85 / 63.56 Â± 1.69@@55.56,43.71 Â± 1.88 / 35.67 Â± 1.86@@43.71,24.05 Â± 3.98 / 53.90 Â± 2.53@@24.05,64.31 Â± 1.19 / 41.24 Â± 1.36@@64.31,16.3.0.dev0@@160300,16.3.0.dev0@@160300,16.3.0.dev0@@160300,16.3.0.dev0@@160300
<a href='https://hf.co/Qwen/Qwen3-4B'>Qwen/Qwen3-4B#no-thinking</a>,ğŸ“,2.25@@2.25,4022468096.0,151936.0,40960.0,âœ“,âœ—,52.31 Â± 1.78 / 64.56 Â± 1.67@@52.31,45.98 Â± 1.15 / 34.33 Â± 1.96@@45.98,25.08 Â± 1.74 / 62.22 Â± 0.87@@25.08,61.45 Â± 0.87 / 49.11 Â± 0.70@@61.45,16.3.0.dev0@@160300,16.3.0.dev0@@160300,16.3.0.dev0@@160300,16.3.0.dev0@@160300
<a href='https://hf.co/microsoft/mdeberta-v3-base'>microsoft/mdeberta-v3-base</a>,ğŸ”,2.25@@2.25,278220290.0,251000.0,512.0,âœ“,âœ—,32.42 Â± 14.53 / 48.62 Â± 14.00@@32.42,63.87 Â± 1.87 / 63.18 Â± 1.69@@63.87,40.16 Â± 2.92 / 67.40 Â± 2.19@@40.16,39.67 Â± 2.15 / 26.89 Â± 1.69@@39.67,16.3.0.dev0@@160300,16.3.0.dev0@@160300,16.3.0.dev0@@160300,16.3.0.dev0@@160300
<a href='https://hf.co/allenai/Llama-3.1-Tulu-3-8B-SFT'>allenai/Llama-3.1-Tulu-3-8B-SFT</a>,ğŸ“,2.26@@2.26,8030326784.0,128264.0,131072.0,âœ“,âœ—,58.19 Â± 0.77 / 65.48 Â± 1.21@@58.19,46.13 Â± 1.10 / 36.46 Â± 1.24@@46.13,19.46 Â± 1.99 / 56.94 Â± 1.58@@19.46,63.48 Â± 0.80 / 49.13 Â± 1.50@@63.48,16.9.0.dev0@@160900,16.9.0.dev0@@160900,16.9.0.dev0@@160900,16.9.0.dev0@@160900
<a href='https://hf.co/speakleash/Bielik-11B-v3.0-Instruct'>speakleash/Bielik-11B-v3.0-Instruct</a>,ğŸ“,2.27@@2.27,11168796672.0,32128.0,32768.0,âœ“,âœ—,58.85 Â± 1.18 / 65.71 Â± 1.18@@58.85,52.09 Â± 0.96 / 43.46 Â± 1.45@@52.09,44.24 Â± 2.35 / 71.88 Â± 1.24@@44.24,20.50 Â± 1.07 / 0.02 Â± 0.02@@20.50,16.10.0@@161000,16.10.0@@161000,16.10.0@@161000,16.10.0@@161000
<a href='https://hf.co/Qwen/Qwen3-4B-Instruct-2507'>Qwen/Qwen3-4B-Instruct-2507</a>,ğŸ“,2.27@@2.27,4022468096.0,151936.0,262144.0,âœ“,âœ—,55.62 Â± 0.80 / 65.33 Â± 1.04@@55.62,44.70 Â± 0.93 / 33.13 Â± 1.77@@44.70,24.47 Â± 1.55 / 59.28 Â± 1.42@@24.47,61.66 Â± 0.49 / 47.81 Â± 0.40@@61.66,16.3.0.dev0@@160300,16.3.0.dev0@@160300,16.3.0.dev0@@160300,16.3.0.dev0@@160300
<a href='https://hf.co/INSAIT-Institute/MamayLM-Gemma-3-12B-IT-v1.0'>INSAIT-Institute/MamayLM-Gemma-3-12B-IT-v1.0</a>,ğŸ“,2.29@@2.29,12187325040.0,262144.0,8192.0,âœ—,âœ—,62.56 Â± 1.47 / 68.93 Â± 2.01@@62.56,55.63 Â± 1.27 / 41.82 Â± 2.00@@55.63,41.20 Â± 2.40 / 70.25 Â± 1.35@@41.20,14.47 Â± 0.84 / 0.01 Â± 0.01@@14.47,16.9.0.dev0@@160900,16.9.0.dev0@@160900,16.9.0.dev0@@160900,16.9.0.dev0@@160900
<a href='https://hf.co/mistralai/Voxtral-Mini-3B-2507'>mistralai/Voxtral-Mini-3B-2507</a>,ğŸ“,2.30@@2.30,4676271104.0,131072.0,8192.0,âœ“,âœ—,55.92 Â± 2.20 / 63.97 Â± 2.79@@55.92,48.04 Â± 1.58 / 39.04 Â± 1.56@@48.04,13.08 Â± 2.50 / 51.27 Â± 2.52@@13.08,65.18 Â± 0.80 / 52.99 Â± 1.26@@65.18,16.3.0.dev0@@160300,16.3.0.dev0@@160300,16.3.0.dev0@@160300,16.3.0.dev0@@160300
<a href='https://hf.co/allenai/OLMo-2-0325-32B-Instruct'>allenai/OLMo-2-0325-32B-Instruct</a>,ğŸ“,2.32@@2.32,32234279936.0,100352.0,4096.0,âœ—,âœ—,50.85 Â± 1.05 / 62.03 Â± 1.10@@50.85,50.30 Â± 0.80 / 32.01 Â± 1.16@@50.30,21.55 Â± 0.90 / 60.38 Â± 0.53@@21.55,58.17 Â± 1.53 / 33.93 Â± 2.07@@58.17,16.3.0.dev0@@160300,16.3.0.dev0@@160300,16.3.0.dev0@@160300,16.3.0.dev0@@160300
<a href='https://hf.co/deepcogito/cogito-v1-preview-llama-8B'>deepcogito/cogito-v1-preview-llama-8B</a>,ğŸ“,2.34@@2.34,8030261248.0,128256.0,131072.0,âœ“,âœ—,55.79 Â± 1.65 / 65.78 Â± 1.55@@55.79,46.38 Â± 1.07 / 33.30 Â± 1.72@@46.38,32.00 Â± 1.66 / 65.09 Â± 1.08@@32.00,34.97 Â± 7.27 / 13.23 Â± 5.08@@34.97,16.9.0.dev0@@160900,16.9.0.dev0@@160900,16.9.0.dev0@@160900,16.9.0.dev0@@160900
<a href='https://hf.co/allenai/Olmo-3.1-32B-Think'>allenai/Olmo-3.1-32B-Think</a>,ğŸ¤”,2.36@@2.36,32233522176.0,100278.0,65536.0,âœ—,âœ—,48.39 Â± 1.51 / 59.00 Â± 1.58@@48.39,49.78 Â± 2.06 / 42.14 Â± 2.05@@49.78,14.72 Â± 1.90 / 47.45 Â± 0.95@@14.72,62.77 Â± 0.60 / 49.35 Â± 0.72@@62.77,16.10.1.dev0@@161001,16.10.1.dev0@@161001,16.10.1.dev0@@161001,16.10.1.dev0@@161001
<a href='https://hf.co/ibm-granite/granite-4.0-h-small'>ibm-granite/granite-4.0-h-small</a>,ğŸ“,2.38@@2.38,32207337984.0,100352.0,131072.0,âœ“,âœ—,55.76 Â± 1.21 / 65.33 Â± 1.53@@55.76,55.49 Â± 1.41 / 45.44 Â± 2.85@@55.49,1.60 Â± 2.10 / 30.95 Â± 0.66@@1.60,63.70 Â± 0.72 / 51.22 Â± 0.78@@63.70,16.8.0.dev0@@160800,16.8.0.dev0@@160800,16.8.0.dev0@@160800,16.8.0.dev0@@160800
<a href='https://hf.co/lapa-llm/lapa-v0.1.2-instruct'>lapa-llm/lapa-v0.1.2-instruct</a>,ğŸ“,2.39@@2.39,12187325040.0,262144.0,8192.0,âœ—,âœ—,66.23 Â± 1.36 / 73.00 Â± 1.88@@66.23,51.23 Â± 1.31 / 40.23 Â± 1.40@@51.23,33.32 Â± 2.57 / 66.23 Â± 1.46@@33.32,16.40 Â± 1.45 / 0.02 Â± 0.03@@16.40,16.9.0.dev0@@160900,16.9.0.dev0@@160900,16.9.0.dev0@@160900,16.9.0.dev0@@160900
<a href='https://hf.co/jhu-clsp/mmBERT-small'>jhu-clsp/mmBERT-small</a>,ğŸ”,2.41@@2.41,140642306.0,256000.0,8192.0,âœ“,âœ—,27.88 Â± 3.88 / 50.29 Â± 2.75@@27.88,60.48 Â± 1.19 / 61.99 Â± 1.13@@60.48,27.23 Â± 2.25 / 63.42 Â± 1.04@@27.23,48.82 Â± 1.67 / 33.25 Â± 1.32@@48.82,16.3.0.dev0@@160300,16.3.0.dev0@@160300,16.3.0.dev0@@160300,16.3.0.dev0@@160300
"<a href='https://docs.anthropic.com/en/docs/about-claude'>claude-3-5-haiku-20241022 (zero-shot, val)</a>",ğŸ“,2.45@@2.45,?,?,200000.0,âœ“,âœ—,42.79 Â± 2.60 / 54.21 Â± 1.28@@42.79,31.93 Â± 1.61 / 22.53 Â± 1.61@@31.93,30.82 Â± 2.59 / 58.18 Â± 1.63@@30.82,63.44 Â± 1.23 / 40.81 Â± 1.12@@63.44,16.3.0.dev0@@160300,16.3.0.dev0@@160300,16.3.0.dev0@@160300,16.3.0.dev0@@160300
<a href='https://hf.co/allenai/Olmo-3.1-32B-Instruct-SFT'>allenai/Olmo-3.1-32B-Instruct-SFT</a>,ğŸ“,2.45@@2.45,32233522176.0,100278.0,65536.0,âœ—,âœ—,56.19 Â± 1.42 / 69.82 Â± 1.24@@56.19,52.27 Â± 1.01 / 41.18 Â± 1.42@@52.27,0.00 Â± 0.00 / 30.64 Â± 0.41@@0.00,61.83 Â± 3.91 / 46.11 Â± 4.51@@61.83,16.9.0.dev0@@160900,16.9.0.dev0@@160900,16.9.0.dev0@@160900,16.9.0.dev0@@160900
<a href='https://hf.co/nvidia/NVIDIA-Nemotron-Nano-9B-v2'>nvidia/NVIDIA-Nemotron-Nano-9B-v2</a>,ğŸ¤”,2.46@@2.46,8888227328.0,131072.0,131072.0,âœ“,âœ—,43.31 Â± 1.19 / 53.95 Â± 1.05@@43.31,51.96 Â± 1.47 / 42.02 Â± 1.34@@51.96,11.40 Â± 1.11 / 54.79 Â± 0.59@@11.40,58.92 Â± 0.73 / 46.69 Â± 0.63@@58.92,16.3.0.dev0@@160300,16.3.0.dev0@@160300,16.3.0.dev0@@160300,16.3.0.dev0@@160300
<a href='https://hf.co/occiglot/occiglot-7b-eu5-instruct'>occiglot/occiglot-7b-eu5-instruct</a>,ğŸ“,2.49@@2.49,7241748480.0,32002.0,32768.0,âœ—,âœ—,54.28 Â± 2.17 / 67.93 Â± 1.87@@54.28,44.57 Â± 1.19 / 33.18 Â± 1.75@@44.57,5.63 Â± 1.39 / 50.52 Â± 1.53@@5.63,62.59 Â± 3.01 / 45.42 Â± 4.38@@62.59,16.3.0.dev0@@160300,16.3.0.dev0@@160300,16.3.0.dev0@@160300,16.3.0.dev0@@160300
<a href='https://hf.co/speakleash/Bielik-11B-v2.6-Instruct'>speakleash/Bielik-11B-v2.6-Instruct</a>,ğŸ“,2.49@@2.49,11168796672.0,32128.0,32768.0,âœ“,âœ—,55.31 Â± 0.99 / 60.10 Â± 1.18@@55.31,52.20 Â± 1.27 / 37.70 Â± 2.28@@52.20,30.82 Â± 1.83 / 64.86 Â± 0.85@@30.82,18.25 Â± 1.34 / 0.03 Â± 0.02@@18.25,16.10.0@@161000,16.10.0@@161000,16.10.0@@161000,16.10.0@@161000
<a href='https://hf.co/arcee-ai/Trinity-Mini'>arcee-ai/Trinity-Mini</a>,ğŸ¤”,2.51@@2.51,26123974400.0,200192.0,131072.0,âœ“,âœ—,43.62 Â± 1.09 / 57.20 Â± 1.22@@43.62,49.56 Â± 0.77 / 39.36 Â± 1.12@@49.56,15.84 Â± 2.09 / 57.69 Â± 1.21@@15.84,54.33 Â± 0.95 / 40.77 Â± 1.20@@54.33,16.11.0.dev0@@161100,16.11.0.dev0@@161100,16.11.0.dev0@@161100,16.11.0.dev0@@161100
<a href='https://hf.co/baidu/ERNIE-4.5-21B-A3B-PT'>baidu/ERNIE-4.5-21B-A3B-PT</a>,ğŸ“,2.52@@2.52,21948655808.0,103424.0,131072.0,âœ“,âœ—,44.05 Â± 1.81 / 50.20 Â± 2.08@@44.05,41.29 Â± 0.96 / 29.85 Â± 1.40@@41.29,15.22 Â± 2.79 / 55.60 Â± 3.11@@15.22,65.26 Â± 0.47 / 51.56 Â± 1.23@@65.26,16.8.0.dev0@@160800,16.8.0.dev0@@160800,16.8.0.dev0@@160800,16.8.0.dev0@@160800
<a href='https://hf.co/allenai/Olmo-3.1-32B-Instruct-DPO'>allenai/Olmo-3.1-32B-Instruct-DPO</a>,ğŸ“,2.53@@2.53,32233522176.0,100278.0,65536.0,âœ—,âœ—,55.22 Â± 1.38 / 69.28 Â± 1.11@@55.22,45.78 Â± 1.03 / 35.61 Â± 1.52@@45.78,1.23 Â± 0.85 / 30.72 Â± 0.46@@1.23,62.60 Â± 0.68 / 48.03 Â± 1.28@@62.60,16.9.0.dev0@@160900,16.9.0.dev0@@160900,16.9.0.dev0@@160900,16.9.0.dev0@@160900
<a href='https://hf.co/allenai/Olmo-3-1025-7B'>allenai/Olmo-3-1025-7B</a>,ğŸ§ ,2.53@@2.53,7298011136.0,100278.0,65536.0,âœ“,âœ—,48.03 Â± 1.05 / 63.27 Â± 1.40@@48.03,43.47 Â± 1.71 / 31.59 Â± 2.64@@43.47,5.98 Â± 2.54 / 41.47 Â± 4.54@@5.98,65.67 Â± 0.71 / 52.39 Â± 1.42@@65.67,16.9.0.dev0@@160900,16.9.0.dev0@@160900,16.9.0.dev0@@160900,16.9.0.dev0@@160900
<a href='https://hf.co/speakleash/Bielik-4.5B-v3.0-Instruct'>speakleash/Bielik-4.5B-v3.0-Instruct</a>,ğŸ“,2.54@@2.54,4757260288.0,32000.0,32768.0,âœ“,âœ—,52.41 Â± 1.33 / 67.08 Â± 1.39@@52.41,45.75 Â± 1.11 / 33.16 Â± 2.48@@45.75,5.76 Â± 1.21 / 51.58 Â± 0.79@@5.76,59.69 Â± 0.75 / 46.19 Â± 0.93@@59.69,16.11.0.dev0@@161100,16.11.0.dev0@@161100,16.11.0.dev0@@161100,16.11.0.dev0@@161100
<a href='https://hf.co/allenai/Olmo-3.1-32B-Instruct'>allenai/Olmo-3.1-32B-Instruct</a>,ğŸ“,2.55@@2.55,32233522176.0,100278.0,65536.0,âœ—,âœ—,53.99 Â± 1.14 / 68.31 Â± 0.95@@53.99,47.51 Â± 0.91 / 36.91 Â± 1.41@@47.51,1.70 Â± 1.30 / 30.80 Â± 0.51@@1.70,60.39 Â± 1.62 / 46.94 Â± 1.61@@60.39,16.9.0.dev0@@160900,16.9.0.dev0@@160900,16.9.0.dev0@@160900,16.9.0.dev0@@160900
<a href='https://hf.co/ibm-granite/granite-4.0-micro'>ibm-granite/granite-4.0-micro</a>,ğŸ“,2.56@@2.56,3402836480.0,100352.0,131072.0,âœ“,âœ—,53.19 Â± 1.09 / 65.25 Â± 1.49@@53.19,48.11 Â± 1.30 / 36.63 Â± 2.17@@48.11,0.29 Â± 0.56 / 30.66 Â± 0.43@@0.29,59.98 Â± 1.25 / 49.55 Â± 0.91@@59.98,16.8.0.dev0@@160800,16.8.0.dev0@@160800,16.8.0.dev0@@160800,16.8.0.dev0@@160800
<a href='https://hf.co/ibm-granite/granite-4.0-h-micro'>ibm-granite/granite-4.0-h-micro</a>,ğŸ“,2.56@@2.56,3191396096.0,100352.0,131072.0,âœ“,âœ—,50.94 Â± 1.31 / 60.07 Â± 1.37@@50.94,45.97 Â± 1.66 / 37.44 Â± 2.32@@45.97,4.18 Â± 4.57 / 35.21 Â± 6.32@@4.18,60.17 Â± 1.12 / 48.97 Â± 0.80@@60.17,16.8.0.dev0@@160800,16.8.0.dev0@@160800,16.8.0.dev0@@160800,16.8.0.dev0@@160800
<a href='https://hf.co/Qwen/Qwen3-1.7B'>Qwen/Qwen3-1.7B#no-thinking</a>,ğŸ“,2.60@@2.60,2031739904.0,151936.0,40960.0,âœ“,âœ—,43.87 Â± 1.25 / 48.61 Â± 0.71@@43.87,39.61 Â± 1.79 / 31.36 Â± 1.26@@39.61,15.34 Â± 3.44 / 56.78 Â± 2.09@@15.34,57.18 Â± 0.52 / 42.98 Â± 1.01@@57.18,16.9.0.dev0@@160900,16.9.0.dev0@@160900,16.9.0.dev0@@160900,16.9.0.dev0@@160900
<a href='https://hf.co/upstage/SOLAR-10.7B-v1.0'>upstage/SOLAR-10.7B-v1.0</a>,ğŸ§ ,2.61@@2.61,10731524096.0,32000.0,4096.0,âœ“,âœ—,7.82 Â± 1.68 / 28.70 Â± 0.97@@7.82,52.63 Â± 0.88 / 41.99 Â± 2.12@@52.63,21.05 Â± 3.10 / 59.32 Â± 1.79@@21.05,69.78 Â± 1.47 / 57.17 Â± 0.63@@69.78,16.3.0.dev0@@160300,16.3.0.dev0@@160300,16.3.0.dev0@@160300,16.3.0.dev0@@160300
<a href='https://hf.co/google/gemma-3-4b-it'>google/gemma-3-4b-it</a>,ğŸ“,2.63@@2.63,4300079472.0,262144.0,8192.0,âœ“,âœ—,53.16 Â± 1.09 / 61.15 Â± 1.75@@53.16,45.26 Â± 1.39 / 37.47 Â± 2.12@@45.26,30.62 Â± 2.09 / 64.91 Â± 1.23@@30.62,15.02 Â± 0.90 / 0.40 Â± 0.71@@15.02,16.9.0.dev0@@160900,16.9.0.dev0@@160900,16.9.0.dev0@@160900,16.9.0.dev0@@160900
<a href='https://hf.co/HuggingFaceTB/SmolLM3-3B-Base'>HuggingFaceTB/SmolLM3-3B-Base</a>,ğŸ§ ,2.65@@2.65,3075098624.0,128256.0,65536.0,âœ“,âœ—,53.38 Â± 1.73 / 60.68 Â± 3.21@@53.38,38.02 Â± 1.52 / 28.98 Â± 1.83@@38.02,2.89 Â± 3.12 / 33.22 Â± 2.71@@2.89,60.37 Â± 1.28 / 46.83 Â± 2.10@@60.37,16.9.0.dev0@@160900,16.9.0.dev0@@160900,16.9.0.dev0@@160900,16.9.0.dev0@@160900
<a href='https://hf.co/allenai/Olmo-3-7B-Think'>allenai/Olmo-3-7B-Think</a>,ğŸ¤”,2.65@@2.65,7298011136.0,100278.0,65536.0,âœ—,âœ—,36.09 Â± 1.66 / 49.47 Â± 1.21@@36.09,51.62 Â± 1.12 / 44.36 Â± 1.16@@51.62,6.86 Â± 1.67 / 44.18 Â± 0.88@@6.86,58.43 Â± 0.60 / 44.12 Â± 0.66@@58.43,16.10.1.dev0@@161001,16.10.1.dev0@@161001,16.10.1.dev0@@161001,16.10.1.dev0@@161001
<a href='https://hf.co/meta-llama/Llama-3.2-3B-Instruct'>meta-llama/Llama-3.2-3B-Instruct</a>,ğŸ“,2.66@@2.66,3212749824.0,128256.0,131072.0,âœ“,âœ—,48.70 Â± 0.89 / 52.91 Â± 0.99@@48.70,37.06 Â± 1.27 / 26.91 Â± 1.11@@37.06,9.61 Â± 2.47 / 43.51 Â± 3.18@@9.61,59.18 Â± 0.58 / 42.09 Â± 1.08@@59.18,16.3.0.dev0@@160300,16.3.0.dev0@@160300,16.3.0.dev0@@160300,16.3.0.dev0@@160300
<a href='https://hf.co/Qwen/Qwen2.5-1.5B-Instruct'>Qwen/Qwen2.5-1.5B-Instruct</a>,ğŸ“,2.66@@2.66,1543714304.0,151936.0,32768.0,âœ“,âœ—,47.77 Â± 0.82 / 59.11 Â± 1.32@@47.77,34.31 Â± 1.23 / 27.60 Â± 1.08@@34.31,12.04 Â± 1.92 / 51.75 Â± 2.20@@12.04,61.05 Â± 0.71 / 48.06 Â± 0.61@@61.05,16.3.0.dev0@@160300,16.3.0.dev0@@160300,16.3.0.dev0@@160300,16.3.0.dev0@@160300
<a href='https://hf.co/occiglot/occiglot-7b-eu5'>occiglot/occiglot-7b-eu5</a>,ğŸ§ ,2.78@@2.78,7241732096.0,32000.0,32768.0,âœ“,âœ—,31.34 Â± 8.09 / 47.88 Â± 7.58@@31.34,45.31 Â± 0.77 / 35.68 Â± 1.94@@45.31,0.00 Â± 0.00 / 35.82 Â± 0.35@@0.00,64.81 Â± 2.87 / 51.58 Â± 4.36@@64.81,16.3.0.dev0@@160300,16.3.0.dev0@@160300,16.3.0.dev0@@160300,16.3.0.dev0@@160300
<a href='https://hf.co/arcee-ai/Trinity-Nano-Preview'>arcee-ai/Trinity-Nano-Preview</a>,ğŸ“,2.79@@2.79,6120003328.0,200192.0,131072.0,âœ“,âœ—,34.89 Â± 4.19 / 50.81 Â± 4.80@@34.89,44.02 Â± 1.15 / 38.52 Â± 1.64@@44.02,4.45 Â± 3.68 / 40.91 Â± 6.18@@4.45,56.06 Â± 1.93 / 43.47 Â± 2.07@@56.06,16.10.1.dev0@@161001,16.10.1.dev0@@161001,16.10.1.dev0@@161001,16.10.1.dev0@@161001
<a href='https://hf.co/ibm-granite/granite-4.0-h-tiny'>ibm-granite/granite-4.0-h-tiny</a>,ğŸ“,2.81@@2.81,6939037248.0,100352.0,131072.0,âœ“,âœ—,54.74 Â± 1.01 / 62.77 Â± 1.25@@54.74,43.93 Â± 0.97 / 34.48 Â± 2.08@@43.93,7.78 Â± 4.32 / 36.35 Â± 4.66@@7.78,24.74 Â± 5.06 / 8.50 Â± 4.80@@24.74,16.8.0.dev0@@160800,16.8.0.dev0@@160800,16.8.0.dev0@@160800,16.8.0.dev0@@160800
<a href='https://hf.co/arcee-ai/AFM-4.5B-Base'>arcee-ai/AFM-4.5B-Base</a>,ğŸ§ ,2.84@@2.84,4619184640.0,128004.0,65536.0,âœ“,âœ—,42.25 Â± 1.31 / 54.01 Â± 2.87@@42.25,33.41 Â± 1.19 / 26.95 Â± 1.20@@33.41,2.81 Â± 2.25 / 44.62 Â± 2.75@@2.81,58.69 Â± 2.38 / 44.48 Â± 3.12@@58.69,16.10.1.dev0@@161001,16.10.1.dev0@@161001,16.10.1.dev0@@161001,16.10.1.dev0@@161001
<a href='https://hf.co/allenai/Olmo-3-1125-32B'>allenai/Olmo-3-1125-32B</a>,ğŸ§ ,2.85@@2.85,32233522176.0,100278.0,65536.0,âœ“,âœ—,5.11 Â± 0.95 / 26.29 Â± 0.72@@5.11,51.10 Â± 1.92 / 41.77 Â± 2.76@@51.10,5.18 Â± 1.96 / 46.55 Â± 1.75@@5.18,72.13 Â± 1.23 / 57.54 Â± 2.37@@72.13,16.8.0.dev0@@160800,16.8.0.dev0@@160800,16.8.0.dev0@@160800,16.8.0.dev0@@160800
<a href='https://hf.co/EuroBERT/EuroBERT-610m'>EuroBERT/EuroBERT-610m</a>,ğŸ”,2.91@@2.91,755625600.0,128256.0,8192.0,âœ“,âœ—,33.08 Â± 4.83 / 52.61 Â± 3.59@@33.08,42.27 Â± 3.98 / 45.23 Â± 3.80@@42.27,3.95 Â± 2.44 / 46.49 Â± 4.58@@3.95,48.23 Â± 4.05 / 31.65 Â± 4.05@@48.23,16.9.0.dev0@@160900,16.9.0.dev0@@160900,16.9.0.dev0@@160900,16.9.0.dev0@@160900
<a href='https://hf.co/LiquidAI/LFM2-2.6B'>LiquidAI/LFM2-2.6B</a>,ğŸ“,2.92@@2.92,2569272320.0,65536.0,128000.0,âœ—,âœ—,34.17 Â± 1.93 / 56.22 Â± 1.34@@34.17,34.27 Â± 1.71 / 27.34 Â± 1.26@@34.27,7.86 Â± 1.64 / 53.55 Â± 1.00@@7.86,55.72 Â± 0.66 / 42.95 Â± 0.48@@55.72,16.3.0.dev0@@160300,16.3.0.dev0@@160300,16.3.0.dev0@@160300,16.3.0.dev0@@160300
<a href='https://hf.co/speakleash/Bielik-1.5B-v3.0-Instruct'>speakleash/Bielik-1.5B-v3.0-Instruct</a>,ğŸ“,2.94@@2.94,1596507648.0,32000.0,8192.0,âœ“,âœ—,27.43 Â± 3.07 / 44.80 Â± 3.31@@27.43,38.40 Â± 1.49 / 30.53 Â± 1.68@@38.40,4.66 Â± 1.55 / 50.64 Â± 0.85@@4.66,58.72 Â± 1.56 / 45.47 Â± 1.22@@58.72,16.11.0.dev0@@161100,16.11.0.dev0@@161100,16.11.0.dev0@@161100,16.11.0.dev0@@161100
<a href='https://hf.co/allenai/Olmo-3-7B-Instruct'>allenai/Olmo-3-7B-Instruct</a>,ğŸ“,2.97@@2.97,7298011136.0,100278.0,65536.0,âœ—,âœ—,37.26 Â± 1.47 / 57.82 Â± 1.06@@37.26,37.20 Â± 1.58 / 31.68 Â± 1.73@@37.20,0.00 Â± 0.00 / 30.64 Â± 0.41@@0.00,54.10 Â± 0.60 / 41.13 Â± 0.88@@54.10,16.9.0.dev0@@160900,16.9.0.dev0@@160900,16.9.0.dev0@@160900,16.9.0.dev0@@160900
<a href='https://hf.co/allenai/Olmo-3-7B-Instruct-DPO'>allenai/Olmo-3-7B-Instruct-DPO</a>,ğŸ“,3.00@@3.00,7298011136.0,100278.0,65536.0,âœ—,âœ—,36.47 Â± 1.52 / 57.62 Â± 1.10@@36.47,36.88 Â± 1.75 / 30.64 Â± 1.91@@36.88,0.00 Â± 0.00 / 30.64 Â± 0.41@@0.00,50.98 Â± 1.83 / 35.99 Â± 2.31@@50.98,16.9.0.dev0@@160900,16.9.0.dev0@@160900,16.9.0.dev0@@160900,16.9.0.dev0@@160900
<a href='https://hf.co/allenai/Olmo-3-7B-Instruct-SFT'>allenai/Olmo-3-7B-Instruct-SFT</a>,ğŸ“,3.01@@3.01,7298011136.0,100278.0,65536.0,âœ—,âœ—,36.32 Â± 1.81 / 56.68 Â± 1.22@@36.32,36.18 Â± 1.45 / 30.86 Â± 1.70@@36.18,0.00 Â± 0.00 / 30.64 Â± 0.41@@0.00,52.27 Â± 1.77 / 38.12 Â± 2.62@@52.27,16.9.0.dev0@@160900,16.9.0.dev0@@160900,16.9.0.dev0@@160900,16.9.0.dev0@@160900
<a href='https://hf.co/arcee-ai/Trinity-Mini-Base'>arcee-ai/Trinity-Mini-Base</a>,ğŸ“,3.05@@3.05,26123974400.0,200192.0,131072.0,âœ“,âœ—,38.36 Â± 4.09 / 51.13 Â± 4.81@@38.36,49.41 Â± 1.16 / 34.56 Â± 1.97@@49.41,4.19 Â± 3.53 / 38.63 Â± 6.67@@4.19,20.20 Â± 5.90 / 8.97 Â± 4.66@@20.20,16.11.0.dev0@@161100,16.11.0.dev0@@161100,16.11.0.dev0@@161100,16.11.0.dev0@@161100
<a href='https://hf.co/TrustLLMeu/baseline-7-8b_2-3t-tokens_llama'>TrustLLMeu/baseline-7-8b_2-3t-tokens_llama</a>,ğŸ§ ,3.07@@3.07,7799574528.0,100096.0,4096.0,âœ“,âœ—,23.27 Â± 5.23 / 31.45 Â± 4.50@@23.27,36.45 Â± 1.46 / 31.89 Â± 1.63@@36.45,1.53 Â± 2.49 / 34.38 Â± 3.02@@1.53,57.79 Â± 1.39 / 46.41 Â± 2.02@@57.79,16.3.0.dev0@@160300,16.3.0.dev0@@160300,16.3.0.dev0@@160300,16.3.0.dev0@@160300
<a href='https://hf.co/deepcogito/cogito-v1-preview-llama-3B'>deepcogito/cogito-v1-preview-llama-3B</a>,ğŸ“,3.07@@3.07,3606752256.0,128256.0,131072.0,âœ“,âœ—,50.30 Â± 1.51 / 56.24 Â± 3.17@@50.30,42.57 Â± 0.94 / 32.07 Â± 1.31@@42.57,9.10 Â± 4.93 / 39.30 Â± 5.71@@9.10,10.65 Â± 0.73 / 0.02 Â± 0.02@@10.65,16.9.0.dev0@@160900,16.9.0.dev0@@160900,16.9.0.dev0@@160900,16.9.0.dev0@@160900
<a href='https://hf.co/google/gemma-3-1b-pt'>google/gemma-3-1b-pt</a>,ğŸ§ ,3.09@@3.09,999885952.0,262144.0,32768.0,âœ“,âœ—,50.01 Â± 2.76 / 52.61 Â± 2.90@@50.01,18.79 Â± 1.31 / 17.80 Â± 1.13@@18.79,2.25 Â± 2.64 / 45.21 Â± 3.33@@2.25,49.82 Â± 1.22 / 39.15 Â± 1.35@@49.82,16.9.0.dev0@@160900,16.9.0.dev0@@160900,16.9.0.dev0@@160900,16.9.0.dev0@@160900
<a href='https://hf.co/AI-Sweden-Models/ModernBERT-large'>AI-Sweden-Models/ModernBERT-large</a>,ğŸ”,3.10@@3.10,395881664.0,50368.0,8192.0,âœ“,âœ—,20.65 Â± 5.64 / 44.18 Â± 4.46@@20.65,40.62 Â± 2.93 / 43.69 Â± 2.65@@40.62,3.22 Â± 3.76 / 50.99 Â± 2.14@@3.22,44.83 Â± 2.49 / 30.33 Â± 2.51@@44.83,16.3.0.dev0@@160300,16.3.0.dev0@@160300,16.3.0.dev0@@160300,16.3.0.dev0@@160300
<a href='https://hf.co/EuroBERT/EuroBERT-210m'>EuroBERT/EuroBERT-210m</a>,ğŸ”,3.10@@3.10,310266624.0,128256.0,8192.0,âœ“,âœ—,21.28 Â± 3.35 / 43.07 Â± 3.15@@21.28,38.92 Â± 2.56 / 42.85 Â± 2.16@@38.92,7.71 Â± 1.65 / 51.32 Â± 1.59@@7.71,38.56 Â± 1.28 / 24.45 Â± 1.35@@38.56,16.9.0.dev0@@160900,16.9.0.dev0@@160900,16.9.0.dev0@@160900,16.9.0.dev0@@160900
<a href='https://hf.co/BSC-LT/salamandra-7b'>BSC-LT/salamandra-7b</a>,ğŸ§ ,3.12@@3.12,7768117248.0,256000.0,8192.0,âœ“,âœ—,17.68 Â± 6.15 / 24.76 Â± 4.74@@17.68,17.91 Â± 2.15 / 15.43 Â± 1.67@@17.91,22.69 Â± 6.59 / 51.68 Â± 7.73@@22.69,55.42 Â± 1.49 / 43.22 Â± 1.36@@55.42,16.9.0.dev0@@160900,16.9.0.dev0@@160900,16.9.0.dev0@@160900,16.9.0.dev0@@160900
<a href='https://hf.co/swiss-ai/Apertus-8B-Instruct-2509'>swiss-ai/Apertus-8B-Instruct-2509</a>,ğŸ“,3.14@@3.14,8053338176.0,131072.0,65536.0,âœ—,âœ—,55.00 Â± 1.64 / 56.74 Â± 2.63@@55.00,45.00 Â± 1.91 / 32.69 Â± 2.36@@45.00,0.00 Â± 0.00 / 30.64 Â± 0.41@@0.00,6.91 Â± 1.12 / 0.04 Â± 0.07@@6.91,16.10.1.dev0@@161001,16.10.1.dev0@@161001,16.10.1.dev0@@161001,16.10.1.dev0@@161001
<a href='https://hf.co/HuggingFaceTB/SmolLM3-3B'>HuggingFaceTB/SmolLM3-3B#no-thinking</a>,ğŸ“,3.18@@3.18,3075098624.0,128256.0,65536.0,âœ“,âœ—,47.28 Â± 1.27 / 64.66 Â± 0.98@@47.28,37.27 Â± 1.01 / 29.73 Â± 0.87@@37.27,0.00 Â± 0.00 / 30.64 Â± 0.41@@0.00,21.18 Â± 2.81 / 2.29 Â± 1.01@@21.18,16.9.0.dev0@@160900,16.9.0.dev0@@160900,16.9.0.dev0@@160900,16.9.0.dev0@@160900
<a href='https://hf.co/meta-llama/Llama-3.2-1B'>meta-llama/Llama-3.2-1B</a>,ğŸ§ ,3.19@@3.19,1235814400.0,128256.0,131072.0,âœ“,âœ—,46.99 Â± 1.82 / 64.03 Â± 1.16@@46.99,13.54 Â± 2.84 / 14.13 Â± 2.08@@13.54,3.27 Â± 1.62 / 49.89 Â± 0.82@@3.27,45.27 Â± 3.96 / 31.05 Â± 4.39@@45.27,16.9.0.dev0@@160900,16.9.0.dev0@@160900,16.9.0.dev0@@160900,16.9.0.dev0@@160900
<a href='https://hf.co/tencent/Hunyuan-7B-Instruct'>tencent/Hunyuan-7B-Instruct</a>,ğŸ¤”,3.20@@3.20,7504568320.0,128167.0,32768.0,âœ“,âœ—,26.83 Â± 1.00 / 45.27 Â± 0.71@@26.83,43.09 Â± 1.17 / 32.90 Â± 1.30@@43.09,0.12 Â± 1.99 / 50.03 Â± 0.99@@0.12,31.19 Â± 0.64 / 0.00 Â± 0.00@@31.19,16.3.0.dev0@@160300,16.3.0.dev0@@160300,16.3.0.dev0@@160300,16.3.0.dev0@@160300
<a href='https://hf.co/Qwen/Qwen3-0.6B'>Qwen/Qwen3-0.6B#no-thinking</a>,ğŸ“,3.20@@3.20,751632384.0,151936.0,40960.0,âœ“,âœ—,30.08 Â± 3.72 / 44.01 Â± 3.76@@30.08,30.73 Â± 1.55 / 23.25 Â± 1.26@@30.73,2.20 Â± 2.24 / 43.35 Â± 3.11@@2.20,44.67 Â± 1.80 / 30.69 Â± 1.19@@44.67,16.9.0.dev0@@160900,16.9.0.dev0@@160900,16.9.0.dev0@@160900,16.9.0.dev0@@160900
<a href='https://hf.co/Geotrend/distilbert-base-25lang-cased'>Geotrend/distilbert-base-25lang-cased</a>,ğŸ”,3.21@@3.21,108867577.0,84985.0,512.0,âœ“,âœ—,15.02 Â± 7.00 / 39.73 Â± 6.64@@15.02,61.77 Â± 1.07 / 61.89 Â± 0.93@@61.77,4.27 Â± 3.83 / 43.48 Â± 5.19@@4.27,12.53 Â± 4.51 / 7.73 Â± 2.95@@12.53,16.3.0.dev0@@160300,16.3.0.dev0@@160300,16.3.0.dev0@@160300,16.3.0.dev0@@160300
<a href='https://hf.co/answerdotai/ModernBERT-base'>answerdotai/ModernBERT-base</a>,ğŸ”,3.24@@3.24,149655232.0,50368.0,8192.0,âœ“,âœ—,11.67 Â± 3.03 / 37.63 Â± 3.53@@11.67,40.57 Â± 1.69 / 41.69 Â± 1.50@@40.57,8.84 Â± 2.35 / 51.84 Â± 2.74@@8.84,32.51 Â± 2.48 / 17.53 Â± 1.61@@32.51,16.3.0.dev0@@160300,16.3.0.dev0@@160300,16.3.0.dev0@@160300,16.3.0.dev0@@160300
<a href='https://hf.co/kyutai/helium-1-2b'>kyutai/helium-1-2b</a>,ğŸ§ ,3.25@@3.25,2023868416.0,64000.0,4096.0,âœ“,âœ—,23.39 Â± 6.60 / 30.71 Â± 5.01@@23.39,21.32 Â± 1.98 / 19.81 Â± 1.09@@21.32,-0.28 Â± 0.56 / 35.81 Â± 0.35@@-0.28,60.52 Â± 1.64 / 47.99 Â± 2.99@@60.52,16.3.0.dev0@@160300,16.3.0.dev0@@160300,16.3.0.dev0@@160300,16.3.0.dev0@@160300
<a href='https://hf.co/answerdotai/ModernBERT-large'>answerdotai/ModernBERT-large</a>,ğŸ”,3.25@@3.25,395881664.0,50368.0,8192.0,âœ“,âœ—,10.91 Â± 2.73 / 34.89 Â± 2.66@@10.91,44.86 Â± 1.77 / 46.61 Â± 1.36@@44.86,8.08 Â± 2.68 / 49.60 Â± 2.64@@8.08,33.41 Â± 2.66 / 18.69 Â± 2.26@@33.41,16.3.0.dev0@@160300,16.3.0.dev0@@160300,16.3.0.dev0@@160300,16.3.0.dev0@@160300
<a href='https://hf.co/sentence-transformers/paraphrase-multilingual-MiniLM-L12-v2'>sentence-transformers/paraphrase-multilingual-MiniLM-L12-v2</a>,ğŸ”,3.27@@3.27,117654272.0,250037.0,512.0,âœ“,âœ—,36.56 Â± 11.93 / 54.31 Â± 10.61@@36.56,45.17 Â± 1.88 / 49.17 Â± 1.41@@45.17,8.75 Â± 6.20 / 49.65 Â± 5.77@@8.75,2.54 Â± 1.76 / 0.95 Â± 0.71@@2.54,16.3.0.dev0@@160300,16.3.0.dev0@@160300,16.3.0.dev0@@160300,16.3.0.dev0@@160300
<a href='https://hf.co/EuropeanParliament/EUBERT'>EuropeanParliament/EUBERT</a>,ğŸ”,3.27@@3.27,93990500.0,65636.0,512.0,âœ“,âœ—,22.44 Â± 2.19 / 47.69 Â± 1.52@@22.44,37.51 Â± 1.57 / 42.81 Â± 1.29@@37.51,2.77 Â± 2.04 / 45.17 Â± 2.15@@2.77,31.46 Â± 2.53 / 19.04 Â± 2.03@@31.46,16.9.0.dev0@@160900,16.9.0.dev0@@160900,16.9.0.dev0@@160900,16.9.0.dev0@@160900
<a href='https://hf.co/nvidia/NVIDIA-Nemotron-Nano-9B-v2'>nvidia/NVIDIA-Nemotron-Nano-9B-v2#no-thinking</a>,ğŸ“,3.29@@3.29,8888227328.0,131072.0,131072.0,âœ“,âœ—,42.06 Â± 5.13 / 47.59 Â± 3.88@@42.06,48.00 Â± 1.03 / 37.58 Â± 1.50@@48.00,0.00 Â± 0.00 / 35.82 Â± 0.35@@0.00,1.08 Â± 0.07 / 0.00 Â± 0.00@@1.08,16.3.0.dev0@@160300,16.3.0.dev0@@160300,16.3.0.dev0@@160300,16.3.0.dev0@@160300
<a href='https://hf.co/BSC-LT/salamandra-7b-instruct'>BSC-LT/salamandra-7b-instruct</a>,ğŸ“,3.32@@3.32,7768117248.0,256000.0,8192.0,âœ“,âœ—,60.15 Â± 1.30 / 70.83 Â± 1.35@@60.15,22.09 Â± 2.02 / 18.66 Â± 1.56@@22.09,1.38 Â± 0.83 / 30.73 Â± 0.42@@1.38,12.17 Â± 0.44 / 0.00 Â± 0.00@@12.17,16.9.0.dev0@@160900,16.9.0.dev0@@160900,16.9.0.dev0@@160900,16.9.0.dev0@@160900
<a href='https://hf.co/google/gemma-3-1b-it'>google/gemma-3-1b-it</a>,ğŸ“,3.33@@3.33,999885952.0,262144.0,32768.0,âœ“,âœ—,41.64 Â± 2.78 / 58.46 Â± 2.93@@41.64,25.91 Â± 0.96 / 21.92 Â± 1.06@@25.91,11.03 Â± 2.76 / 51.50 Â± 3.60@@11.03,11.78 Â± 0.49 / 0.15 Â± 0.29@@11.78,16.9.0.dev0@@160900,16.9.0.dev0@@160900,16.9.0.dev0@@160900,16.9.0.dev0@@160900
<a href='https://hf.co/PleIAs/Pleias-1.2b-Preview'>PleIAs/Pleias-1.2b-Preview</a>,ğŸ§ ,3.38@@3.38,1195468800.0,65536.0,2048.0,âœ“,âœ—,20.47 Â± 4.23 / 31.46 Â± 4.06@@20.47,25.78 Â± 1.82 / 21.03 Â± 1.46@@25.78,0.73 Â± 0.96 / 30.90 Â± 0.50@@0.73,41.44 Â± 1.76 / 31.18 Â± 2.51@@41.44,16.9.0.dev0@@160900,16.9.0.dev0@@160900,16.9.0.dev0@@160900,16.9.0.dev0@@160900
<a href='https://hf.co/arcee-ai/AFM-4.5B'>arcee-ai/AFM-4.5B</a>,ğŸ“,3.39@@3.39,4619189760.0,128005.0,65536.0,âœ“,âœ—,41.30 Â± 0.97 / 56.57 Â± 1.01@@41.30,37.54 Â± 0.95 / 26.13 Â± 1.48@@37.54,0.00 Â± 0.00 / 30.64 Â± 0.41@@0.00,8.26 Â± 0.81 / 0.04 Â± 0.03@@8.26,16.10.1.dev0@@161001,16.10.1.dev0@@161001,16.10.1.dev0@@161001,16.10.1.dev0@@161001
<a href='https://hf.co/yulan-team/YuLan-Mini-Instruct'>yulan-team/YuLan-Mini-Instruct</a>,ğŸ“,3.48@@3.48,2424375168.0,99000.0,28723.0,âœ—,âœ—,24.69 Â± 3.90 / 38.75 Â± 5.07@@24.69,27.68 Â± 1.03 / 22.25 Â± 1.00@@27.68,-0.10 Â± 2.20 / 48.22 Â± 1.40@@-0.10,32.99 Â± 3.41 / 16.96 Â± 4.28@@32.99,16.3.0.dev0@@160300,16.3.0.dev0@@160300,16.3.0.dev0@@160300,16.3.0.dev0@@160300
<a href='https://hf.co/facebook/MobileLLM-R1-950M-base'>facebook/MobileLLM-R1-950M-base</a>,ğŸ§ ,3.53@@3.53,949685760.0,128256.0,4096.0,âœ—,âœ—,29.21 Â± 2.82 / 50.93 Â± 2.24@@29.21,23.12 Â± 1.85 / 18.99 Â± 1.38@@23.12,0.00 Â± 0.00 / 35.82 Â± 0.35@@0.00,28.31 Â± 2.86 / 20.77 Â± 2.35@@28.31,16.3.0.dev0@@160300,16.3.0.dev0@@160300,16.3.0.dev0@@160300,16.3.0.dev0@@160300
<a href='https://hf.co/utter-project/EuroMoE-2.6B-A0.6B-Instruct-Preview'>utter-project/EuroMoE-2.6B-A0.6B-Instruct-Preview</a>,ğŸ“,3.55@@3.55,2611528704.0,128000.0,4096.0,âœ“,âœ—,14.33 Â± 4.33 / 25.81 Â± 3.61@@14.33,11.47 Â± 2.84 / 13.07 Â± 1.10@@11.47,1.79 Â± 1.90 / 35.46 Â± 3.27@@1.79,50.10 Â± 1.35 / 31.81 Â± 2.68@@50.10,16.3.0.dev0@@160300,16.3.0.dev0@@160300,16.3.0.dev0@@160300,16.3.0.dev0@@160300
<a href='https://hf.co/PleIAs/Pleias-3b-Preview'>PleIAs/Pleias-3b-Preview</a>,ğŸ§ ,3.58@@3.58,3211926528.0,65536.0,4096.0,âœ“,âœ—,17.00 Â± 5.25 / 35.15 Â± 5.60@@17.00,17.35 Â± 3.67 / 16.61 Â± 2.23@@17.35,1.01 Â± 1.69 / 34.01 Â± 2.47@@1.01,39.25 Â± 1.33 / 30.51 Â± 1.29@@39.25,16.8.0.dev0@@160800,16.8.0.dev0@@160800,16.8.0.dev0@@160800,16.8.0.dev0@@160800
<a href='https://hf.co/arcee-ai/Trinity-Nano-Base'>arcee-ai/Trinity-Nano-Base</a>,ğŸ“,3.60@@3.60,6120003328.0,200192.0,131072.0,âœ“,âœ—,16.44 Â± 3.01 / 28.20 Â± 4.16@@16.44,38.55 Â± 1.76 / 33.23 Â± 1.81@@38.55,0.00 Â± 0.00 / 30.64 Â± 0.41@@0.00,14.55 Â± 0.54 / 0.00 Â± 0.00@@14.55,16.10.1.dev0@@161001,16.10.1.dev0@@161001,16.10.1.dev0@@161001,16.10.1.dev0@@161001
<a href='https://hf.co/utter-project/EuroMoE-2.6B-A0.6B-Preview'>utter-project/EuroMoE-2.6B-A0.6B-Preview</a>,ğŸ§ ,3.62@@3.62,2611528704.0,128000.0,4096.0,âœ“,âœ—,4.66 Â± 3.04 / 17.65 Â± 1.13@@4.66,13.04 Â± 1.82 / 13.57 Â± 1.42@@13.04,3.16 Â± 1.82 / 33.68 Â± 2.87@@3.16,53.06 Â± 0.64 / 40.98 Â± 1.41@@53.06,16.3.0.dev0@@160300,16.3.0.dev0@@160300,16.3.0.dev0@@160300,16.3.0.dev0@@160300
<a href='https://hf.co/meta-llama/Llama-3.2-1B-Instruct'>meta-llama/Llama-3.2-1B-Instruct</a>,ğŸ“,3.71@@3.71,1235814400.0,128256.0,131072.0,âœ“,âœ—,12.03 Â± 3.67 / 27.77 Â± 3.83@@12.03,25.81 Â± 2.11 / 22.29 Â± 1.35@@25.81,5.72 Â± 1.46 / 43.96 Â± 3.67@@5.72,12.17 Â± 0.51 / 0.01 Â± 0.01@@12.17,16.9.0.dev0@@160900,16.9.0.dev0@@160900,16.9.0.dev0@@160900,16.9.0.dev0@@160900
<a href='https://hf.co/lapa-llm/lapa-12b-pt'>lapa-llm/lapa-12b-pt</a>,ğŸ“,3.72@@3.72,12187325040.0,262144.0,8192.0,âœ“,âœ—,-0.00 Â± 0.56 / 16.50 Â± 0.23@@-0.00,51.57 Â± 1.12 / 40.39 Â± 1.59@@51.57,2.49 Â± 1.86 / 44.52 Â± 3.17@@2.49,1.22 Â± 0.13 / 0.00 Â± 0.00@@1.22,16.9.0.dev0@@160900,16.9.0.dev0@@160900,16.9.0.dev0@@160900,16.9.0.dev0@@160900
<a href='https://hf.co/LiquidAI/LFM2.5-1.2B-Instruct'>LiquidAI/LFM2.5-1.2B-Instruct</a>,ğŸ“,3.80@@3.80,1170340608.0,65536.0,128000.0,âœ—,âœ—,10.95 Â± 3.32 / 33.68 Â± 3.80@@10.95,20.78 Â± 1.40 / 18.80 Â± 1.03@@20.78,3.11 Â± 1.62 / 45.43 Â± 3.64@@3.11,19.46 Â± 1.12 / 0.27 Â± 0.14@@19.46,16.10.1.dev0@@161001,16.10.1.dev0@@161001,16.10.1.dev0@@161001,16.10.1.dev0@@161001
<a href='https://hf.co/baidu/ERNIE-4.5-0.3B-PT'>baidu/ERNIE-4.5-0.3B-PT</a>,ğŸ“,3.89@@3.89,?,103424.0,131072.0,âœ“,âœ—,8.48 Â± 3.09 / 23.84 Â± 3.70@@8.48,18.99 Â± 1.58 / 16.61 Â± 1.19@@18.99,1.09 Â± 1.00 / 30.94 Â± 0.35@@1.09,14.46 Â± 4.28 / 6.60 Â± 3.32@@14.46,16.9.0.dev0@@160900,16.9.0.dev0@@160900,16.9.0.dev0@@160900,16.9.0.dev0@@160900
<a href='https://hf.co/google/gemma-3-270m'>google/gemma-3-270m</a>,ğŸ§ ,3.91@@3.91,268098176.0,262144.0,32768.0,âœ“,âœ—,15.55 Â± 7.12 / 27.60 Â± 6.05@@15.55,11.87 Â± 4.07 / 13.06 Â± 2.08@@11.87,-0.10 Â± 0.93 / 30.65 Â± 0.40@@-0.10,18.73 Â± 0.79 / 8.77 Â± 0.96@@18.73,16.9.0.dev0@@160900,16.9.0.dev0@@160900,16.9.0.dev0@@160900,16.9.0.dev0@@160900
<a href='https://hf.co/LiquidAI/LFM2.5-1.2B-Base'>LiquidAI/LFM2.5-1.2B-Base</a>,ğŸ“,3.95@@3.95,1170340608.0,65536.0,128000.0,âœ—,âœ—,7.60 Â± 4.99 / 30.12 Â± 4.30@@7.60,18.02 Â± 1.73 / 17.18 Â± 1.17@@18.02,2.62 Â± 1.96 / 43.58 Â± 5.24@@2.62,8.60 Â± 0.61 / 0.00 Â± 0.00@@8.60,16.10.1.dev0@@161001,16.10.1.dev0@@161001,16.10.1.dev0@@161001,16.10.1.dev0@@161001
<a href='https://hf.co/tiiuae/Falcon-H1-Tiny-Multilingual-100M-Base'>tiiuae/Falcon-H1-Tiny-Multilingual-100M-Base</a>,ğŸ§ ,4.05@@4.05,107908288.0,65536.0,262144.0,âœ“,âœ—,-1.53 Â± 2.56 / 20.67 Â± 2.26@@-1.53,10.22 Â± 1.29 / 10.54 Â± 1.09@@10.22,2.81 Â± 1.84 / 37.57 Â± 4.77@@2.81,22.36 Â± 1.10 / 13.14 Â± 1.87@@22.36,16.11.0.dev0@@161100,16.11.0.dev0@@161100,16.11.0.dev0@@161100,16.11.0.dev0@@161100
<a href='https://hf.co/PleIAs/Pleias-350m-Preview'>PleIAs/Pleias-350m-Preview</a>,ğŸ§ ,4.05@@4.05,353424384.0,65536.0,2048.0,âœ“,âœ—,3.44 Â± 3.17 / 25.63 Â± 4.12@@3.44,14.31 Â± 1.42 / 15.28 Â± 0.86@@14.31,1.47 Â± 1.48 / 33.27 Â± 3.09@@1.47,14.64 Â± 1.24 / 8.86 Â± 1.51@@14.64,16.9.0.dev0@@160900,16.9.0.dev0@@160900,16.9.0.dev0@@160900,16.9.0.dev0@@160900
<a href='https://hf.co/tiiuae/Falcon-H1-Tiny-Multilingual-100M-Instruct'>tiiuae/Falcon-H1-Tiny-Multilingual-100M-Instruct</a>,ğŸ“,4.08@@4.08,107908288.0,65536.0,262144.0,âœ“,âœ—,2.54 Â± 1.92 / 19.04 Â± 2.26@@2.54,8.76 Â± 0.97 / 7.12 Â± 0.83@@8.76,0.71 Â± 0.72 / 30.70 Â± 0.41@@0.71,19.15 Â± 1.69 / 10.80 Â± 1.90@@19.15,16.11.0.dev0@@161100,16.11.0.dev0@@161100,16.11.0.dev0@@161100,16.11.0.dev0@@161100
<a href='https://hf.co/LiquidAI/LFM2-700M'>LiquidAI/LFM2-700M</a>,ğŸ“,4.08@@4.08,742489344.0,65536.0,128000.0,âœ—,âœ—,0.74 Â± 1.39 / 17.70 Â± 0.75@@0.74,15.86 Â± 1.39 / 14.31 Â± 0.93@@15.86,1.80 Â± 3.20 / 44.45 Â± 4.38@@1.80,11.04 Â± 0.58 / 0.82 Â± 0.46@@11.04,16.9.0.dev0@@160900,16.9.0.dev0@@160900,16.9.0.dev0@@160900,16.9.0.dev0@@160900
<a href='https://hf.co/LiquidAI/LFM2-1.2B'>LiquidAI/LFM2-1.2B</a>,ğŸ“,4.10@@4.10,1170340608.0,65536.0,128000.0,âœ—,âœ—,6.92 Â± 2.03 / 26.95 Â± 3.24@@6.92,9.11 Â± 1.29 / 10.32 Â± 1.27@@9.11,1.34 Â± 2.52 / 43.36 Â± 3.36@@1.34,13.20 Â± 1.62 / 0.71 Â± 0.59@@13.20,16.9.0.dev0@@160900,16.9.0.dev0@@160900,16.9.0.dev0@@160900,16.9.0.dev0@@160900
<a href='https://hf.co/LiquidAI/LFM2-350M'>LiquidAI/LFM2-350M</a>,ğŸ“,4.12@@4.12,354483968.0,65536.0,128000.0,âœ—,âœ—,10.96 Â± 3.58 / 29.64 Â± 3.71@@10.96,10.57 Â± 0.41 / 10.54 Â± 0.52@@10.57,2.55 Â± 2.36 / 39.41 Â± 4.92@@2.55,3.75 Â± 0.31 / 0.17 Â± 0.10@@3.75,16.9.0.dev0@@160900,16.9.0.dev0@@160900,16.9.0.dev0@@160900,16.9.0.dev0@@160900
<a href='https://hf.co/google/gemma-3-270m-it'>google/gemma-3-270m-it</a>,ğŸ“,4.12@@4.12,268098176.0,262144.0,32768.0,âœ“,âœ—,8.71 Â± 3.90 / 27.12 Â± 3.75@@8.71,8.05 Â± 3.45 / 10.82 Â± 1.70@@8.05,1.44 Â± 2.20 / 34.87 Â± 3.59@@1.44,7.79 Â± 0.19 / 0.00 Â± 0.00@@7.79,16.9.0.dev0@@160900,16.9.0.dev0@@160900,16.9.0.dev0@@160900,16.9.0.dev0@@160900
fresh-xlm-roberta-base,ğŸ”,4.13@@4.13,278885778.0,250002.0,512.0,âœ“,âœ—,5.70 Â± 3.34 / 22.72 Â± 3.63@@5.70,15.87 Â± 1.72 / 20.32 Â± 1.96@@15.87,2.93 Â± 2.64 / 40.27 Â± 4.12@@2.93,0.00 Â± 0.00 / 0.00 Â± 0.00@@0.00,16.3.0.dev0@@160300,16.3.0.dev0@@160300,16.3.0.dev0@@160300,16.3.0.dev0@@160300
<a href='https://hf.co/HuggingFaceTB/SmolLM2-360M'>HuggingFaceTB/SmolLM2-360M</a>,ğŸ§ ,4.14@@4.14,361821120.0,49152.0,8192.0,âœ“,âœ—,-0.15 Â± 3.01 / 21.67 Â± 1.69@@-0.15,13.98 Â± 1.84 / 15.48 Â± 1.88@@13.98,0.28 Â± 2.25 / 40.68 Â± 3.47@@0.28,11.95 Â± 2.12 / 8.25 Â± 2.00@@11.95,16.9.0.dev0@@160900,16.9.0.dev0@@160900,16.9.0.dev0@@160900,16.9.0.dev0@@160900
<a href='https://hf.co/HuggingFaceTB/SmolLM2-360M-Instruct'>HuggingFaceTB/SmolLM2-360M-Instruct</a>,ğŸ“,4.19@@4.19,361821120.0,49152.0,8192.0,âœ“,âœ—,1.87 Â± 3.03 / 23.53 Â± 3.37@@1.87,12.41 Â± 1.59 / 12.67 Â± 1.41@@12.41,0.00 Â± 0.00 / 30.64 Â± 0.41@@0.00,6.96 Â± 0.46 / 0.00 Â± 0.00@@6.96,16.9.0.dev0@@160900,16.9.0.dev0@@160900,16.9.0.dev0@@160900,16.9.0.dev0@@160900
<a href='https://hf.co/facebook/MobileLLM-R1-360M-base'>facebook/MobileLLM-R1-360M-base</a>,ğŸ§ ,4.21@@4.21,359431168.0,128256.0,4096.0,âœ—,âœ—,3.02 Â± 1.43 / 17.42 Â± 0.68@@3.02,10.04 Â± 1.26 / 11.53 Â± 1.23@@10.04,-0.60 Â± 0.78 / 36.17 Â± 0.82@@-0.60,8.86 Â± 0.73 / 5.44 Â± 0.97@@8.86,16.3.0.dev0@@160300,16.3.0.dev0@@160300,16.3.0.dev0@@160300,16.3.0.dev0@@160300
<a href='https://hf.co/HuggingFaceTB/SmolLM2-135M'>HuggingFaceTB/SmolLM2-135M</a>,ğŸ§ ,4.22@@4.22,134515008.0,49152.0,8192.0,âœ“,âœ—,-0.20 Â± 0.42 / 16.99 Â± 0.25@@-0.20,11.70 Â± 1.23 / 12.83 Â± 1.08@@11.70,0.63 Â± 1.73 / 38.29 Â± 3.05@@0.63,4.79 Â± 0.99 / 2.23 Â± 0.87@@4.79,16.9.0.dev0@@160900,16.9.0.dev0@@160900,16.9.0.dev0@@160900,16.9.0.dev0@@160900
<a href='https://hf.co/HuggingFaceTB/SmolLM2-135M-Instruct'>HuggingFaceTB/SmolLM2-135M-Instruct</a>,ğŸ“,4.29@@4.29,134515008.0,49152.0,8192.0,âœ“,âœ—,0.55 Â± 1.16 / 16.84 Â± 0.37@@0.55,9.09 Â± 1.12 / 11.23 Â± 1.13@@9.09,0.00 Â± 0.00 / 30.64 Â± 0.41@@0.00,2.47 Â± 0.36 / 0.02 Â± 0.02@@2.47,16.9.0.dev0@@160900,16.9.0.dev0@@160900,16.9.0.dev0@@160900,16.9.0.dev0@@160900
<a href='https://hf.co/facebook/MobileLLM-R1-140M-base'>facebook/MobileLLM-R1-140M-base</a>,ğŸ§ ,4.31@@4.31,140248512.0,128256.0,4096.0,âœ—,âœ—,2.38 Â± 2.24 / 19.29 Â± 2.12@@2.38,3.68 Â± 0.72 / 5.51 Â± 0.75@@3.68,2.87 Â± 1.72 / 38.30 Â± 4.64@@2.87,2.19 Â± 0.57 / 0.67 Â± 0.39@@2.19,16.3.0.dev0@@160300,16.3.0.dev0@@160300,16.3.0.dev0@@160300,16.3.0.dev0@@160300
<a href='https://hf.co/LiquidAI/LFM2.5-1.2B-Thinking'>LiquidAI/LFM2.5-1.2B-Thinking</a>,ğŸ¤”,4.34@@4.34,1170340608.0,65536.0,128000.0,âœ—,âœ—,5.77 Â± 2.91 / 24.13 Â± 1.95@@5.77,5.68 Â± 1.03 / 4.57 Â± 0.70@@5.68,-3.32 Â± 1.64 / 45.40 Â± 1.01@@-3.32,2.90 Â± 0.21 / 0.05 Â± 0.04@@2.90,16.10.1.dev0@@161001,16.10.1.dev0@@161001,16.10.1.dev0@@161001,16.10.1.dev0@@161001
fresh-electra-small,ğŸ”,4.34@@4.34,13738755.0,32000.0,128.0,âœ“,âœ—,1.92 Â± 2.37 / 19.68 Â± 3.17@@1.92,7.64 Â± 0.71 / 13.30 Â± 0.81@@7.64,0.35 Â± 0.99 / 37.97 Â± 3.26@@0.35,0.00 Â± 0.00 / 0.00 Â± 0.00@@0.00,16.3.0.dev0@@160300,16.3.0.dev0@@160300,16.3.0.dev0@@160300,16.3.0.dev0@@160300
<a href='https://hf.co/facebook/MobileLLM-R1-950M'>facebook/MobileLLM-R1-950M</a>,ğŸ“,4.39@@4.39,949685760.0,128256.0,32768.0,âœ—,âœ—,0.00 Â± 0.00 / 16.57 Â± 0.24@@0.00,5.89 Â± 1.00 / 6.05 Â± 1.00@@5.89,-0.49 Â± 0.93 / 36.32 Â± 0.51@@-0.49,0.81 Â± 0.23 / 0.00 Â± 0.00@@0.81,16.3.0.dev0@@160300,16.3.0.dev0@@160300,16.3.0.dev0@@160300,16.3.0.dev0@@160300
<a href='https://hf.co/Shekswess/trlm-135m'>Shekswess/trlm-135m</a>,ğŸ“,4.39@@4.39,134516160.0,49154.0,8192.0,âœ“,âœ—,0.74 Â± 0.82 / 16.90 Â± 0.51@@0.74,5.41 Â± 1.67 / 7.90 Â± 1.41@@5.41,-2.86 Â± 1.77 / 36.51 Â± 0.86@@-2.86,1.17 Â± 0.18 / 0.01 Â± 0.02@@1.17,16.3.0.dev0@@160300,16.3.0.dev0@@160300,16.3.0.dev0@@160300,16.3.0.dev0@@160300
<a href='https://hf.co/PleIAs/Monad'>PleIAs/Monad</a>,ğŸ§ ,4.43@@4.43,56656128.0,8192.0,2048.0,âœ“,âœ—,1.00 Â± 2.27 / 20.74 Â± 3.76@@1.00,0.00 Â± 0.00 / 0.00 Â± 0.00@@0.00,-0.85 Â± 1.70 / 38.26 Â± 2.64@@-0.85,1.09 Â± 0.13 / 0.01 Â± 0.02@@1.09,16.10.1.dev0@@161001,16.10.1.dev0@@161001,16.10.1.dev0@@161001,16.10.1.dev0@@161001
<a href='https://hf.co/PleIAs/Baguettotron'>PleIAs/Baguettotron@refs/pr/6</a>,ğŸ¤”,4.44@@4.44,320956992.0,65536.0,4096.0,âœ“,âœ—,-0.47 Â± 1.48 / 20.14 Â± 0.86@@-0.47,0.00 Â± 0.00 / 0.00 Â± 0.00@@0.00,1.87 Â± 1.27 / 50.74 Â± 0.69@@1.87,0.20 Â± 0.05 / 0.00 Â± 0.00@@0.20,16.7.1@@160701,16.7.1@@160701,16.7.1@@160701,16.7.1@@160701
<a href='https://hf.co/PleIAs/Baguettotron'>PleIAs/Baguettotron@refs/pr/6#no-thinking</a>,ğŸ“,4.45@@4.45,320956992.0,65536.0,4096.0,âœ“,âœ—,-0.83 Â± 1.65 / 26.60 Â± 2.76@@-0.83,0.84 Â± 0.66 / 0.88 Â± 0.54@@0.84,0.24 Â± 1.80 / 35.21 Â± 2.43@@0.24,1.55 Â± 0.20 / 0.00 Â± 0.00@@1.55,16.10.1.dev0@@161001,16.10.1.dev0@@161001,16.10.1.dev0@@161001,16.10.1.dev0@@161001
<a href='https://hf.co/facebook/MobileLLM-R1-360M'>facebook/MobileLLM-R1-360M</a>,ğŸ“,4.46@@4.46,359431168.0,128256.0,32768.0,âœ—,âœ—,0.27 Â± 0.52 / 16.59 Â± 0.23@@0.27,0.18 Â± 0.34 / 0.39 Â± 0.31@@0.18,-0.10 Â± 0.20 / 35.87 Â± 0.32@@-0.10,0.22 Â± 0.14 / 0.00 Â± 0.00@@0.22,16.3.0.dev0@@160300,16.3.0.dev0@@160300,16.3.0.dev0@@160300,16.3.0.dev0@@160300
<a href='https://hf.co/PleIAs/Baguettotron'>PleIAs/Baguettotron@refs/pr/6#thinking</a>,ğŸ¤”,4.47@@4.47,320956992.0,65536.0,4096.0,âœ“,âœ—,0.00 Â± 0.00 / 16.92 Â± 0.24@@0.00,0.00 Â± 0.00 / 0.00 Â± 0.00@@0.00,0.00 Â± 0.00 / 30.64 Â± 0.41@@0.00,0.01 Â± 0.01 / 0.00 Â± 0.00@@0.01,16.10.1.dev0@@161001,16.10.1.dev0@@161001,16.10.1.dev0@@161001,16.10.1.dev0@@161001
<a href='https://hf.co/facebook/MobileLLM-R1-140M'>facebook/MobileLLM-R1-140M</a>,ğŸ¤”,4.48@@4.48,140248512.0,128256.0,32768.0,âœ—,âœ—,-0.27 Â± 0.51 / 16.92 Â± 0.24@@-0.27,0.00 Â± 0.00 / 0.00 Â± 0.00@@0.00,0.23 Â± 1.72 / 31.31 Â± 0.79@@0.23,0.00 Â± 0.00 / 0.00 Â± 0.00@@0.00,16.3.0.dev0@@160300,16.3.0.dev0@@160300,16.3.0.dev0@@160300,16.3.0.dev0@@160300
<a href='https://hf.co/EuroBERT/EuroBERT-2.1B'>EuroBERT/EuroBERT-2.1B</a>,ğŸ”,-@@100,2403092736.0,128256.0,8192.0,âœ“,âœ—,16.98 Â± 5.58 / 38.20 Â± 5.95@@16.98,37.17 Â± 4.44 / 40.29 Â± 4.82@@37.17,6.06 Â± 2.29 / 48.29 Â± 4.04@@6.06,-@@-1,16.3.0.dev0@@160300,16.3.0.dev0@@160300,16.3.0.dev0@@160300,-@@0
