<span style='font-size: 12px; font-weight: normal; opacity: 0.6;'>Task Type</span>,<span style='visibility: hidden;'>dummy</span>,,,,,,,,<a id=9 href='https://euroeval.com/tasks/sentiment-classification/' style='font-size: 12px; font-weight: normal; color: Grey; text-decoration: underline;'>Sentiment classification</a>,<a id=10 href='https://euroeval.com/tasks/named-entity-recognition/' style='font-size: 12px; font-weight: normal; color: Grey; text-decoration: underline;'>Named entity recognition</a>,<a id=11 href='https://euroeval.com/tasks/linguistic-acceptability/' style='font-size: 12px; font-weight: normal; color: Grey; text-decoration: underline;'>Linguistic acceptability</a>,<a id=12 href='https://euroeval.com/tasks/reading-comprehension/' style='font-size: 12px; font-weight: normal; color: Grey; text-decoration: underline;'>Reading comprehension</a>,<a id=13 href='https://euroeval.com/tasks/summarization/' style='font-size: 12px; font-weight: normal; color: Grey; text-decoration: underline;'>Summarization</a>,<a id=14 href='https://euroeval.com/tasks/knowledge/' style='font-size: 12px; font-weight: normal; color: Grey; text-decoration: underline;'>Knowledge</a>,<a id=15 href='https://euroeval.com/tasks/common-sense-reasoning/' style='font-size: 12px; font-weight: normal; color: Grey; text-decoration: underline;'>Common sense reasoning</a>,<span style='visibility: hidden;'>hidden</span>,,,,,,
Model,Type,Rank,European Values,Parameters,Vocabulary,Context,Commercial,Merge,<a href='https://euroeval.com/datasets/polish#polemo2'>polemo2</a>,<a href='https://euroeval.com/datasets/polish#kpwr-ner'>kpwr_ner</a>,<a href='https://euroeval.com/datasets/polish#scala-pl'>scala_pl</a>,<a href='https://euroeval.com/datasets/polish#poquad'>poquad</a>,<a href='https://euroeval.com/datasets/polish#psc'>psc</a>,<a href='https://euroeval.com/datasets/polish#llmzszl'>llmzszl</a>,<a href='https://euroeval.com/datasets/polish#winogrande-pl'>winogrande_pl</a>,polemo2_version,kpwr_ner_version,scala_pl_version,poquad_version,psc_version,llmzszl_version,winogrande_pl_version
"<a href='https://ai.google.dev/gemini-api/docs/models#gemini-3-pro-preview'>gemini/gemini-3-pro-preview (zero-shot, val)</a>",ğŸ¤”,1.37@@1.37,?,?,256128.0,1048576.0,âœ“,âœ—,82.67 Â± 1.55 / 82.73 Â± 1.54@@82.67,69.79 Â± 1.92 / 63.14 Â± 1.87@@69.79,71.70 Â± 3.69 / 85.32 Â± 2.01@@71.70,46.60 Â± 0.86 / 22.35 Â± 1.61@@46.60,61.79 Â± 0.17 / 10.50 Â± 0.20@@61.79,89.17 Â± 1.27 / 91.88 Â± 0.94@@89.17,73.13 Â± 4.17 / 87.03 Â± 2.07@@73.13,-@@0,-@@0,-@@0,-@@0,-@@0,-@@0,-@@0
"<a href='https://platform.openai.com/docs/models/gpt-5'>gpt-5-2025-08-07 (zero-shot, val)</a>",ğŸ¤”,1.37@@1.37,?,?,100256.0,272000.0,âœ“,âœ—,82.95 Â± 1.48 / 82.99 Â± 1.65@@82.95,77.08 Â± 1.29 / 63.05 Â± 1.63@@77.08,59.80 Â± 2.60 / 79.66 Â± 1.38@@59.80,45.29 Â± 1.09 / 26.18 Â± 1.48@@45.29,61.82 Â± 0.18 / 10.58 Â± 0.24@@61.82,86.45 Â± 1.10 / 89.88 Â± 0.81@@86.45,79.47 Â± 3.31 / 89.77 Â± 1.59@@79.47,-@@0,-@@0,-@@0,-@@0,-@@0,-@@0,-@@0
"<a href='https://ai.google.dev/gemini-api/docs/models#gemini-3-flash-preview'>gemini/gemini-3-flash-preview#no-thinking (zero-shot, val)</a>",ğŸ“,1.44@@1.44,?,?,256128.0,1048576.0,âœ“,âœ—,80.17 Â± 1.85 / 79.37 Â± 2.00@@80.17,71.92 Â± 2.44 / 57.65 Â± 1.84@@71.92,69.86 Â± 3.77 / 84.11 Â± 2.11@@69.86,44.34 Â± 1.01 / 20.08 Â± 1.49@@44.34,61.44 Â± 0.16 / 9.92 Â± 0.19@@61.44,84.28 Â± 1.16 / 88.24 Â± 0.86@@84.28,65.23 Â± 4.60 / 83.05 Â± 2.23@@65.23,-@@0,-@@0,-@@0,-@@0,-@@0,-@@0,-@@0
"<a href='https://docs.anthropic.com/en/docs/about-claude'>claude-sonnet-4-5-20250929#thinking (zero-shot, val)</a>",ğŸ¤”,1.44@@1.44,?,?,?,?,âœ“,âœ—,81.47 Â± 1.58 / 80.93 Â± 1.72@@81.47,74.13 Â± 1.41 / 71.70 Â± 1.44@@74.13,56.90 Â± 2.19 / 77.08 Â± 1.07@@56.90,47.48 Â± 0.75 / 26.11 Â± 1.33@@47.48,61.63 Â± 0.18 / 10.51 Â± 0.24@@61.63,82.05 Â± 1.31 / 86.56 Â± 0.98@@82.05,80.96 Â± 2.84 / 90.86 Â± 1.44@@80.96,-@@0,-@@0,-@@0,-@@0,-@@0,-@@0,-@@0
"<a href='https://ai.google.dev/gemini-api/docs/models#gemini-2.5-flash'>gemini/gemini-2.5-flash#thinking (zero-shot, val)</a>",ğŸ¤”,1.51@@1.51,?,?,256128.0,1048576.0,âœ“,âœ—,79.60 Â± 1.94 / 78.38 Â± 2.00@@79.60,65.71 Â± 1.48 / 53.72 Â± 1.87@@65.71,65.39 Â± 2.31 / 82.54 Â± 1.20@@65.39,44.67 Â± 0.81 / 27.59 Â± 1.06@@44.67,62.09 Â± 0.20 / 11.19 Â± 0.21@@62.09,85.67 Â± 2.00 / 89.06 Â± 1.58@@85.67,68.95 Â± 3.03 / 85.39 Â± 1.46@@68.95,-@@0,-@@0,-@@0,-@@0,-@@0,-@@0,-@@0
"<a href='https://ai.google.dev/gemini-api/docs/models#gemini-3-flash-preview'>gemini/gemini-3-flash-preview#thinking (zero-shot, val)</a>",ğŸ¤”,1.52@@1.52,83.23,?,256128.0,1048576.0,âœ“,âœ—,81.01 Â± 1.59 / 80.46 Â± 1.81@@81.01,68.94 Â± 1.76 / 52.21 Â± 1.36@@68.94,64.89 Â± 3.70 / 80.68 Â± 2.22@@64.89,44.34 Â± 1.01 / 20.08 Â± 1.49@@44.34,61.44 Â± 0.16 / 9.92 Â± 0.19@@61.44,87.00 Â± 1.23 / 90.27 Â± 0.92@@87.00,64.78 Â± 3.11 / 83.75 Â± 1.54@@64.78,-@@0,-@@0,-@@0,-@@0,-@@0,-@@0,-@@0
"<a href='https://ai.google.dev/gemini-api/docs/models#gemini-2.5-pro'>gemini/gemini-2.5-pro (zero-shot, val)</a>",ğŸ¤”,1.53@@1.53,?,?,256128.0,1048576.0,âœ“,âœ—,84.71 Â± 1.25 / 85.16 Â± 1.29@@84.71,66.29 Â± 1.68 / 55.76 Â± 1.84@@66.29,59.32 Â± 1.62 / 79.25 Â± 0.98@@59.32,44.39 Â± 0.59 / 18.16 Â± 1.11@@44.39,61.72 Â± 0.17 / 10.69 Â± 0.20@@61.72,84.99 Â± 1.75 / 88.79 Â± 1.31@@84.99,68.48 Â± 2.65 / 85.08 Â± 1.30@@68.48,-@@0,-@@0,-@@0,-@@0,-@@0,-@@0,-@@0
<a href='https://hf.co/Qwen/Qwen3-235B-A22B-Thinking-2507-FP8'>Qwen/Qwen3-235B-A22B-Thinking-2507-FP8</a>,ğŸ¤”,1.55@@1.55,?,235107904512.0,151936.0,262144.0,âœ“,âœ—,89.12 Â± 0.95 / 89.71 Â± 0.99@@89.12,72.87 Â± 0.91 / 60.61 Â± 2.16@@72.87,46.06 Â± 2.13 / 69.95 Â± 1.15@@46.06,48.45 Â± 1.20 / 25.84 Â± 0.51@@48.45,61.82 Â± 0.16 / 10.69 Â± 0.09@@61.82,73.48 Â± 0.39 / 80.12 Â± 0.29@@73.48,74.08 Â± 1.19 / 87.03 Â± 0.58@@74.08,-@@0,-@@0,-@@0,-@@0,-@@0,-@@0,-@@0
"<a href='https://docs.anthropic.com/en/docs/about-claude'>claude-sonnet-4-5-20250929#no-thinking (zero-shot, val)</a>",ğŸ“,1.66@@1.66,2.69,?,?,?,âœ“,âœ—,88.89 Â± 1.64 / 89.95 Â± 1.62@@88.89,65.55 Â± 2.18 / 65.43 Â± 1.75@@65.55,50.74 Â± 2.38 / 71.44 Â± 1.51@@50.74,47.81 Â± 0.72 / 23.71 Â± 1.12@@47.81,61.57 Â± 0.20 / 10.51 Â± 0.23@@61.57,70.22 Â± 2.38 / 77.70 Â± 1.76@@70.22,64.71 Â± 4.17 / 81.02 Â± 2.24@@64.71,-@@0,-@@0,-@@0,-@@0,-@@0,-@@0,-@@0
<a href='https://hf.co/Qwen/Qwen3-235B-A22B-Instruct-2507-FP8'>Qwen/Qwen3-235B-A22B-Instruct-2507-FP8</a>,ğŸ“,1.70@@1.70,?,235107904512.0,151936.0,262144.0,âœ“,âœ—,90.92 Â± 0.99 / 91.85 Â± 1.06@@90.92,58.27 Â± 0.80 / 39.63 Â± 1.80@@58.27,52.02 Â± 1.32 / 75.76 Â± 0.71@@52.02,50.27 Â± 1.63 / 27.10 Â± 1.04@@50.27,62.19 Â± 0.07 / 11.02 Â± 0.09@@62.19,67.30 Â± 1.25 / 75.45 Â± 0.94@@67.30,64.64 Â± 1.15 / 82.31 Â± 0.57@@64.64,-@@0,-@@0,-@@0,-@@0,-@@0,-@@0,-@@0
"<a href='https://platform.openai.com/docs/models/gpt-5.2'>gpt-5.2-2025-12-11 (zero-shot, val)</a>",ğŸ¤”,1.74@@1.74,88.74,?,?,?,âœ“,âœ—,86.27 Â± 1.59 / 86.98 Â± 1.36@@86.27,60.34 Â± 1.20 / 44.91 Â± 1.37@@60.34,61.36 Â± 3.69 / 80.37 Â± 1.94@@61.36,46.52 Â± 1.19 / 17.74 Â± 1.45@@46.52,62.16 Â± 0.18 / 11.26 Â± 0.20@@62.16,77.32 Â± 1.61 / 83.05 Â± 1.23@@77.32,43.50 Â± 3.87 / 72.66 Â± 1.95@@43.50,-@@0,-@@0,-@@0,-@@0,-@@0,-@@0,-@@0
"<a href='https://platform.openai.com/docs/models/gpt-5-mini'>gpt-5-mini-2025-08-07 (zero-shot, val)</a>",ğŸ¤”,1.74@@1.74,?,?,100256.0,272000.0,âœ“,âœ—,79.09 Â± 1.41 / 77.63 Â± 1.18@@79.09,58.15 Â± 0.98 / 44.89 Â± 1.62@@58.15,49.73 Â± 2.59 / 74.16 Â± 1.28@@49.73,45.10 Â± 0.89 / 25.80 Â± 1.25@@45.10,61.93 Â± 0.17 / 11.15 Â± 0.20@@61.93,76.52 Â± 1.87 / 82.42 Â± 1.43@@76.52,69.61 Â± 2.85 / 84.69 Â± 1.33@@69.61,-@@0,-@@0,-@@0,-@@0,-@@0,-@@0,-@@0
<a href='https://hf.co/deepcogito/cogito-v1-preview-qwen-32B'>deepcogito/cogito-v1-preview-qwen-32B</a>,ğŸ“,1.75@@1.75,34.66,32759790592.0,151665.0,131072.0,âœ“,âœ—,91.12 Â± 0.55 / 92.20 Â± 0.55@@91.12,60.65 Â± 1.05 / 47.77 Â± 2.14@@60.65,50.56 Â± 0.84 / 74.86 Â± 0.53@@50.56,55.80 Â± 1.03 / 27.73 Â± 0.80@@55.80,62.24 Â± 0.07 / 11.03 Â± 0.09@@62.24,52.87 Â± 1.10 / 64.63 Â± 0.83@@52.87,60.01 Â± 1.40 / 79.99 Â± 0.70@@60.01,-@@0,-@@0,-@@0,-@@0,-@@0,-@@0,-@@0
"<a href='https://ai.google.dev/gemini-api/docs/models#gemini-2.5-flash-lite'>gemini/gemini-2.5-flash-lite#thinking (zero-shot, val)</a>",ğŸ¤”,1.75@@1.75,?,?,256128.0,1048576.0,âœ“,âœ—,76.98 Â± 1.22 / 74.90 Â± 1.35@@76.98,58.53 Â± 2.35 / 45.11 Â± 2.63@@58.53,56.05 Â± 2.04 / 77.79 Â± 1.06@@56.05,47.78 Â± 0.85 / 25.48 Â± 1.49@@47.78,62.11 Â± 0.17 / 10.93 Â± 0.19@@62.11,78.54 Â± 2.08 / 83.83 Â± 1.59@@78.54,53.30 Â± 5.62 / 78.59 Â± 2.47@@53.30,-@@0,-@@0,-@@0,-@@0,-@@0,-@@0,-@@0
<a href='https://hf.co/CYFRAGOVPL/Llama-PLLuM-70B-instruct-250801'>CYFRAGOVPL/Llama-PLLuM-70B-instruct-250801</a>,ğŸ“,1.78@@1.78,?,70553788416.0,128261.0,131072.0,âœ“,âœ—,95.94 Â± 0.75 / 96.50 Â± 0.69@@95.94,65.07 Â± 1.19 / 52.23 Â± 2.22@@65.07,49.99 Â± 0.71 / 74.92 Â± 0.37@@49.99,58.88 Â± 1.30 / 37.75 Â± 1.29@@58.88,60.65 Â± 0.70 / 10.56 Â± 0.64@@60.65,52.90 Â± 0.86 / 64.47 Â± 0.63@@52.90,48.42 Â± 2.59 / 74.18 Â± 1.29@@48.42,-@@0,-@@0,-@@0,-@@0,-@@0,-@@0,-@@0
<a href='https://hf.co/Qwen/Qwen2.5-72B-Instruct'>Qwen/Qwen2.5-72B-Instruct</a>,ğŸ“,1.79@@1.79,14.49,72706203648.0,152064.0,32768.0,âœ“,âœ—,89.27 Â± 0.89 / 90.67 Â± 0.91@@89.27,57.32 Â± 1.42 / 42.97 Â± 1.88@@57.32,50.35 Â± 1.61 / 75.14 Â± 0.79@@50.35,51.61 Â± 1.01 / 23.36 Â± 0.95@@51.61,62.25 Â± 0.07 / 11.27 Â± 0.09@@62.25,57.83 Â± 0.65 / 68.27 Â± 0.47@@57.83,60.05 Â± 1.72 / 80.03 Â± 0.85@@60.05,-@@0,-@@0,-@@0,-@@0,-@@0,-@@0,-@@0
<a href='https://hf.co/CYFRAGOVPL/Llama-PLLuM-70B-instruct'>CYFRAGOVPL/Llama-PLLuM-70B-instruct</a>,ğŸ“,1.80@@1.80,?,70553739264.0,128258.0,131072.0,âœ“,âœ—,98.19 Â± 0.23 / 98.50 Â± 0.19@@98.19,65.06 Â± 1.13 / 41.76 Â± 2.77@@65.06,49.89 Â± 1.48 / 74.81 Â± 0.79@@49.89,57.39 Â± 1.17 / 35.24 Â± 1.07@@57.39,60.86 Â± 0.57 / 10.58 Â± 0.46@@60.86,50.51 Â± 0.96 / 62.39 Â± 0.79@@50.51,49.56 Â± 3.21 / 74.74 Â± 1.56@@49.56,-@@0,-@@0,-@@0,-@@0,-@@0,-@@0,-@@0
<a href='https://hf.co/meta-llama/Llama-3.1-70B'>meta-llama/Llama-3.1-70B</a>,ğŸ§ ,1.80@@1.80,?,70553706496.0,128256.0,131072.0,âœ“,âœ—,97.77 Â± 0.45 / 98.15 Â± 0.39@@97.77,64.37 Â± 1.04 / 54.98 Â± 2.17@@64.37,45.02 Â± 4.81 / 69.91 Â± 4.45@@45.02,63.87 Â± 3.11 / 38.46 Â± 2.04@@63.87,57.33 Â± 1.46 / 10.20 Â± 0.45@@57.33,51.90 Â± 0.69 / 63.76 Â± 0.53@@51.90,52.43 Â± 2.55 / 76.20 Â± 1.27@@52.43,-@@0,-@@0,-@@0,-@@0,-@@0,-@@0,-@@0
<a href='https://hf.co/CYFRAGOVPL/Llama-PLLuM-70B-chat'>CYFRAGOVPL/Llama-PLLuM-70B-chat</a>,ğŸ“,1.80@@1.80,?,70553739264.0,128258.0,131072.0,âœ“,âœ—,98.17 Â± 0.25 / 98.50 Â± 0.21@@98.17,65.67 Â± 1.24 / 40.97 Â± 2.68@@65.67,49.88 Â± 1.38 / 74.75 Â± 0.75@@49.88,55.81 Â± 1.43 / 32.99 Â± 1.45@@55.81,60.53 Â± 0.96 / 10.45 Â± 0.85@@60.53,50.57 Â± 0.70 / 62.41 Â± 0.56@@50.57,50.37 Â± 2.80 / 75.14 Â± 1.37@@50.37,-@@0,-@@0,-@@0,-@@0,-@@0,-@@0,-@@0
<a href='https://hf.co/Qwen/Qwen3-14B'>Qwen/Qwen3-14B</a>,ğŸ¤”,1.81@@1.81,?,14768307200.0,151936.0,40960.0,âœ“,âœ—,88.27 Â± 0.63 / 89.21 Â± 0.57@@88.27,61.64 Â± 1.26 / 49.79 Â± 1.82@@61.64,44.48 Â± 1.27 / 71.29 Â± 0.85@@44.48,52.36 Â± 0.74 / 29.11 Â± 0.56@@52.36,62.14 Â± 0.07 / 11.18 Â± 0.09@@62.14,59.79 Â± 0.80 / 69.86 Â± 0.59@@59.79,56.35 Â± 2.07 / 78.16 Â± 1.04@@56.35,-@@0,-@@0,-@@0,-@@0,-@@0,-@@0,-@@0
"<a href='https://docs.anthropic.com/en/docs/about-claude'>claude-3-7-sonnet-20250219#no-thinking (zero-shot, val)</a>",ğŸ“,1.82@@1.82,?,?,?,200000.0,âœ“,âœ—,86.92 Â± 1.50 / 87.77 Â± 1.40@@86.92,44.75 Â± 2.30 / 34.77 Â± 2.31@@44.75,63.65 Â± 2.19 / 81.61 Â± 1.18@@63.65,43.38 Â± 0.90 / 22.66 Â± 1.36@@43.38,61.91 Â± 0.19 / 10.64 Â± 0.24@@61.91,70.45 Â± 2.63 / 77.81 Â± 1.94@@70.45,57.67 Â± 2.83 / 76.09 Â± 1.84@@57.67,-@@0,-@@0,-@@0,-@@0,-@@0,-@@0,-@@0
<a href='https://hf.co/mistralai/Mistral-Small-3.2-24B-Instruct-2506'>mistralai/Mistral-Small-3.2-24B-Instruct-2506</a>,ğŸ“,1.82@@1.82,?,24011361280.0,131072.0,8192.0,âœ“,âœ—,95.17 Â± 0.46 / 95.95 Â± 0.44@@95.17,58.51 Â± 0.90 / 49.93 Â± 2.19@@58.51,45.82 Â± 1.44 / 72.58 Â± 0.87@@45.82,58.53 Â± 3.39 / 33.88 Â± 2.62@@58.53,62.38 Â± 0.07 / 11.33 Â± 0.06@@62.38,52.65 Â± 0.84 / 64.36 Â± 0.61@@52.65,51.64 Â± 2.01 / 75.79 Â± 1.03@@51.64,-@@0,-@@0,-@@0,-@@0,-@@0,-@@0,-@@0
<a href='https://hf.co/mistralai/Mistral-Small-3.1-24B-Instruct-2503'>mistralai/Mistral-Small-3.1-24B-Instruct-2503</a>,ğŸ“,1.82@@1.82,?,24011361280.0,131072.0,8192.0,âœ“,âœ—,94.91 Â± 0.77 / 95.71 Â± 0.73@@94.91,57.98 Â± 0.94 / 49.17 Â± 2.16@@57.98,46.98 Â± 1.16 / 73.42 Â± 0.59@@46.98,56.25 Â± 3.29 / 30.12 Â± 2.54@@56.25,62.45 Â± 0.07 / 11.44 Â± 0.07@@62.45,53.84 Â± 1.03 / 65.30 Â± 0.75@@53.84,52.44 Â± 2.13 / 76.18 Â± 1.11@@52.44,-@@0,-@@0,-@@0,-@@0,-@@0,-@@0,-@@0
<a href='https://hf.co/mistralai/Voxtral-Small-24B-2507'>mistralai/Voxtral-Small-24B-2507</a>,ğŸ“,1.82@@1.82,?,24261800960.0,131072.0,8192.0,âœ“,âœ—,95.11 Â± 0.92 / 95.86 Â± 0.89@@95.11,59.96 Â± 0.92 / 53.05 Â± 2.12@@59.96,45.96 Â± 0.74 / 72.84 Â± 0.38@@45.96,56.30 Â± 2.13 / 32.46 Â± 1.73@@56.30,62.23 Â± 0.22 / 11.42 Â± 0.10@@62.23,53.48 Â± 1.07 / 64.98 Â± 0.78@@53.48,52.83 Â± 1.67 / 76.36 Â± 0.84@@52.83,-@@0,-@@0,-@@0,-@@0,-@@0,-@@0,-@@0
<a href='https://hf.co/Qwen/Qwen3-32B'>Qwen/Qwen3-32B#no-thinking</a>,ğŸ“,1.82@@1.82,7.52,32762123264.0,151936.0,40960.0,âœ“,âœ—,90.09 Â± 0.88 / 91.40 Â± 0.85@@90.09,52.14 Â± 0.86 / 39.04 Â± 1.95@@52.14,50.47 Â± 1.50 / 75.14 Â± 0.81@@50.47,60.13 Â± 1.58 / 33.28 Â± 1.09@@60.13,62.18 Â± 0.07 / 11.10 Â± 0.07@@62.18,56.50 Â± 1.01 / 67.26 Â± 0.80@@56.50,53.24 Â± 2.04 / 76.52 Â± 1.05@@53.24,-@@0,-@@0,-@@0,-@@0,-@@0,-@@0,-@@0
<a href='https://hf.co/deepcogito/cogito-v2-preview-llama-70B'>deepcogito/cogito-v2-preview-llama-70B</a>,ğŸ“,1.83@@1.83,84.04,70553706496.0,128256.0,131072.0,âœ“,âœ—,94.46 Â± 0.85 / 95.22 Â± 0.82@@94.46,63.04 Â± 1.19 / 51.47 Â± 2.60@@63.04,45.46 Â± 1.17 / 72.49 Â± 0.68@@45.46,49.03 Â± 0.89 / 24.26 Â± 0.52@@49.03,62.23 Â± 0.06 / 10.98 Â± 0.09@@62.23,53.03 Â± 0.55 / 64.67 Â± 0.39@@53.03,58.16 Â± 2.40 / 78.90 Â± 1.28@@58.16,-@@0,-@@0,-@@0,-@@0,-@@0,-@@0,-@@0
<a href='https://hf.co/Qwen/Qwen3-30B-A3B'>Qwen/Qwen3-30B-A3B</a>,ğŸ¤”,1.83@@1.83,?,30532122624.0,151936.0,40960.0,âœ“,âœ—,88.31 Â± 0.87 / 89.14 Â± 0.89@@88.31,64.68 Â± 1.08 / 49.60 Â± 1.92@@64.68,41.94 Â± 1.55 / 70.17 Â± 0.93@@41.94,47.92 Â± 0.70 / 25.32 Â± 0.61@@47.92,62.30 Â± 0.06 / 11.21 Â± 0.08@@62.30,60.10 Â± 0.41 / 70.07 Â± 0.31@@60.10,60.73 Â± 1.27 / 80.36 Â± 0.64@@60.73,-@@0,-@@0,-@@0,-@@0,-@@0,-@@0,-@@0
<a href='https://hf.co/google/gemma-3-27b-pt'>google/gemma-3-27b-pt</a>,ğŸ§ ,1.84@@1.84,?,27432406640.0,262144.0,8192.0,âœ“,âœ—,94.61 Â± 1.26 / 95.64 Â± 1.04@@94.61,56.58 Â± 1.39 / 50.26 Â± 2.25@@56.58,51.56 Â± 1.93 / 74.06 Â± 1.41@@51.56,61.94 Â± 3.08 / 35.60 Â± 2.69@@61.94,55.74 Â± 2.06 / 9.00 Â± 0.59@@55.74,58.13 Â± 0.88 / 68.54 Â± 0.65@@58.13,50.85 Â± 2.04 / 75.30 Â± 1.02@@50.85,-@@0,-@@0,-@@0,-@@0,-@@0,-@@0,-@@0
"<a href='https://platform.openai.com/docs/models/gpt-4.1'>gpt-4.1-2025-04-14 (zero-shot, val)</a>",ğŸ“,1.85@@1.85,97.47,?,?,1047576.0,âœ“,âœ—,79.01 Â± 1.98 / 77.59 Â± 2.30@@79.01,57.14 Â± 1.38 / 40.04 Â± 1.23@@57.14,53.77 Â± 3.46 / 75.59 Â± 1.92@@53.77,42.04 Â± 0.63 / 20.07 Â± 1.22@@42.04,62.27 Â± 0.16 / 11.10 Â± 0.23@@62.27,68.73 Â± 2.30 / 76.52 Â± 1.79@@68.73,56.04 Â± 5.14 / 79.30 Â± 2.56@@56.04,-@@0,-@@0,-@@0,-@@0,-@@0,-@@0,-@@0
<a href='https://hf.co/Qwen/Qwen3-Next-80B-A3B-Thinking'>Qwen/Qwen3-Next-80B-A3B-Thinking</a>,ğŸ¤”,1.85@@1.85,?,81324862720.0,151936.0,262144.0,âœ“,âœ—,85.31 Â± 0.85 / 85.57 Â± 0.98@@85.31,68.95 Â± 1.04 / 57.42 Â± 1.59@@68.95,34.58 Â± 1.91 / 60.86 Â± 1.24@@34.58,40.41 Â± 0.49 / 23.15 Â± 0.49@@40.41,59.84 Â± 0.62 / 10.52 Â± 0.13@@59.84,70.08 Â± 0.62 / 77.57 Â± 0.46@@70.08,69.07 Â± 1.55 / 84.53 Â± 0.77@@69.07,-@@0,-@@0,-@@0,-@@0,-@@0,-@@0,-@@0
<a href='https://hf.co/meta-llama/Llama-3.3-70B-Instruct'>meta-llama/Llama-3.3-70B-Instruct</a>,ğŸ“,1.85@@1.85,6.57,70553706496.0,128256.0,131072.0,âœ“,âœ—,93.31 Â± 0.75 / 94.03 Â± 0.76@@93.31,64.89 Â± 0.94 / 53.10 Â± 2.66@@64.89,45.05 Â± 1.73 / 71.93 Â± 1.18@@45.05,40.87 Â± 0.81 / 17.87 Â± 0.65@@40.87,62.14 Â± 0.06 / 11.21 Â± 0.08@@62.14,56.98 Â± 0.94 / 67.75 Â± 0.69@@56.98,59.30 Â± 2.22 / 79.55 Â± 1.17@@59.30,-@@0,-@@0,-@@0,-@@0,-@@0,-@@0,-@@0
<a href='https://hf.co/CYFRAGOVPL/Llama-PLLuM-70B-chat-250801'>CYFRAGOVPL/Llama-PLLuM-70B-chat-250801</a>,ğŸ“,1.86@@1.86,?,70553788416.0,128261.0,131072.0,âœ“,âœ—,95.92 Â± 0.65 / 96.47 Â± 0.62@@95.92,65.03 Â± 1.21 / 52.78 Â± 2.16@@65.03,49.54 Â± 0.90 / 74.61 Â± 0.54@@49.54,57.92 Â± 1.29 / 36.41 Â± 1.36@@57.92,56.66 Â± 1.52 / 5.98 Â± 1.62@@56.66,53.41 Â± 0.90 / 64.89 Â± 0.65@@53.41,48.41 Â± 2.78 / 74.17 Â± 1.38@@48.41,-@@0,-@@0,-@@0,-@@0,-@@0,-@@0,-@@0
<a href='https://hf.co/mistralai/Mistral-Small-3.1-24B-Base-2503'>mistralai/Mistral-Small-3.1-24B-Base-2503</a>,ğŸ§ ,1.87@@1.87,?,24011361280.0,131072.0,8192.0,âœ“,âœ—,96.20 Â± 0.53 / 96.90 Â± 0.45@@96.20,59.68 Â± 1.09 / 51.99 Â± 2.32@@59.68,48.72 Â± 2.37 / 72.48 Â± 1.34@@48.72,66.94 Â± 3.64 / 40.96 Â± 2.91@@66.94,55.31 Â± 2.21 / 9.22 Â± 0.75@@55.31,53.74 Â± 1.01 / 65.23 Â± 0.76@@53.74,49.63 Â± 1.86 / 74.76 Â± 0.96@@49.63,-@@0,-@@0,-@@0,-@@0,-@@0,-@@0,-@@0
<a href='https://hf.co/deepcogito/cogito-v1-preview-llama-70B'>deepcogito/cogito-v1-preview-llama-70B</a>,ğŸ“,1.87@@1.87,?,70553706496.0,128256.0,131072.0,âœ“,âœ—,93.89 Â± 0.71 / 94.81 Â± 0.69@@93.89,61.22 Â± 1.07 / 50.00 Â± 2.34@@61.22,45.90 Â± 1.45 / 72.43 Â± 0.88@@45.90,48.78 Â± 1.11 / 24.11 Â± 0.53@@48.78,62.22 Â± 0.06 / 11.03 Â± 0.06@@62.22,53.50 Â± 0.55 / 65.03 Â± 0.40@@53.50,54.96 Â± 2.59 / 77.47 Â± 1.31@@54.96,-@@0,-@@0,-@@0,-@@0,-@@0,-@@0,-@@0
<a href='https://hf.co/Qwen/Qwen3-Next-80B-A3B-Instruct'>Qwen/Qwen3-Next-80B-A3B-Instruct</a>,ğŸ“,1.88@@1.88,?,81324862720.0,151936.0,262144.0,âœ“,âœ—,86.02 Â± 0.98 / 86.33 Â± 1.17@@86.02,58.09 Â± 1.41 / 42.86 Â± 2.31@@58.09,48.06 Â± 1.72 / 73.60 Â± 0.89@@48.06,49.86 Â± 0.81 / 23.91 Â± 0.58@@49.86,62.03 Â± 0.07 / 10.97 Â± 0.07@@62.03,60.95 Â± 0.83 / 70.72 Â± 0.61@@60.95,55.62 Â± 1.23 / 77.80 Â± 0.61@@55.62,-@@0,-@@0,-@@0,-@@0,-@@0,-@@0,-@@0
"<a href='https://platform.openai.com/docs/models/gpt-5-nano'>gpt-5-nano-2025-08-07 (zero-shot, val)</a>",ğŸ¤”,1.89@@1.89,?,?,100256.0,272000.0,âœ“,âœ—,78.28 Â± 1.43 / 77.05 Â± 1.27@@78.28,62.91 Â± 1.35 / 57.95 Â± 1.53@@62.91,54.80 Â± 3.16 / 77.15 Â± 1.59@@54.80,44.59 Â± 1.00 / 23.95 Â± 1.45@@44.59,62.00 Â± 0.20 / 10.99 Â± 0.20@@62.00,70.24 Â± 1.60 / 77.50 Â± 1.22@@70.24,34.19 Â± 5.57 / 68.83 Â± 2.81@@34.19,-@@0,-@@0,-@@0,-@@0,-@@0,-@@0,-@@0
<a href='https://hf.co/mistralai/Magistral-Small-2509'>mistralai/Magistral-Small-2509</a>,ğŸ“,1.91@@1.91,?,24011361280.0,131072.0,8192.0,âœ“,âœ—,94.56 Â± 0.63 / 95.52 Â± 0.53@@94.56,56.80 Â± 1.03 / 46.63 Â± 2.38@@56.80,44.08 Â± 1.33 / 71.63 Â± 0.75@@44.08,57.45 Â± 2.70 / 34.25 Â± 2.18@@57.45,62.37 Â± 0.07 / 11.37 Â± 0.08@@62.37,51.48 Â± 0.67 / 63.39 Â± 0.52@@51.48,49.78 Â± 1.95 / 74.82 Â± 0.95@@49.78,-@@0,-@@0,-@@0,-@@0,-@@0,-@@0,-@@0
<a href='https://hf.co/speakleash/Bielik-11B-v2.3-Instruct'>speakleash/Bielik-11B-v2.3-Instruct</a>,ğŸ“,1.94@@1.94,?,11168796672.0,32128.0,32768.0,âœ“,âœ“,92.98 Â± 0.82 / 94.05 Â± 0.73@@92.98,56.59 Â± 0.84 / 44.81 Â± 2.16@@56.59,44.48 Â± 1.25 / 71.17 Â± 1.05@@44.48,59.91 Â± 1.85 / 31.96 Â± 1.07@@59.91,62.30 Â± 0.08 / 11.36 Â± 0.10@@62.30,43.51 Â± 1.20 / 57.67 Â± 0.87@@43.51,45.78 Â± 0.96 / 72.87 Â± 0.50@@45.78,-@@0,-@@0,-@@0,-@@0,-@@0,-@@0,-@@0
<a href='https://hf.co/speakleash/Bielik-11B-v2.1-Instruct'>speakleash/Bielik-11B-v2.1-Instruct</a>,ğŸ“,1.94@@1.94,?,11168796672.0,32128.0,32768.0,âœ“,âœ—,91.59 Â± 0.83 / 92.71 Â± 0.78@@91.59,56.28 Â± 0.81 / 42.25 Â± 2.14@@56.28,46.80 Â± 1.18 / 72.93 Â± 0.76@@46.80,58.05 Â± 1.03 / 27.57 Â± 1.19@@58.05,62.15 Â± 0.08 / 11.19 Â± 0.08@@62.15,43.74 Â± 1.09 / 57.82 Â± 0.78@@43.74,46.37 Â± 1.43 / 73.13 Â± 0.76@@46.37,-@@0,-@@0,-@@0,-@@0,-@@0,-@@0,-@@0
<a href='https://hf.co/speakleash/Bielik-11B-v2.2-Instruct'>speakleash/Bielik-11B-v2.2-Instruct</a>,ğŸ“,1.96@@1.96,?,11168796672.0,32128.0,32768.0,âœ“,âœ—,92.78 Â± 0.78 / 93.84 Â± 0.71@@92.78,55.81 Â± 1.00 / 43.31 Â± 2.17@@55.81,45.55 Â± 1.22 / 72.02 Â± 0.95@@45.55,56.04 Â± 2.17 / 28.16 Â± 0.99@@56.04,62.23 Â± 0.08 / 11.29 Â± 0.10@@62.23,43.44 Â± 0.96 / 57.60 Â± 0.67@@43.44,47.16 Â± 1.28 / 73.54 Â± 0.67@@47.16,-@@0,-@@0,-@@0,-@@0,-@@0,-@@0,-@@0
<a href='https://hf.co/google/gemma-3-27b-it'>google/gemma-3-27b-it</a>,ğŸ“,1.97@@1.97,0.1,27432406640.0,262144.0,8192.0,âœ“,âœ—,87.97 Â± 1.44 / 88.82 Â± 1.68@@87.97,53.61 Â± 1.43 / 45.27 Â± 1.83@@53.61,49.44 Â± 0.62 / 74.62 Â± 0.33@@49.44,46.86 Â± 1.34 / 21.02 Â± 1.20@@46.86,62.07 Â± 0.06 / 10.86 Â± 0.08@@62.07,54.83 Â± 0.94 / 66.05 Â± 0.70@@54.83,49.05 Â± 2.97 / 74.49 Â± 1.51@@49.05,-@@0,-@@0,-@@0,-@@0,-@@0,-@@0,-@@0
<a href='https://hf.co/Qwen/Qwen3-8B'>Qwen/Qwen3-8B</a>,ğŸ¤”,1.98@@1.98,?,8190735360.0,151936.0,40960.0,âœ“,âœ—,88.85 Â± 1.17 / 89.81 Â± 1.13@@88.85,61.57 Â± 0.89 / 44.83 Â± 2.30@@61.57,38.14 Â± 2.04 / 68.66 Â± 1.07@@38.14,48.26 Â± 1.23 / 24.39 Â± 0.67@@48.26,62.18 Â± 0.11 / 10.94 Â± 0.10@@62.18,53.80 Â± 0.91 / 65.33 Â± 0.69@@53.80,52.67 Â± 2.31 / 76.30 Â± 1.15@@52.67,-@@0,-@@0,-@@0,-@@0,-@@0,-@@0,-@@0
<a href='https://hf.co/speakleash/Bielik-11B-v2.5-Instruct'>speakleash/Bielik-11B-v2.5-Instruct</a>,ğŸ“,1.98@@1.98,?,11168796672.0,32128.0,32768.0,âœ“,âœ—,94.11 Â± 0.51 / 95.11 Â± 0.45@@94.11,53.59 Â± 0.73 / 38.76 Â± 2.00@@53.59,49.51 Â± 1.04 / 74.54 Â± 0.64@@49.51,54.44 Â± 2.71 / 28.77 Â± 1.26@@54.44,62.25 Â± 0.06 / 11.13 Â± 0.07@@62.25,45.84 Â± 0.81 / 59.19 Â± 0.61@@45.84,42.00 Â± 2.02 / 70.89 Â± 1.05@@42.00,-@@0,-@@0,-@@0,-@@0,-@@0,-@@0,-@@0
<a href='https://hf.co/deepcogito/cogito-v1-preview-qwen-14B'>deepcogito/cogito-v1-preview-qwen-14B</a>,ğŸ“,2.03@@2.03,85.49,14765947904.0,151665.0,131072.0,âœ“,âœ—,92.34 Â± 0.92 / 93.36 Â± 0.88@@92.34,52.66 Â± 0.84 / 39.66 Â± 1.81@@52.66,46.00 Â± 1.43 / 72.82 Â± 0.74@@46.00,49.35 Â± 1.17 / 24.99 Â± 0.49@@49.35,62.14 Â± 0.07 / 10.85 Â± 0.08@@62.14,46.50 Â± 0.90 / 59.89 Â± 0.68@@46.50,44.28 Â± 2.46 / 71.96 Â± 1.19@@44.28,-@@0,-@@0,-@@0,-@@0,-@@0,-@@0,-@@0
<a href='https://hf.co/speakleash/Bielik-11B-v2.0-Instruct'>speakleash/Bielik-11B-v2.0-Instruct</a>,ğŸ“,2.03@@2.03,?,11168796672.0,32128.0,32768.0,âœ“,âœ—,93.04 Â± 0.72 / 94.16 Â± 0.65@@93.04,53.44 Â± 0.63 / 43.56 Â± 1.64@@53.44,40.27 Â± 1.53 / 68.45 Â± 1.27@@40.27,60.68 Â± 1.82 / 34.64 Â± 1.19@@60.68,62.39 Â± 0.07 / 11.56 Â± 0.10@@62.39,41.67 Â± 1.10 / 55.89 Â± 0.81@@41.67,42.41 Â± 1.76 / 71.03 Â± 0.91@@42.41,-@@0,-@@0,-@@0,-@@0,-@@0,-@@0,-@@0
<a href='https://hf.co/Qwen/Qwen3-14B'>Qwen/Qwen3-14B#no-thinking</a>,ğŸ“,2.04@@2.04,2.02,14768307200.0,151936.0,40960.0,âœ“,âœ—,88.51 Â± 0.90 / 89.92 Â± 0.83@@88.51,51.45 Â± 0.94 / 40.08 Â± 2.09@@51.45,44.35 Â± 2.17 / 70.16 Â± 1.72@@44.35,60.13 Â± 1.84 / 35.41 Â± 1.13@@60.13,62.32 Â± 0.07 / 11.38 Â± 0.09@@62.32,47.15 Â± 0.65 / 60.17 Â± 0.50@@47.15,35.88 Â± 1.84 / 67.90 Â± 0.91@@35.88,-@@0,-@@0,-@@0,-@@0,-@@0,-@@0,-@@0
<a href='https://hf.co/Qwen/Qwen3-30B-A3B-Instruct-2507'>Qwen/Qwen3-30B-A3B-Instruct-2507</a>,ğŸ“,2.05@@2.05,1.33,30532122624.0,151936.0,262144.0,âœ“,âœ—,90.10 Â± 1.17 / 91.13 Â± 1.17@@90.10,49.73 Â± 1.41 / 36.30 Â± 2.05@@49.73,43.08 Â± 1.26 / 71.44 Â± 0.62@@43.08,49.54 Â± 0.78 / 24.76 Â± 0.68@@49.54,62.20 Â± 0.06 / 11.17 Â± 0.09@@62.20,54.84 Â± 0.68 / 66.04 Â± 0.54@@54.84,44.27 Â± 1.38 / 72.06 Â± 0.68@@44.27,-@@0,-@@0,-@@0,-@@0,-@@0,-@@0,-@@0
<a href='https://hf.co/openai/gpt-oss-20b'>openai/gpt-oss-20b#medium</a>,ğŸ¤”,2.05@@2.05,?,21511953984.0,201088.0,131072.0,âœ“,âœ—,85.70 Â± 1.28 / 86.56 Â± 1.42@@85.70,61.22 Â± 1.33 / 49.65 Â± 1.52@@61.22,43.46 Â± 1.75 / 70.83 Â± 0.97@@43.46,44.82 Â± 0.34 / 21.58 Â± 0.23@@44.82,62.05 Â± 0.08 / 10.99 Â± 0.07@@62.05,51.32 Â± 0.93 / 63.43 Â± 0.72@@51.32,42.44 Â± 0.82 / 71.21 Â± 0.40@@42.44,-@@0,-@@0,-@@0,-@@0,-@@0,-@@0,-@@0
<a href='https://hf.co/CYFRAGOVPL/Llama-PLLuM-70B-base'>CYFRAGOVPL/Llama-PLLuM-70B-base</a>,ğŸ§ ,2.07@@2.07,?,70553706496.0,128256.0,131072.0,âœ“,âœ—,74.15 Â± 1.70 / 79.57 Â± 1.51@@74.15,52.74 Â± 2.71 / 35.92 Â± 3.30@@52.74,45.39 Â± 2.12 / 72.17 Â± 1.30@@45.39,60.34 Â± 2.07 / 35.22 Â± 1.45@@60.34,56.02 Â± 2.65 / 9.76 Â± 0.71@@56.02,54.17 Â± 0.86 / 65.31 Â± 0.66@@54.17,49.89 Â± 2.73 / 74.84 Â± 1.36@@49.89,-@@0,-@@0,-@@0,-@@0,-@@0,-@@0,-@@0
<a href='https://hf.co/Qwen/Qwen3-30B-A3B'>Qwen/Qwen3-30B-A3B#no-thinking</a>,ğŸ“,2.07@@2.07,?,30532122624.0,151936.0,40960.0,âœ“,âœ—,92.12 Â± 0.58 / 93.52 Â± 0.50@@92.12,53.46 Â± 1.01 / 39.11 Â± 1.72@@53.46,45.94 Â± 1.16 / 72.81 Â± 0.53@@45.94,50.86 Â± 0.76 / 25.49 Â± 0.51@@50.86,62.38 Â± 0.06 / 11.35 Â± 0.07@@62.38,48.88 Â± 1.10 / 61.14 Â± 0.84@@48.88,37.29 Â± 1.40 / 68.33 Â± 0.70@@37.29,-@@0,-@@0,-@@0,-@@0,-@@0,-@@0,-@@0
"<a href='https://platform.openai.com/docs/models/gpt-4.1-mini'>gpt-4.1-mini-2025-04-14 (zero-shot, val)</a>",ğŸ“,2.07@@2.07,88.65,?,?,1047576.0,âœ“,âœ—,77.53 Â± 1.25 / 75.56 Â± 1.34@@77.53,47.75 Â± 2.14 / 28.99 Â± 1.15@@47.75,51.56 Â± 2.58 / 75.70 Â± 1.28@@51.56,44.77 Â± 0.78 / 23.45 Â± 1.38@@44.77,62.23 Â± 0.21 / 11.08 Â± 0.28@@62.23,59.02 Â± 2.14 / 68.63 Â± 1.63@@59.02,43.53 Â± 4.04 / 70.78 Â± 2.22@@43.53,-@@0,-@@0,-@@0,-@@0,-@@0,-@@0,-@@0
"<a href='https://docs.anthropic.com/en/docs/about-claude'>claude-haiku-4-5-20251001 (zero-shot, val)</a>",ğŸ¤”,2.09@@2.09,?,?,?,200000.0,âœ“,âœ—,80.13 Â± 1.82 / 79.81 Â± 1.88@@80.13,54.36 Â± 1.82 / 47.50 Â± 2.11@@54.36,39.46 Â± 3.59 / 67.31 Â± 1.89@@39.46,46.57 Â± 0.79 / 17.66 Â± 1.19@@46.57,61.70 Â± 0.19 / 10.65 Â± 0.21@@61.70,58.03 Â± 1.80 / 68.12 Â± 1.36@@58.03,43.46 Â± 6.96 / 72.11 Â± 3.64@@43.46,-@@0,-@@0,-@@0,-@@0,-@@0,-@@0,-@@0
<a href='https://hf.co/zai-org/GLM-4.5-Air'>zai-org/GLM-4.5-Air#no-thinking</a>,ğŸ“,2.11@@2.11,?,110468824832.0,151552.0,131072.0,âœ“,âœ—,86.16 Â± 1.16 / 87.79 Â± 1.09@@86.16,56.62 Â± 1.62 / 50.96 Â± 1.83@@56.62,47.87 Â± 2.33 / 73.71 Â± 1.33@@47.87,33.09 Â± 2.65 / 0.02 Â± 0.02@@33.09,61.34 Â± 0.06 / 10.64 Â± 0.09@@61.34,55.05 Â± 0.91 / 65.61 Â± 0.67@@55.05,45.25 Â± 1.97 / 72.24 Â± 0.97@@45.25,-@@0,-@@0,-@@0,-@@0,-@@0,-@@0,-@@0
<a href='https://hf.co/zai-org/GLM-4.5-Air'>zai-org/GLM-4.5-Air#thinking</a>,ğŸ¤”,2.11@@2.11,?,110468824832.0,151552.0,131072.0,âœ“,âœ—,91.40 Â± 0.96 / 92.40 Â± 0.88@@91.40,59.69 Â± 1.30 / 50.34 Â± 1.99@@59.69,46.23 Â± 1.87 / 72.82 Â± 0.96@@46.23,23.62 Â± 0.67 / 0.00 Â± 0.00@@23.62,60.71 Â± 0.10 / 10.45 Â± 0.11@@60.71,59.27 Â± 0.84 / 69.44 Â± 0.62@@59.27,47.05 Â± 2.10 / 73.46 Â± 1.05@@47.05,-@@0,-@@0,-@@0,-@@0,-@@0,-@@0,-@@0
<a href='https://hf.co/speakleash/Bielik-11B-v3.0-Instruct'>speakleash/Bielik-11B-v3.0-Instruct</a>,ğŸ“,2.12@@2.12,22.65,11168796672.0,32128.0,32768.0,âœ“,âœ—,89.27 Â± 0.98 / 90.37 Â± 1.04@@89.27,52.95 Â± 0.67 / 42.56 Â± 1.67@@52.95,48.00 Â± 2.23 / 68.08 Â± 1.79@@48.00,29.73 Â± 2.56 / 0.25 Â± 0.17@@29.73,62.33 Â± 0.08 / 11.27 Â± 0.07@@62.33,52.14 Â± 1.03 / 63.93 Â± 0.78@@52.14,48.21 Â± 2.15 / 73.89 Â± 1.10@@48.21,-@@0,-@@0,-@@0,-@@0,-@@0,-@@0,-@@0
<a href='https://hf.co/google/gemma-3-12b-pt'>google/gemma-3-12b-pt</a>,ğŸ§ ,2.12@@2.12,?,12187325040.0,262144.0,8192.0,âœ“,âœ—,84.82 Â± 2.98 / 83.39 Â± 4.27@@84.82,48.99 Â± 1.28 / 36.01 Â± 2.33@@48.99,47.04 Â± 3.18 / 71.55 Â± 2.73@@47.04,60.97 Â± 3.33 / 38.45 Â± 2.32@@60.97,55.81 Â± 2.05 / 9.13 Â± 0.72@@55.81,47.45 Â± 0.93 / 60.52 Â± 0.73@@47.45,41.70 Â± 2.38 / 70.76 Â± 1.22@@41.70,-@@0,-@@0,-@@0,-@@0,-@@0,-@@0,-@@0
<a href='https://hf.co/openai/gpt-oss-20b'>openai/gpt-oss-20b#low</a>,ğŸ¤”,2.13@@2.13,?,21511953984.0,201088.0,131072.0,âœ“,âœ—,88.89 Â± 1.55 / 90.03 Â± 1.59@@88.89,59.86 Â± 1.85 / 50.03 Â± 2.30@@59.86,41.30 Â± 1.29 / 68.75 Â± 0.66@@41.30,44.11 Â± 0.64 / 19.82 Â± 0.97@@44.11,62.21 Â± 0.07 / 10.99 Â± 0.08@@62.21,44.17 Â± 1.43 / 58.09 Â± 1.07@@44.17,36.16 Â± 2.18 / 68.06 Â± 1.10@@36.16,-@@0,-@@0,-@@0,-@@0,-@@0,-@@0,-@@0
<a href='https://hf.co/CYFRAGOVPL/PLLuM-8x7B-nc-chat'>CYFRAGOVPL/PLLuM-8x7B-nc-chat</a>,ğŸ“,2.13@@2.13,?,46702817280.0,32003.0,32768.0,âœ—,âœ—,98.35 Â± 0.46 / 98.66 Â± 0.38@@98.35,58.05 Â± 1.04 / 49.10 Â± 1.74@@58.05,36.09 Â± 4.71 / 63.21 Â± 5.51@@36.09,59.46 Â± 1.45 / 38.40 Â± 1.25@@59.46,62.00 Â± 0.07 / 11.08 Â± 0.08@@62.00,44.57 Â± 0.78 / 58.14 Â± 0.58@@44.57,19.61 Â± 1.37 / 59.65 Â± 0.62@@19.61,-@@0,-@@0,-@@0,-@@0,-@@0,-@@0,-@@0
<a href='https://hf.co/CYFRAGOVPL/PLLuM-8x7B-nc-instruct'>CYFRAGOVPL/PLLuM-8x7B-nc-instruct</a>,ğŸ“,2.15@@2.15,?,46702817280.0,32003.0,32768.0,âœ—,âœ—,98.53 Â± 0.30 / 98.81 Â± 0.26@@98.53,58.76 Â± 1.33 / 49.28 Â± 2.01@@58.76,28.99 Â± 7.03 / 54.81 Â± 7.64@@28.99,60.77 Â± 1.28 / 40.03 Â± 1.11@@60.77,61.98 Â± 0.07 / 11.30 Â± 0.06@@61.98,45.09 Â± 0.80 / 58.60 Â± 0.56@@45.09,19.40 Â± 1.95 / 59.68 Â± 1.03@@19.40,-@@0,-@@0,-@@0,-@@0,-@@0,-@@0,-@@0
<a href='https://hf.co/google/gemma-3-12b-it'>google/gemma-3-12b-it</a>,ğŸ“,2.15@@2.15,8.37,12187325040.0,262144.0,8192.0,âœ“,âœ—,89.46 Â± 1.49 / 90.53 Â± 1.70@@89.46,56.66 Â± 0.89 / 39.75 Â± 2.19@@56.66,42.51 Â± 1.43 / 70.21 Â± 1.19@@42.51,46.91 Â± 1.19 / 21.87 Â± 0.66@@46.91,62.05 Â± 0.08 / 10.83 Â± 0.08@@62.05,43.63 Â± 1.00 / 57.61 Â± 0.79@@43.63,33.92 Â± 2.39 / 66.86 Â± 1.27@@33.92,-@@0,-@@0,-@@0,-@@0,-@@0,-@@0,-@@0
<a href='https://hf.co/speakleash/Bielik-11B-v2.6-Instruct'>speakleash/Bielik-11B-v2.6-Instruct</a>,ğŸ“,2.17@@2.17,0.03,11168796672.0,32128.0,32768.0,âœ“,âœ—,93.93 Â± 0.66 / 94.97 Â± 0.54@@93.93,53.77 Â± 1.11 / 37.55 Â± 1.60@@53.77,57.38 Â± 1.56 / 78.37 Â± 0.76@@57.38,23.78 Â± 2.26 / 0.04 Â± 0.05@@23.78,62.24 Â± 0.06 / 11.09 Â± 0.07@@62.24,45.87 Â± 0.83 / 59.11 Â± 0.63@@45.87,44.11 Â± 2.47 / 72.02 Â± 1.26@@44.11,-@@0,-@@0,-@@0,-@@0,-@@0,-@@0,-@@0
<a href='https://hf.co/CYFRAGOVPL/PLLuM-8x7B-instruct'>CYFRAGOVPL/PLLuM-8x7B-instruct</a>,ğŸ“,2.18@@2.18,?,46702817280.0,32003.0,32768.0,âœ“,âœ—,98.07 Â± 0.34 / 98.43 Â± 0.28@@98.07,58.45 Â± 1.09 / 44.23 Â± 2.04@@58.45,28.89 Â± 5.15 / 54.91 Â± 5.18@@28.89,61.84 Â± 1.52 / 38.84 Â± 1.15@@61.84,62.00 Â± 0.06 / 11.30 Â± 0.07@@62.00,37.84 Â± 0.92 / 52.71 Â± 0.68@@37.84,17.88 Â± 3.13 / 57.39 Â± 1.44@@17.88,-@@0,-@@0,-@@0,-@@0,-@@0,-@@0,-@@0
<a href='https://hf.co/CYFRAGOVPL/PLLuM-12B-nc-instruct'>CYFRAGOVPL/PLLuM-12B-nc-instruct</a>,ğŸ“,2.18@@2.18,?,12247782400.0,131072.0,1024000.0,âœ—,âœ—,98.88 Â± 0.19 / 99.16 Â± 0.14@@98.88,61.36 Â± 0.87 / 46.77 Â± 1.77@@61.36,31.52 Â± 2.20 / 56.98 Â± 2.52@@31.52,59.25 Â± 1.08 / 39.25 Â± 0.94@@59.25,61.00 Â± 0.66 / 10.42 Â± 0.72@@61.00,37.29 Â± 0.89 / 52.14 Â± 0.80@@37.29,23.32 Â± 2.51 / 60.54 Â± 1.39@@23.32,-@@0,-@@0,-@@0,-@@0,-@@0,-@@0,-@@0
<a href='https://hf.co/CYFRAGOVPL/PLLuM-8x7B-chat'>CYFRAGOVPL/PLLuM-8x7B-chat</a>,ğŸ“,2.18@@2.18,?,46702817280.0,32003.0,32768.0,âœ“,âœ—,97.76 Â± 0.44 / 98.19 Â± 0.36@@97.76,57.62 Â± 1.29 / 43.63 Â± 1.92@@57.62,38.38 Â± 1.80 / 66.81 Â± 1.57@@38.38,59.81 Â± 1.43 / 36.19 Â± 1.19@@59.81,61.92 Â± 0.10 / 11.09 Â± 0.09@@61.92,37.91 Â± 0.78 / 52.32 Â± 0.65@@37.91,17.21 Â± 3.12 / 57.00 Â± 1.43@@17.21,-@@0,-@@0,-@@0,-@@0,-@@0,-@@0,-@@0
<a href='https://hf.co/CYFRAGOVPL/Llama-PLLuM-70B-base-250801'>CYFRAGOVPL/Llama-PLLuM-70B-base-250801</a>,ğŸ§ ,2.20@@2.20,?,70553706496.0,128256.0,131072.0,âœ“,âœ—,89.82 Â± 1.39 / 92.00 Â± 1.07@@89.82,61.67 Â± 1.79 / 56.23 Â± 1.35@@61.67,46.08 Â± 2.54 / 72.52 Â± 1.24@@46.08,33.80 Â± 2.62 / 2.21 Â± 1.76@@33.80,55.09 Â± 1.22 / 9.38 Â± 0.46@@55.09,50.68 Â± 0.45 / 62.79 Â± 0.34@@50.68,44.33 Â± 2.28 / 71.85 Â± 1.11@@44.33,-@@0,-@@0,-@@0,-@@0,-@@0,-@@0,-@@0
<a href='https://hf.co/Qwen/Qwen3-4B'>Qwen/Qwen3-4B</a>,ğŸ¤”,2.20@@2.20,?,4022468096.0,151936.0,40960.0,âœ“,âœ—,84.22 Â± 1.18 / 84.52 Â± 1.49@@84.22,51.30 Â± 1.09 / 34.02 Â± 1.88@@51.30,33.75 Â± 1.24 / 66.55 Â± 0.73@@33.75,45.97 Â± 0.57 / 24.79 Â± 0.60@@45.97,61.91 Â± 0.07 / 11.16 Â± 0.10@@61.91,47.65 Â± 1.08 / 60.76 Â± 0.80@@47.65,43.74 Â± 2.16 / 71.85 Â± 1.09@@43.74,-@@0,-@@0,-@@0,-@@0,-@@0,-@@0,-@@0
<a href='https://hf.co/CYFRAGOVPL/PLLuM-12B-nc-chat'>CYFRAGOVPL/PLLuM-12B-nc-chat</a>,ğŸ“,2.20@@2.20,?,12247782400.0,131072.0,1024000.0,âœ—,âœ—,98.70 Â± 0.33 / 99.01 Â± 0.24@@98.70,57.57 Â± 2.78 / 41.37 Â± 2.14@@57.57,36.25 Â± 2.07 / 65.44 Â± 1.60@@36.25,55.83 Â± 1.41 / 34.79 Â± 1.02@@55.83,60.15 Â± 0.83 / 9.53 Â± 0.70@@60.15,38.18 Â± 0.75 / 53.04 Â± 0.62@@38.18,23.25 Â± 1.29 / 61.14 Â± 0.62@@23.25,-@@0,-@@0,-@@0,-@@0,-@@0,-@@0,-@@0
<a href='https://hf.co/ibm-granite/granite-4.0-h-small'>ibm-granite/granite-4.0-h-small</a>,ğŸ“,2.24@@2.24,3.24,32207337984.0,100352.0,131072.0,âœ“,âœ—,86.15 Â± 0.94 / 86.32 Â± 1.11@@86.15,55.41 Â± 1.45 / 43.99 Â± 2.50@@55.41,32.54 Â± 3.46 / 59.18 Â± 2.84@@32.54,53.18 Â± 2.43 / 30.70 Â± 1.40@@53.18,62.30 Â± 0.06 / 11.50 Â± 0.05@@62.30,41.21 Â± 0.74 / 55.53 Â± 0.66@@41.21,30.83 Â± 2.13 / 64.25 Â± 1.57@@30.83,-@@0,-@@0,-@@0,-@@0,-@@0,-@@0,-@@0
<a href='https://hf.co/CYFRAGOVPL/PLLuM-12B-instruct'>CYFRAGOVPL/PLLuM-12B-instruct</a>,ğŸ“,2.25@@2.25,?,12247782400.0,131072.0,131072.0,âœ“,âœ—,97.37 Â± 0.32 / 98.03 Â± 0.25@@97.37,53.95 Â± 1.47 / 39.48 Â± 2.60@@53.95,36.95 Â± 1.08 / 66.92 Â± 0.87@@36.95,58.07 Â± 1.11 / 38.13 Â± 0.86@@58.07,61.80 Â± 0.16 / 11.15 Â± 0.20@@61.80,34.70 Â± 1.00 / 50.49 Â± 0.79@@34.70,17.04 Â± 2.36 / 57.59 Â± 1.35@@17.04,-@@0,-@@0,-@@0,-@@0,-@@0,-@@0,-@@0
<a href='https://hf.co/nvidia/NVIDIA-Nemotron-3-Nano-30B-A3B-BF16'>nvidia/NVIDIA-Nemotron-3-Nano-30B-A3B-BF16#no-thinking</a>,ğŸ“,2.27@@2.27,4.16,31577937344.0,131072.0,262144.0,âœ“,âœ—,89.46 Â± 0.84 / 91.42 Â± 0.64@@89.46,50.02 Â± 1.18 / 36.12 Â± 2.20@@50.02,38.18 Â± 1.82 / 66.31 Â± 1.67@@38.18,60.17 Â± 2.31 / 35.16 Â± 1.54@@60.17,62.10 Â± 0.06 / 11.00 Â± 0.05@@62.10,38.46 Â± 1.18 / 53.14 Â± 0.92@@38.46,17.83 Â± 1.99 / 58.78 Â± 1.03@@17.83,-@@0,-@@0,-@@0,-@@0,-@@0,-@@0,-@@0
<a href='https://hf.co/utter-project/EuroLLM-22B-Instruct-2512'>utter-project/EuroLLM-22B-Instruct-2512</a>,ğŸ“,2.27@@2.27,6.4,22637328384.0,128000.0,32768.0,âœ“,âœ—,80.10 Â± 0.65 / 78.26 Â± 1.00@@80.10,49.31 Â± 1.20 / 31.19 Â± 2.34@@49.31,55.16 Â± 3.93 / 75.52 Â± 3.33@@55.16,34.36 Â± 2.43 / 15.35 Â± 2.09@@34.36,62.09 Â± 0.22 / 11.77 Â± 0.12@@62.09,45.72 Â± 0.96 / 58.99 Â± 0.76@@45.72,30.01 Â± 1.59 / 64.30 Â± 0.93@@30.01,-@@0,-@@0,-@@0,-@@0,-@@0,-@@0,-@@0
<a href='https://hf.co/Qwen/Qwen3-8B'>Qwen/Qwen3-8B#no-thinking</a>,ğŸ“,2.29@@2.29,3.47,8190735360.0,151936.0,40960.0,âœ“,âœ—,92.97 Â± 0.72 / 94.19 Â± 0.66@@92.97,49.31 Â± 0.57 / 38.04 Â± 1.86@@49.31,37.38 Â± 1.41 / 67.16 Â± 1.13@@37.38,53.51 Â± 1.99 / 28.70 Â± 1.19@@53.51,62.26 Â± 0.06 / 11.16 Â± 0.07@@62.26,38.05 Â± 1.07 / 53.44 Â± 0.82@@38.05,23.99 Â± 1.18 / 61.95 Â± 0.64@@23.99,-@@0,-@@0,-@@0,-@@0,-@@0,-@@0,-@@0
"<a href='https://docs.anthropic.com/en/docs/about-claude'>claude-3-5-haiku-20241022 (zero-shot, val)</a>",ğŸ“,2.29@@2.29,?,?,?,200000.0,âœ“,âœ—,84.85 Â± 1.80 / 85.86 Â± 1.55@@84.85,41.66 Â± 2.45 / 27.16 Â± 1.76@@41.66,53.53 Â± 3.14 / 76.69 Â± 1.56@@53.53,45.66 Â± 0.78 / 20.56 Â± 1.10@@45.66,62.21 Â± 0.18 / 10.43 Â± 0.18@@62.21,53.76 Â± 1.90 / 64.80 Â± 1.31@@53.76,13.55 Â± 5.97 / 56.48 Â± 3.28@@13.55,-@@0,-@@0,-@@0,-@@0,-@@0,-@@0,-@@0
<a href='https://hf.co/nvidia/NVIDIA-Nemotron-Nano-9B-v2'>nvidia/NVIDIA-Nemotron-Nano-9B-v2</a>,ğŸ¤”,2.29@@2.29,?,8888227328.0,131072.0,131072.0,âœ“,âœ—,80.89 Â± 0.74 / 80.00 Â± 1.06@@80.89,49.75 Â± 0.81 / 34.20 Â± 1.44@@49.75,31.54 Â± 0.79 / 65.73 Â± 0.40@@31.54,44.50 Â± 1.04 / 24.86 Â± 0.62@@44.50,61.93 Â± 0.07 / 10.97 Â± 0.05@@61.93,45.92 Â± 0.83 / 59.44 Â± 0.60@@45.92,41.78 Â± 1.53 / 70.88 Â± 0.77@@41.78,-@@0,-@@0,-@@0,-@@0,-@@0,-@@0,-@@0
<a href='https://hf.co/INSAIT-Institute/MamayLM-Gemma-3-12B-IT-v1.0'>INSAIT-Institute/MamayLM-Gemma-3-12B-IT-v1.0</a>,ğŸ“,2.31@@2.31,2.39,12187325040.0,262144.0,8192.0,âœ—,âœ—,88.58 Â± 1.82 / 89.15 Â± 2.17@@88.58,50.62 Â± 0.97 / 33.18 Â± 2.51@@50.62,47.65 Â± 2.69 / 73.07 Â± 1.91@@47.65,18.43 Â± 1.99 / 0.00 Â± 0.00@@18.43,61.22 Â± 0.20 / 10.29 Â± 0.06@@61.22,48.69 Â± 1.22 / 61.52 Â± 0.91@@48.69,45.53 Â± 1.88 / 72.75 Â± 0.98@@45.53,-@@0,-@@0,-@@0,-@@0,-@@0,-@@0,-@@0
<a href='https://hf.co/CYFRAGOVPL/PLLuM-12B-chat'>CYFRAGOVPL/PLLuM-12B-chat</a>,ğŸ“,2.31@@2.31,?,12247782400.0,131072.0,131072.0,âœ“,âœ—,96.03 Â± 0.56 / 97.00 Â± 0.42@@96.03,55.05 Â± 0.81 / 39.02 Â± 2.25@@55.05,36.72 Â± 1.65 / 66.96 Â± 1.36@@36.72,56.64 Â± 1.15 / 32.76 Â± 0.93@@56.64,61.85 Â± 0.12 / 10.84 Â± 0.17@@61.85,30.76 Â± 1.23 / 47.73 Â± 1.00@@30.76,14.53 Â± 1.43 / 56.41 Â± 0.80@@14.53,-@@0,-@@0,-@@0,-@@0,-@@0,-@@0,-@@0
<a href='https://hf.co/speakleash/Bielik-11B-v2'>speakleash/Bielik-11B-v2</a>,ğŸ§ ,2.32@@2.32,?,11168796672.0,32128.0,32768.0,âœ“,âœ—,81.22 Â± 3.73 / 83.94 Â± 3.50@@81.22,49.15 Â± 1.02 / 36.42 Â± 3.13@@49.15,24.30 Â± 8.61 / 50.37 Â± 8.12@@24.30,62.70 Â± 2.41 / 38.68 Â± 1.46@@62.70,60.09 Â± 1.29 / 10.81 Â± 0.74@@60.09,41.61 Â± 0.93 / 54.91 Â± 0.67@@41.61,33.47 Â± 2.14 / 65.80 Â± 1.51@@33.47,-@@0,-@@0,-@@0,-@@0,-@@0,-@@0,-@@0
<a href='https://hf.co/google/gemma-3n-E4B-it'>google/gemma-3n-E4B-it</a>,ğŸ“,2.34@@2.34,0.81,7849978192.0,262400.0,8192.0,âœ“,âœ—,90.08 Â± 0.61 / 91.60 Â± 0.56@@90.08,52.75 Â± 0.74 / 35.69 Â± 1.54@@52.75,32.13 Â± 2.06 / 64.57 Â± 1.48@@32.13,46.33 Â± 0.98 / 21.92 Â± 0.56@@46.33,62.20 Â± 0.07 / 11.05 Â± 0.07@@62.20,37.68 Â± 0.85 / 53.21 Â± 0.66@@37.68,25.73 Â± 1.71 / 62.82 Â± 0.83@@25.73,-@@0,-@@0,-@@0,-@@0,-@@0,-@@0,-@@0
<a href='https://hf.co/utter-project/EuroLLM-22B-Preview'>utter-project/EuroLLM-22B-Preview</a>,ğŸ§ ,2.37@@2.37,?,?,128000.0,4096.0,âœ“,âœ—,80.33 Â± 4.24 / 84.36 Â± 3.63@@80.33,41.23 Â± 1.64 / 33.05 Â± 1.31@@41.23,36.12 Â± 3.36 / 66.42 Â± 2.93@@36.12,63.69 Â± 2.14 / 39.09 Â± 1.10@@63.69,58.01 Â± 1.42 / 9.83 Â± 0.53@@58.01,37.26 Â± 1.00 / 52.22 Â± 0.76@@37.26,22.37 Â± 2.09 / 61.14 Â± 1.02@@22.37,-@@0,-@@0,-@@0,-@@0,-@@0,-@@0,-@@0
<a href='https://hf.co/swiss-ai/Apertus-70B-Instruct-2509'>swiss-ai/Apertus-70B-Instruct-2509</a>,ğŸ“,2.39@@2.39,1.77,70599864480.0,131072.0,65536.0,âœ—,âœ—,86.81 Â± 0.80 / 87.52 Â± 0.92@@86.81,36.64 Â± 1.63 / 20.46 Â± 1.49@@36.64,41.88 Â± 2.04 / 70.08 Â± 1.40@@41.88,47.69 Â± 1.57 / 22.41 Â± 0.73@@47.69,62.30 Â± 0.09 / 11.51 Â± 0.09@@62.30,40.06 Â± 1.02 / 54.70 Â± 0.80@@40.06,25.74 Â± 1.98 / 61.90 Â± 1.03@@25.74,-@@0,-@@0,-@@0,-@@0,-@@0,-@@0,-@@0
<a href='https://hf.co/utter-project/EuroLLM-22B-Instruct-Preview'>utter-project/EuroLLM-22B-Instruct-Preview</a>,ğŸ“,2.39@@2.39,2.38,22637328384.0,128000.0,4096.0,âœ“,âœ—,85.21 Â± 1.17 / 86.25 Â± 1.33@@85.21,38.79 Â± 0.99 / 26.99 Â± 1.69@@38.79,31.50 Â± 4.11 / 60.77 Â± 3.73@@31.50,58.18 Â± 1.45 / 31.58 Â± 0.68@@58.18,62.39 Â± 0.07 / 11.59 Â± 0.07@@62.39,38.44 Â± 0.95 / 52.77 Â± 0.86@@38.44,22.49 Â± 1.80 / 61.15 Â± 0.98@@22.49,-@@0,-@@0,-@@0,-@@0,-@@0,-@@0,-@@0
<a href='https://hf.co/lapa-llm/lapa-v0.1.2-instruct'>lapa-llm/lapa-v0.1.2-instruct</a>,ğŸ“,2.40@@2.40,0.5,12187325040.0,262144.0,8192.0,âœ—,âœ—,89.70 Â± 1.46 / 90.71 Â± 1.61@@89.70,50.72 Â± 1.33 / 36.33 Â± 1.84@@50.72,40.16 Â± 3.72 / 68.39 Â± 3.10@@40.16,24.23 Â± 2.90 / 0.09 Â± 0.08@@24.23,59.69 Â± 0.44 / 10.48 Â± 0.12@@59.69,44.70 Â± 0.79 / 58.46 Â± 0.61@@44.70,37.60 Â± 1.47 / 68.71 Â± 0.81@@37.60,-@@0,-@@0,-@@0,-@@0,-@@0,-@@0,-@@0
<a href='https://hf.co/speakleash/Bielik-4.5B-v3.0-Instruct'>speakleash/Bielik-4.5B-v3.0-Instruct</a>,ğŸ“,2.42@@2.42,?,4757260288.0,32000.0,32768.0,âœ“,âœ—,80.54 Â± 0.97 / 79.34 Â± 1.43@@80.54,45.82 Â± 0.50 / 32.53 Â± 1.47@@45.82,31.14 Â± 1.57 / 62.93 Â± 1.24@@31.14,48.10 Â± 1.59 / 25.83 Â± 0.64@@48.10,61.77 Â± 0.07 / 11.28 Â± 0.09@@61.77,41.13 Â± 0.78 / 55.69 Â± 0.58@@41.13,27.48 Â± 1.85 / 62.87 Â± 0.98@@27.48,-@@0,-@@0,-@@0,-@@0,-@@0,-@@0,-@@0
<a href='https://hf.co/CYFRAGOVPL/Llama-PLLuM-8B-instruct'>CYFRAGOVPL/Llama-PLLuM-8B-instruct</a>,ğŸ“,2.43@@2.43,?,8030277632.0,128258.0,131072.0,âœ“,âœ—,95.76 Â± 0.62 / 96.89 Â± 0.45@@95.76,54.82 Â± 0.96 / 49.02 Â± 0.69@@54.82,27.20 Â± 2.22 / 58.07 Â± 1.59@@27.20,53.91 Â± 1.69 / 33.77 Â± 1.13@@53.91,61.67 Â± 0.11 / 10.52 Â± 0.25@@61.67,30.58 Â± 1.37 / 47.63 Â± 1.05@@30.58,11.25 Â± 2.43 / 54.37 Â± 1.30@@11.25,-@@0,-@@0,-@@0,-@@0,-@@0,-@@0,-@@0
<a href='https://hf.co/Qwen/Qwen3-4B-Instruct-2507'>Qwen/Qwen3-4B-Instruct-2507</a>,ğŸ“,2.44@@2.44,?,4022468096.0,151936.0,262144.0,âœ“,âœ—,81.20 Â± 1.00 / 80.79 Â± 1.44@@81.20,43.61 Â± 1.22 / 26.78 Â± 2.05@@43.61,35.12 Â± 1.45 / 66.61 Â± 0.80@@35.12,49.97 Â± 0.86 / 25.76 Â± 0.64@@49.97,62.17 Â± 0.06 / 11.36 Â± 0.06@@62.17,37.19 Â± 1.07 / 52.88 Â± 0.76@@37.19,23.59 Â± 1.36 / 61.74 Â± 0.65@@23.59,-@@0,-@@0,-@@0,-@@0,-@@0,-@@0,-@@0
<a href='https://hf.co/allenai/Olmo-3.1-32B-Instruct-SFT'>allenai/Olmo-3.1-32B-Instruct-SFT</a>,ğŸ“,2.45@@2.45,7.21,32233522176.0,100278.0,65536.0,âœ—,âœ—,90.28 Â± 1.28 / 92.31 Â± 0.96@@90.28,53.45 Â± 0.90 / 44.94 Â± 1.55@@53.45,26.98 Â± 3.52 / 62.46 Â± 2.10@@26.98,59.18 Â± 4.87 / 33.68 Â± 4.80@@59.18,59.49 Â± 0.38 / 9.22 Â± 0.36@@59.49,22.08 Â± 1.13 / 41.62 Â± 0.81@@22.08,20.70 Â± 1.94 / 60.17 Â± 0.97@@20.70,-@@0,-@@0,-@@0,-@@0,-@@0,-@@0,-@@0
<a href='https://hf.co/deepcogito/cogito-v1-preview-llama-8B'>deepcogito/cogito-v1-preview-llama-8B</a>,ğŸ“,2.46@@2.46,28.78,8030261248.0,128256.0,131072.0,âœ“,âœ—,94.30 Â± 0.57 / 95.41 Â± 0.44@@94.30,43.82 Â± 1.13 / 29.93 Â± 1.22@@43.82,24.83 Â± 2.02 / 58.19 Â± 1.35@@24.83,55.38 Â± 1.27 / 29.70 Â± 1.20@@55.38,62.17 Â± 0.07 / 11.15 Â± 0.07@@62.17,28.46 Â± 0.71 / 46.17 Â± 0.54@@28.46,20.37 Â± 2.32 / 59.33 Â± 1.08@@20.37,-@@0,-@@0,-@@0,-@@0,-@@0,-@@0,-@@0
<a href='https://hf.co/Qwen/Qwen3-4B'>Qwen/Qwen3-4B#no-thinking</a>,ğŸ“,2.46@@2.46,23.47,4022468096.0,151936.0,40960.0,âœ“,âœ—,88.22 Â± 1.09 / 89.97 Â± 1.05@@88.22,44.41 Â± 0.73 / 28.46 Â± 1.90@@44.41,31.70 Â± 1.38 / 65.63 Â± 0.69@@31.70,50.02 Â± 1.38 / 27.24 Â± 0.72@@50.02,62.20 Â± 0.07 / 11.27 Â± 0.08@@62.20,34.72 Â± 1.21 / 50.77 Â± 0.93@@34.72,18.12 Â± 2.06 / 58.95 Â± 1.09@@18.12,-@@0,-@@0,-@@0,-@@0,-@@0,-@@0,-@@0
<a href='https://hf.co/upstage/SOLAR-10.7B-v1.0'>upstage/SOLAR-10.7B-v1.0</a>,ğŸ§ ,2.46@@2.46,?,10731524096.0,32000.0,4096.0,âœ“,âœ—,88.90 Â± 3.50 / 90.01 Â± 3.93@@88.90,48.84 Â± 1.26 / 36.60 Â± 1.83@@48.84,16.89 Â± 5.05 / 46.75 Â± 6.85@@16.89,63.61 Â± 2.67 / 39.55 Â± 1.65@@63.61,54.74 Â± 2.24 / 8.86 Â± 0.66@@54.74,25.24 Â± 0.95 / 38.11 Â± 0.98@@25.24,36.87 Â± 3.32 / 64.40 Â± 2.29@@36.87,-@@0,-@@0,-@@0,-@@0,-@@0,-@@0,-@@0
<a href='https://hf.co/speakleash/Bielik-11B-v3-Base-20250730'>speakleash/Bielik-11B-v3-Base-20250730</a>,ğŸ§ ,2.46@@2.46,?,11168796672.0,32128.0,32768.0,âœ“,âœ—,82.16 Â± 3.24 / 84.86 Â± 3.06@@82.16,49.29 Â± 0.76 / 37.00 Â± 1.79@@49.29,5.68 Â± 2.56 / 35.34 Â± 2.08@@5.68,63.05 Â± 2.17 / 39.89 Â± 1.71@@63.05,57.60 Â± 1.25 / 8.89 Â± 0.66@@57.60,45.20 Â± 0.65 / 57.56 Â± 0.73@@45.20,31.63 Â± 3.06 / 65.42 Â± 1.76@@31.63,-@@0,-@@0,-@@0,-@@0,-@@0,-@@0,-@@0
<a href='https://hf.co/speakleash/Bielik-4.5B-v3'>speakleash/Bielik-4.5B-v3</a>,ğŸ“,2.47@@2.47,?,4757260288.0,32000.0,32768.0,âœ“,âœ—,79.73 Â± 1.12 / 77.87 Â± 1.87@@79.73,42.76 Â± 1.03 / 30.22 Â± 1.78@@42.76,22.57 Â± 4.57 / 53.87 Â± 6.22@@22.57,53.99 Â± 2.52 / 33.25 Â± 1.52@@53.99,62.08 Â± 0.15 / 11.61 Â± 0.18@@62.08,40.50 Â± 0.65 / 54.55 Â± 0.48@@40.50,24.26 Â± 0.99 / 61.71 Â± 0.54@@24.26,-@@0,-@@0,-@@0,-@@0,-@@0,-@@0,-@@0
<a href='https://hf.co/meta-llama/Llama-3.1-8B-Instruct'>meta-llama/Llama-3.1-8B-Instruct</a>,ğŸ“,2.48@@2.48,5.2,8030261248.0,128256.0,131072.0,âœ“,âœ—,91.64 Â± 0.97 / 92.76 Â± 0.92@@91.64,47.55 Â± 1.09 / 35.37 Â± 1.24@@47.55,22.51 Â± 2.28 / 58.94 Â± 1.74@@22.51,53.55 Â± 1.49 / 27.29 Â± 1.49@@53.55,61.95 Â± 0.09 / 11.07 Â± 0.14@@61.95,27.80 Â± 0.85 / 45.79 Â± 0.66@@27.80,23.74 Â± 2.30 / 61.12 Â± 1.36@@23.74,-@@0,-@@0,-@@0,-@@0,-@@0,-@@0,-@@0
<a href='https://hf.co/allenai/Olmo-3.1-32B-Instruct-DPO'>allenai/Olmo-3.1-32B-Instruct-DPO</a>,ğŸ“,2.49@@2.49,22.14,32233522176.0,100278.0,65536.0,âœ—,âœ—,86.39 Â± 1.43 / 89.19 Â± 1.12@@86.39,45.76 Â± 1.00 / 38.46 Â± 1.44@@45.76,29.60 Â± 3.18 / 62.31 Â± 2.61@@29.60,52.47 Â± 1.89 / 26.42 Â± 0.97@@52.47,61.86 Â± 0.07 / 10.86 Â± 0.07@@61.86,23.68 Â± 1.07 / 42.83 Â± 0.79@@23.68,22.23 Â± 1.63 / 60.96 Â± 0.78@@22.23,-@@0,-@@0,-@@0,-@@0,-@@0,-@@0,-@@0
<a href='https://hf.co/utter-project/EuroLLM-9B-Instruct'>utter-project/EuroLLM-9B-Instruct</a>,ğŸ“,2.50@@2.50,0.38,9152319488.0,128000.0,4096.0,âœ—,âœ—,85.04 Â± 1.71 / 85.82 Â± 2.24@@85.04,36.92 Â± 1.21 / 22.90 Â± 1.31@@36.92,25.73 Â± 2.34 / 60.77 Â± 2.49@@25.73,57.29 Â± 2.26 / 32.08 Â± 1.30@@57.29,62.40 Â± 0.07 / 11.69 Â± 0.11@@62.40,35.79 Â± 0.88 / 51.64 Â± 0.70@@35.79,18.86 Â± 1.91 / 59.08 Â± 0.93@@18.86,-@@0,-@@0,-@@0,-@@0,-@@0,-@@0,-@@0
<a href='https://hf.co/openai/gpt-oss-20b'>openai/gpt-oss-20b#high</a>,ğŸ¤”,2.52@@2.52,?,21511953984.0,201088.0,131072.0,âœ“,âœ—,83.91 Â± 1.28 / 85.34 Â± 1.34@@83.91,47.25 Â± 1.75 / 38.54 Â± 1.67@@47.25,38.34 Â± 1.81 / 68.62 Â± 0.94@@38.34,40.87 Â± 0.51 / 22.65 Â± 0.26@@40.87,50.26 Â± 1.24 / 9.01 Â± 0.24@@50.26,47.81 Â± 1.27 / 59.32 Â± 1.23@@47.81,31.09 Â± 3.12 / 64.40 Â± 1.88@@31.09,-@@0,-@@0,-@@0,-@@0,-@@0,-@@0,-@@0
<a href='https://hf.co/allenai/OLMo-2-0325-32B-Instruct'>allenai/OLMo-2-0325-32B-Instruct</a>,ğŸ“,2.52@@2.52,1.86,32234279936.0,100352.0,4096.0,âœ—,âœ—,92.33 Â± 0.77 / 93.73 Â± 0.66@@92.33,45.65 Â± 0.65 / 24.42 Â± 0.73@@45.65,25.40 Â± 0.68 / 62.02 Â± 0.57@@25.40,42.70 Â± 0.72 / 19.32 Â± 0.51@@42.70,62.03 Â± 0.07 / 11.14 Â± 0.06@@62.03,28.83 Â± 1.07 / 46.37 Â± 0.88@@28.83,28.94 Â± 2.17 / 64.47 Â± 1.09@@28.94,-@@0,-@@0,-@@0,-@@0,-@@0,-@@0,-@@0
<a href='https://hf.co/CYFRAGOVPL/Llama-PLLuM-8B-chat'>CYFRAGOVPL/Llama-PLLuM-8B-chat</a>,ğŸ“,2.53@@2.53,?,8030277632.0,128258.0,131072.0,âœ“,âœ—,95.53 Â± 0.75 / 96.65 Â± 0.56@@95.53,52.57 Â± 1.09 / 47.85 Â± 0.93@@52.57,21.98 Â± 2.58 / 57.45 Â± 1.88@@21.98,49.89 Â± 2.22 / 28.36 Â± 0.95@@49.89,61.44 Â± 0.54 / 10.45 Â± 0.38@@61.44,27.05 Â± 1.26 / 44.99 Â± 0.95@@27.05,12.20 Â± 2.70 / 55.63 Â± 1.66@@12.20,-@@0,-@@0,-@@0,-@@0,-@@0,-@@0,-@@0
<a href='https://hf.co/CYFRAGOVPL/PLLuM-8x7B-base'>CYFRAGOVPL/PLLuM-8x7B-base</a>,ğŸ§ ,2.55@@2.55,?,46702792704.0,32000.0,32768.0,âœ“,âœ—,89.64 Â± 3.16 / 91.80 Â± 2.47@@89.64,40.08 Â± 1.21 / 32.69 Â± 1.22@@40.08,28.78 Â± 8.57 / 55.83 Â± 8.64@@28.78,58.81 Â± 1.53 / 34.61 Â± 1.27@@58.81,52.91 Â± 2.94 / 9.39 Â± 0.57@@52.91,40.41 Â± 0.95 / 55.15 Â± 0.75@@40.41,15.83 Â± 2.15 / 57.46 Â± 1.01@@15.83,-@@0,-@@0,-@@0,-@@0,-@@0,-@@0,-@@0
<a href='https://hf.co/allenai/Olmo-3.1-32B-Instruct'>allenai/Olmo-3.1-32B-Instruct</a>,ğŸ“,2.56@@2.56,11.58,32233522176.0,100278.0,65536.0,âœ—,âœ—,87.15 Â± 1.62 / 89.79 Â± 1.24@@87.15,47.97 Â± 1.05 / 40.80 Â± 1.62@@47.97,26.91 Â± 2.67 / 62.32 Â± 1.72@@26.91,47.26 Â± 3.80 / 24.03 Â± 3.23@@47.26,61.77 Â± 0.07 / 10.79 Â± 0.08@@61.77,21.59 Â± 0.84 / 41.23 Â± 0.61@@21.59,20.48 Â± 1.64 / 60.00 Â± 0.80@@20.48,-@@0,-@@0,-@@0,-@@0,-@@0,-@@0,-@@0
<a href='https://hf.co/meta-llama/Llama-3.1-8B'>meta-llama/Llama-3.1-8B</a>,ğŸ§ ,2.58@@2.58,?,8030261248.0,128256.0,131072.0,âœ“,âœ—,94.70 Â± 0.96 / 95.78 Â± 0.83@@94.70,45.89 Â± 0.73 / 36.57 Â± 1.71@@45.89,28.09 Â± 3.27 / 61.18 Â± 2.92@@28.09,61.78 Â± 1.87 / 38.12 Â± 1.29@@61.78,54.81 Â± 2.30 / 9.42 Â± 0.65@@54.81,26.64 Â± 1.21 / 44.48 Â± 0.97@@26.64,11.78 Â± 3.04 / 55.24 Â± 1.60@@11.78,-@@0,-@@0,-@@0,-@@0,-@@0,-@@0,-@@0
<a href='https://hf.co/swiss-ai/Apertus-8B-Instruct-2509'>swiss-ai/Apertus-8B-Instruct-2509</a>,ğŸ“,2.60@@2.60,?,8053338176.0,131072.0,65536.0,âœ—,âœ—,83.53 Â± 0.98 / 83.89 Â± 1.26@@83.53,37.51 Â± 1.33 / 23.37 Â± 1.09@@37.51,32.63 Â± 1.53 / 65.16 Â± 0.90@@32.63,51.11 Â± 1.24 / 24.22 Â± 1.36@@51.11,62.42 Â± 0.08 / 11.79 Â± 0.08@@62.42,29.99 Â± 1.15 / 47.53 Â± 0.87@@29.99,12.04 Â± 2.88 / 55.47 Â± 1.32@@12.04,-@@0,-@@0,-@@0,-@@0,-@@0,-@@0,-@@0
<a href='https://hf.co/swiss-ai/Apertus-70B-2509'>swiss-ai/Apertus-70B-2509</a>,ğŸ§ ,2.62@@2.62,?,70599864480.0,131072.0,65536.0,âœ“,âœ—,82.63 Â± 2.63 / 84.87 Â± 2.30@@82.63,42.71 Â± 1.70 / 35.11 Â± 2.43@@42.71,10.06 Â± 4.29 / 37.75 Â± 2.48@@10.06,55.12 Â± 2.94 / 31.29 Â± 1.62@@55.12,57.86 Â± 0.98 / 10.41 Â± 0.37@@57.86,39.29 Â± 0.81 / 52.82 Â± 0.83@@39.29,25.90 Â± 2.30 / 61.36 Â± 1.38@@25.90,-@@0,-@@0,-@@0,-@@0,-@@0,-@@0,-@@0
<a href='https://hf.co/google/gemma-3-4b-it'>google/gemma-3-4b-it</a>,ğŸ“,2.63@@2.63,0.0,4300079472.0,262144.0,8192.0,âœ“,âœ—,90.54 Â± 0.99 / 92.31 Â± 0.85@@90.54,42.48 Â± 1.49 / 27.70 Â± 1.26@@42.48,24.18 Â± 2.27 / 60.11 Â± 1.64@@24.18,45.01 Â± 1.49 / 19.46 Â± 0.91@@45.01,62.00 Â± 0.07 / 10.86 Â± 0.07@@62.00,28.82 Â± 0.90 / 46.31 Â± 0.71@@28.82,13.79 Â± 1.97 / 56.82 Â± 0.99@@13.79,-@@0,-@@0,-@@0,-@@0,-@@0,-@@0,-@@0
<a href='https://hf.co/ibm-granite/granite-4.0-micro'>ibm-granite/granite-4.0-micro</a>,ğŸ“,2.65@@2.65,0.69,3402836480.0,100352.0,131072.0,âœ“,âœ—,86.26 Â± 1.11 / 88.88 Â± 0.88@@86.26,44.50 Â± 1.57 / 32.94 Â± 3.42@@44.50,28.30 Â± 1.81 / 58.77 Â± 1.37@@28.30,48.44 Â± 1.93 / 28.88 Â± 1.38@@48.44,61.73 Â± 0.27 / 10.78 Â± 0.31@@61.73,18.37 Â± 1.17 / 38.69 Â± 0.83@@18.37,12.16 Â± 1.57 / 55.74 Â± 0.80@@12.16,-@@0,-@@0,-@@0,-@@0,-@@0,-@@0,-@@0
<a href='https://hf.co/utter-project/EuroLLM-9B'>utter-project/EuroLLM-9B</a>,ğŸ§ ,2.66@@2.66,?,9152319488.0,128000.0,4096.0,âœ“,âœ—,71.83 Â± 5.83 / 77.75 Â± 4.73@@71.83,35.49 Â± 1.89 / 26.73 Â± 1.91@@35.49,23.69 Â± 3.18 / 60.78 Â± 2.10@@23.69,60.06 Â± 1.64 / 38.88 Â± 1.29@@60.06,57.29 Â± 2.30 / 9.70 Â± 0.71@@57.29,32.78 Â± 0.83 / 49.22 Â± 0.58@@32.78,15.23 Â± 2.47 / 55.86 Â± 1.09@@15.23,-@@0,-@@0,-@@0,-@@0,-@@0,-@@0,-@@0
<a href='https://hf.co/Qwen/Qwen3-1.7B'>Qwen/Qwen3-1.7B</a>,ğŸ¤”,2.66@@2.66,?,2031739904.0,151936.0,40960.0,âœ“,âœ—,78.59 Â± 1.19 / 78.09 Â± 1.65@@78.59,45.03 Â± 1.70 / 32.25 Â± 1.77@@45.03,20.62 Â± 1.43 / 60.28 Â± 0.70@@20.62,42.15 Â± 0.65 / 22.70 Â± 0.45@@42.15,62.07 Â± 0.09 / 11.25 Â± 0.08@@62.07,33.02 Â± 0.84 / 49.74 Â± 0.62@@33.02,17.46 Â± 2.14 / 58.65 Â± 1.06@@17.46,-@@0,-@@0,-@@0,-@@0,-@@0,-@@0,-@@0
"<a href='https://platform.openai.com/docs/models/gpt-4.1-nano'>gpt-4.1-nano-2025-04-14 (zero-shot, val)</a>",ğŸ“,2.68@@2.68,72.39,?,?,1047576.0,âœ“,âœ—,77.41 Â± 1.57 / 74.92 Â± 1.54@@77.41,38.02 Â± 2.04 / 29.91 Â± 1.55@@38.02,26.93 Â± 2.48 / 57.05 Â± 1.82@@26.93,37.55 Â± 0.90 / 16.73 Â± 0.87@@37.55,62.20 Â± 0.17 / 11.07 Â± 0.23@@62.20,45.75 Â± 1.28 / 58.32 Â± 0.86@@45.75,7.71 Â± 5.75 / 58.44 Â± 2.68@@7.71,-@@0,-@@0,-@@0,-@@0,-@@0,-@@0,-@@0
<a href='https://hf.co/TildeAI/TildeOpen-30b'>TildeAI/TildeOpen-30b#slow-tokenizer</a>,ğŸ§ ,2.70@@2.70,?,30677882880.0,131072.0,65536.0,âœ“,âœ—,48.08 Â± 1.61 / 47.68 Â± 2.71@@48.08,46.87 Â± 1.72 / 38.28 Â± 1.77@@46.87,16.78 Â± 3.47 / 54.22 Â± 3.89@@16.78,59.64 Â± 3.09 / 34.66 Â± 2.53@@59.64,56.69 Â± 1.57 / 9.31 Â± 0.55@@56.69,40.64 Â± 0.56 / 48.91 Â± 0.98@@40.64,21.19 Â± 3.29 / 55.95 Â± 1.92@@21.19,-@@0,-@@0,-@@0,-@@0,-@@0,-@@0,-@@0
<a href='https://hf.co/allenai/Llama-3.1-Tulu-3-8B-SFT'>allenai/Llama-3.1-Tulu-3-8B-SFT</a>,ğŸ“,2.72@@2.72,6.39,8030326784.0,128264.0,131072.0,âœ“,âœ—,85.24 Â± 1.55 / 87.55 Â± 1.29@@85.24,42.47 Â± 1.00 / 36.54 Â± 1.34@@42.47,13.48 Â± 2.76 / 38.03 Â± 1.31@@13.48,53.00 Â± 2.18 / 29.53 Â± 1.47@@53.00,59.81 Â± 0.49 / 9.73 Â± 0.24@@59.81,24.58 Â± 1.66 / 43.52 Â± 1.20@@24.58,17.03 Â± 2.62 / 58.38 Â± 1.33@@17.03,-@@0,-@@0,-@@0,-@@0,-@@0,-@@0,-@@0
<a href='https://hf.co/CYFRAGOVPL/PLLuM-8x7B-nc-base'>CYFRAGOVPL/PLLuM-8x7B-nc-base</a>,ğŸ§ ,2.74@@2.74,?,46702792704.0,32000.0,32768.0,âœ—,âœ—,93.87 Â± 1.68 / 95.20 Â± 1.31@@93.87,38.25 Â± 1.30 / 28.57 Â± 1.42@@38.25,14.48 Â± 9.30 / 43.15 Â± 7.34@@14.48,31.96 Â± 2.68 / 0.38 Â± 0.14@@31.96,54.30 Â± 1.65 / 9.90 Â± 0.55@@54.30,46.49 Â± 1.27 / 59.34 Â± 1.06@@46.49,22.15 Â± 1.88 / 60.83 Â± 0.93@@22.15,-@@0,-@@0,-@@0,-@@0,-@@0,-@@0,-@@0
<a href='https://hf.co/utter-project/EuroLLM-22B-2512'>utter-project/EuroLLM-22B-2512</a>,ğŸ§ ,2.74@@2.74,?,22637328384.0,128000.0,32768.0,âœ“,âœ—,53.48 Â± 1.83 / 50.73 Â± 3.49@@53.48,39.72 Â± 1.27 / 30.12 Â± 1.85@@39.72,21.25 Â± 5.87 / 46.76 Â± 5.55@@21.25,58.96 Â± 2.42 / 36.69 Â± 1.87@@58.96,58.75 Â± 0.82 / 9.86 Â± 0.47@@58.75,34.72 Â± 1.03 / 48.79 Â± 1.05@@34.72,19.09 Â± 1.78 / 58.86 Â± 1.02@@19.09,-@@0,-@@0,-@@0,-@@0,-@@0,-@@0,-@@0
<a href='https://hf.co/BSC-LT/ALIA-40b'>BSC-LT/ALIA-40b</a>,ğŸ§ ,2.74@@2.74,?,40433885184.0,256000.0,32768.0,âœ“,âœ—,57.00 Â± 3.49 / 62.99 Â± 3.49@@57.00,46.37 Â± 2.75 / 38.69 Â± 2.19@@46.37,17.77 Â± 6.05 / 44.79 Â± 5.42@@17.77,59.39 Â± 2.24 / 34.64 Â± 1.23@@59.39,55.37 Â± 1.25 / 9.52 Â± 0.38@@55.37,36.84 Â± 0.97 / 50.50 Â± 0.87@@36.84,14.19 Â± 2.04 / 55.41 Â± 1.06@@14.19,-@@0,-@@0,-@@0,-@@0,-@@0,-@@0,-@@0
<a href='https://hf.co/deepcogito/cogito-v1-preview-llama-3B'>deepcogito/cogito-v1-preview-llama-3B</a>,ğŸ“,2.74@@2.74,14.14,3606752256.0,128256.0,131072.0,âœ“,âœ—,88.86 Â± 0.88 / 91.19 Â± 0.71@@88.86,37.19 Â± 0.84 / 27.28 Â± 0.91@@37.19,22.46 Â± 1.97 / 57.09 Â± 2.70@@22.46,53.39 Â± 0.59 / 25.77 Â± 1.34@@53.39,62.16 Â± 0.06 / 10.96 Â± 0.07@@62.16,21.72 Â± 0.80 / 41.04 Â± 0.63@@21.72,3.40 Â± 2.71 / 51.43 Â± 1.09@@3.40,-@@0,-@@0,-@@0,-@@0,-@@0,-@@0,-@@0
<a href='https://hf.co/BSC-LT/salamandra-7b-instruct'>BSC-LT/salamandra-7b-instruct</a>,ğŸ“,2.74@@2.74,0.03,7768117248.0,256000.0,8192.0,âœ“,âœ—,82.06 Â± 2.23 / 85.63 Â± 1.88@@82.06,34.74 Â± 1.83 / 25.72 Â± 1.45@@34.74,15.82 Â± 2.13 / 54.47 Â± 2.34@@15.82,52.74 Â± 0.75 / 30.20 Â± 0.68@@52.74,61.94 Â± 0.10 / 11.48 Â± 0.06@@61.94,24.64 Â± 0.85 / 42.04 Â± 0.78@@24.64,12.23 Â± 2.50 / 53.70 Â± 1.17@@12.23,-@@0,-@@0,-@@0,-@@0,-@@0,-@@0,-@@0
<a href='https://hf.co/baidu/ERNIE-4.5-21B-A3B-PT'>baidu/ERNIE-4.5-21B-A3B-PT</a>,ğŸ“,2.74@@2.74,0.0,21948655808.0,103424.0,131072.0,âœ“,âœ—,76.88 Â± 2.65 / 78.89 Â± 2.66@@76.88,36.44 Â± 1.28 / 24.48 Â± 1.25@@36.44,19.20 Â± 2.30 / 55.53 Â± 2.53@@19.20,53.74 Â± 1.74 / 30.10 Â± 1.45@@53.74,62.13 Â± 0.07 / 11.39 Â± 0.08@@62.13,26.32 Â± 1.27 / 44.73 Â± 0.98@@26.32,9.98 Â± 2.51 / 54.87 Â± 1.35@@9.98,-@@0,-@@0,-@@0,-@@0,-@@0,-@@0,-@@0
<a href='https://hf.co/google/gemma-3-4b-pt'>google/gemma-3-4b-pt</a>,ğŸ§ ,2.76@@2.76,?,4300079472.0,262144.0,8192.0,âœ“,âœ—,93.58 Â± 1.86 / 94.81 Â± 1.56@@93.58,35.03 Â± 1.56 / 27.84 Â± 1.80@@35.03,19.54 Â± 1.71 / 55.82 Â± 3.38@@19.54,57.77 Â± 1.68 / 35.09 Â± 1.58@@57.77,53.87 Â± 1.63 / 8.78 Â± 0.48@@53.87,28.98 Â± 1.33 / 46.37 Â± 1.11@@28.98,9.28 Â± 2.06 / 54.56 Â± 1.06@@9.28,-@@0,-@@0,-@@0,-@@0,-@@0,-@@0,-@@0
<a href='https://hf.co/speakleash/Bielik-1.5B-v3.0-Instruct'>speakleash/Bielik-1.5B-v3.0-Instruct</a>,ğŸ“,2.78@@2.78,?,1596507648.0,32000.0,8192.0,âœ“,âœ—,90.33 Â± 1.66 / 91.52 Â± 1.79@@90.33,35.33 Â± 1.05 / 24.83 Â± 1.21@@35.33,12.74 Â± 1.38 / 46.71 Â± 2.50@@12.74,46.26 Â± 2.45 / 26.07 Â± 1.15@@46.26,62.19 Â± 0.09 / 10.99 Â± 0.10@@62.19,30.15 Â± 0.97 / 46.98 Â± 0.64@@30.15,7.52 Â± 2.21 / 52.35 Â± 1.14@@7.52,-@@0,-@@0,-@@0,-@@0,-@@0,-@@0,-@@0
<a href='https://hf.co/CYFRAGOVPL/Llama-PLLuM-8B-base'>CYFRAGOVPL/Llama-PLLuM-8B-base</a>,ğŸ§ ,2.78@@2.78,?,8030261248.0,128256.0,131072.0,âœ“,âœ—,91.17 Â± 1.67 / 93.00 Â± 1.31@@91.17,34.28 Â± 0.84 / 27.35 Â± 1.44@@34.28,9.83 Â± 5.69 / 41.87 Â± 4.46@@9.83,64.16 Â± 2.04 / 38.07 Â± 1.65@@64.16,56.15 Â± 1.76 / 10.08 Â± 0.54@@56.15,24.74 Â± 0.65 / 41.81 Â± 0.63@@24.74,7.86 Â± 1.88 / 52.15 Â± 1.59@@7.86,-@@0,-@@0,-@@0,-@@0,-@@0,-@@0,-@@0
"<a href='https://ai.google.dev/gemini-api/docs/models#gemini-2.5-flash-lite'>gemini/gemini-2.5-flash-lite#no-thinking (zero-shot, val)</a>",ğŸ“,2.80@@2.80,?,?,256128.0,1048576.0,âœ“,âœ—,77.33 Â± 1.71 / 75.18 Â± 2.02@@77.33,49.46 Â± 1.19 / 31.11 Â± 1.46@@49.46,42.56 Â± 3.04 / 69.01 Â± 1.74@@42.56,43.10 Â± 1.13 / 20.62 Â± 1.49@@43.10,61.86 Â± 0.18 / 10.66 Â± 0.23@@61.86,-3.54 Â± 2.86 / 22.23 Â± 1.97@@-3.54,0.00 Â± 0.00 / 63.28 Â± 2.21@@0.00,-@@0,-@@0,-@@0,-@@0,-@@0,-@@0,-@@0
<a href='https://hf.co/allenai/Olmo-3-1125-32B'>allenai/Olmo-3-1125-32B</a>,ğŸ§ ,2.81@@2.81,?,32233522176.0,100278.0,65536.0,âœ“,âœ—,55.49 Â± 4.52 / 55.94 Â± 5.60@@55.49,51.11 Â± 1.67 / 42.66 Â± 2.64@@51.11,0.00 Â± 0.00 / 33.46 Â± 0.34@@0.00,71.00 Â± 2.00 / 42.71 Â± 1.61@@71.00,53.51 Â± 2.78 / 9.24 Â± 0.65@@53.51,23.71 Â± 0.83 / 42.57 Â± 0.65@@23.71,20.23 Â± 1.40 / 60.00 Â± 0.65@@20.23,-@@0,-@@0,-@@0,-@@0,-@@0,-@@0,-@@0
<a href='https://hf.co/CYFRAGOVPL/PLLuM-12B-base'>CYFRAGOVPL/PLLuM-12B-base</a>,ğŸ§ ,2.82@@2.82,?,12247782400.0,131072.0,1024000.0,âœ“,âœ—,43.32 Â± 4.72 / 40.73 Â± 3.33@@43.32,38.68 Â± 1.12 / 27.91 Â± 1.03@@38.68,24.99 Â± 6.27 / 58.97 Â± 5.95@@24.99,62.86 Â± 2.03 / 35.93 Â± 1.93@@62.86,58.70 Â± 1.10 / 10.76 Â± 0.39@@58.70,32.59 Â± 1.06 / 48.56 Â± 0.87@@32.59,7.20 Â± 3.53 / 52.22 Â± 1.39@@7.20,-@@0,-@@0,-@@0,-@@0,-@@0,-@@0,-@@0
<a href='https://hf.co/occiglot/occiglot-7b-eu5-instruct'>occiglot/occiglot-7b-eu5-instruct</a>,ğŸ“,2.85@@2.85,21.04,7241748480.0,32002.0,32768.0,âœ—,âœ—,78.44 Â± 1.77 / 81.36 Â± 2.06@@78.44,39.43 Â± 1.68 / 25.45 Â± 2.06@@39.43,10.28 Â± 1.71 / 47.75 Â± 3.56@@10.28,59.02 Â± 2.40 / 30.11 Â± 2.29@@59.02,61.74 Â± 0.10 / 11.33 Â± 0.08@@61.74,14.99 Â± 0.91 / 35.13 Â± 1.00@@14.99,4.89 Â± 2.27 / 51.09 Â± 1.16@@4.89,-@@0,-@@0,-@@0,-@@0,-@@0,-@@0,-@@0
<a href='https://hf.co/CYFRAGOVPL/PLLuM-12B-nc-base'>CYFRAGOVPL/PLLuM-12B-nc-base</a>,ğŸ§ ,2.85@@2.85,?,12247782400.0,131072.0,1024000.0,âœ—,âœ—,79.90 Â± 4.53 / 82.79 Â± 4.04@@79.90,39.51 Â± 1.32 / 28.16 Â± 1.84@@39.51,32.11 Â± 3.21 / 64.90 Â± 1.93@@32.11,26.14 Â± 2.37 / 0.15 Â± 0.11@@26.14,52.39 Â± 1.94 / 9.10 Â± 0.48@@52.39,36.78 Â± 0.75 / 51.50 Â± 0.67@@36.78,24.14 Â± 1.97 / 61.82 Â± 0.91@@24.14,-@@0,-@@0,-@@0,-@@0,-@@0,-@@0,-@@0
<a href='https://hf.co/meta-llama/Llama-3.2-3B-Instruct'>meta-llama/Llama-3.2-3B-Instruct</a>,ğŸ“,2.88@@2.88,5.25,3212749824.0,128256.0,131072.0,âœ“,âœ—,80.47 Â± 0.78 / 80.88 Â± 1.16@@80.47,34.20 Â± 1.20 / 24.51 Â± 1.00@@34.20,16.72 Â± 1.42 / 55.71 Â± 1.10@@16.72,47.62 Â± 1.38 / 24.19 Â± 0.99@@47.62,61.70 Â± 0.10 / 10.79 Â± 0.16@@61.70,17.57 Â± 1.11 / 37.41 Â± 0.91@@17.57,7.17 Â± 2.79 / 52.51 Â± 1.29@@7.17,-@@0,-@@0,-@@0,-@@0,-@@0,-@@0,-@@0
<a href='https://hf.co/ibm-granite/granite-4.0-h-micro'>ibm-granite/granite-4.0-h-micro</a>,ğŸ“,2.89@@2.89,3.49,3191396096.0,100352.0,131072.0,âœ“,âœ—,81.47 Â± 1.08 / 82.62 Â± 1.43@@81.47,42.58 Â± 1.35 / 33.10 Â± 2.35@@42.58,13.77 Â± 2.58 / 45.87 Â± 3.82@@13.77,48.73 Â± 1.64 / 27.04 Â± 1.05@@48.73,61.66 Â± 0.08 / 10.46 Â± 0.15@@61.66,20.41 Â± 1.07 / 40.29 Â± 0.87@@20.41,-2.70 Â± 1.72 / 48.88 Â± 0.79@@-2.70,-@@0,-@@0,-@@0,-@@0,-@@0,-@@0,-@@0
<a href='https://hf.co/ibm-granite/granite-4.0-h-tiny'>ibm-granite/granite-4.0-h-tiny</a>,ğŸ“,2.94@@2.94,0.0,6939037248.0,100352.0,131072.0,âœ“,âœ—,78.75 Â± 1.12 / 77.55 Â± 1.97@@78.75,41.35 Â± 0.82 / 30.90 Â± 1.74@@41.35,23.95 Â± 2.66 / 58.17 Â± 2.91@@23.95,21.89 Â± 2.55 / 0.82 Â± 0.58@@21.89,61.31 Â± 0.32 / 11.00 Â± 0.30@@61.31,25.66 Â± 1.33 / 44.12 Â± 1.01@@25.66,4.45 Â± 2.56 / 51.64 Â± 1.14@@4.45,-@@0,-@@0,-@@0,-@@0,-@@0,-@@0,-@@0
<a href='https://hf.co/Qwen/Qwen3-1.7B'>Qwen/Qwen3-1.7B#no-thinking</a>,ğŸ“,2.96@@2.96,10.53,2031739904.0,151936.0,40960.0,âœ“,âœ—,73.57 Â± 1.94 / 69.84 Â± 3.50@@73.57,27.15 Â± 1.29 / 20.78 Â± 1.43@@27.15,18.82 Â± 2.86 / 48.43 Â± 4.70@@18.82,46.22 Â± 1.29 / 27.07 Â± 0.84@@46.22,62.16 Â± 0.06 / 11.54 Â± 0.07@@62.16,20.51 Â± 1.32 / 40.15 Â± 0.95@@20.51,6.70 Â± 1.99 / 53.14 Â± 0.95@@6.70,-@@0,-@@0,-@@0,-@@0,-@@0,-@@0,-@@0
<a href='https://hf.co/Qwen/Qwen2.5-1.5B-Instruct'>Qwen/Qwen2.5-1.5B-Instruct</a>,ğŸ“,2.97@@2.97,0.32,1543714304.0,151936.0,32768.0,âœ“,âœ—,76.50 Â± 1.09 / 76.37 Â± 1.84@@76.50,31.90 Â± 0.98 / 21.56 Â± 1.38@@31.90,12.27 Â± 1.97 / 51.64 Â± 2.47@@12.27,48.29 Â± 1.18 / 27.89 Â± 0.76@@48.29,61.12 Â± 0.25 / 11.00 Â± 0.16@@61.12,15.14 Â± 1.06 / 36.36 Â± 0.83@@15.14,5.02 Â± 2.87 / 52.36 Â± 1.44@@5.02,-@@0,-@@0,-@@0,-@@0,-@@0,-@@0,-@@0
<a href='https://hf.co/allenai/Olmo-3-1025-7B'>allenai/Olmo-3-1025-7B</a>,ğŸ§ ,2.98@@2.98,?,7298011136.0,100278.0,65536.0,âœ“,âœ—,88.66 Â± 0.87 / 91.13 Â± 0.68@@88.66,38.06 Â± 2.10 / 24.28 Â± 1.83@@38.06,10.77 Â± 2.89 / 42.31 Â± 3.68@@10.77,57.45 Â± 0.76 / 35.29 Â± 1.41@@57.45,50.99 Â± 2.59 / 9.39 Â± 0.58@@50.99,13.64 Â± 0.95 / 35.11 Â± 0.78@@13.64,7.58 Â± 2.78 / 51.94 Â± 1.33@@7.58,-@@0,-@@0,-@@0,-@@0,-@@0,-@@0,-@@0
<a href='https://hf.co/swiss-ai/Apertus-8B-2509'>swiss-ai/Apertus-8B-2509</a>,ğŸ§ ,2.98@@2.98,?,8053338176.0,131072.0,65536.0,âœ“,âœ—,72.23 Â± 3.37 / 72.53 Â± 4.93@@72.23,27.95 Â± 2.18 / 24.09 Â± 1.32@@27.95,1.16 Â± 1.71 / 34.11 Â± 1.48@@1.16,56.37 Â± 2.00 / 30.17 Â± 1.77@@56.37,52.47 Â± 1.82 / 8.85 Â± 0.70@@52.47,32.55 Â± 0.93 / 48.08 Â± 0.71@@32.55,18.73 Â± 2.76 / 59.12 Â± 1.25@@18.73,-@@0,-@@0,-@@0,-@@0,-@@0,-@@0,-@@0
<a href='https://hf.co/speakleash/Bielik-1.5B-v3'>speakleash/Bielik-1.5B-v3</a>,ğŸ“,3.02@@3.02,?,1596507648.0,32000.0,8192.0,âœ“,âœ—,79.16 Â± 2.36 / 80.26 Â± 2.65@@79.16,25.28 Â± 2.65 / 20.97 Â± 1.01@@25.28,3.78 Â± 1.94 / 34.12 Â± 0.75@@3.78,43.35 Â± 1.11 / 23.58 Â± 1.08@@43.35,62.16 Â± 0.09 / 11.48 Â± 0.15@@62.16,30.41 Â± 0.76 / 46.78 Â± 0.63@@30.41,3.18 Â± 2.81 / 51.30 Â± 1.38@@3.18,-@@0,-@@0,-@@0,-@@0,-@@0,-@@0,-@@0
<a href='https://hf.co/HuggingFaceTB/SmolLM3-3B-Base'>HuggingFaceTB/SmolLM3-3B-Base</a>,ğŸ§ ,3.06@@3.06,?,3075098624.0,128256.0,65536.0,âœ“,âœ—,86.37 Â± 2.59 / 88.85 Â± 2.32@@86.37,39.24 Â± 1.46 / 28.54 Â± 2.92@@39.24,11.40 Â± 3.30 / 50.45 Â± 3.89@@11.40,56.59 Â± 1.33 / 35.39 Â± 1.21@@56.59,49.33 Â± 3.02 / 8.84 Â± 0.54@@49.33,12.80 Â± 1.51 / 34.24 Â± 1.15@@12.80,-2.77 Â± 1.82 / 48.58 Â± 0.92@@-2.77,-@@0,-@@0,-@@0,-@@0,-@@0,-@@0,-@@0
"<a href='https://ai.google.dev/gemini-api/docs/models#gemini-2.5-flash'>gemini/gemini-2.5-flash#no-thinking (zero-shot, val)</a>",ğŸ“,3.07@@3.07,?,?,256128.0,1048576.0,âœ“,âœ—,74.14 Â± 2.00 / 70.06 Â± 2.44@@74.14,59.99 Â± 1.76 / 42.83 Â± 1.16@@59.99,-0.39 Â± 3.84 / 46.71 Â± 2.06@@-0.39,42.44 Â± 0.87 / 23.10 Â± 1.01@@42.44,61.90 Â± 0.18 / 10.96 Â± 0.24@@61.90,-8.47 Â± 1.69 / 18.59 Â± 1.02@@-8.47,0.00 Â± 0.00 / 63.28 Â± 2.21@@0.00,-@@0,-@@0,-@@0,-@@0,-@@0,-@@0,-@@0
<a href='https://hf.co/occiglot/occiglot-7b-eu5'>occiglot/occiglot-7b-eu5</a>,ğŸ§ ,3.07@@3.07,?,7241732096.0,32000.0,32768.0,âœ“,âœ—,79.06 Â± 4.24 / 82.76 Â± 3.78@@79.06,36.52 Â± 2.87 / 29.16 Â± 2.27@@36.52,0.00 Â± 0.00 / 33.36 Â± 0.27@@0.00,56.22 Â± 1.60 / 34.39 Â± 1.82@@56.22,55.78 Â± 2.63 / 9.80 Â± 0.59@@55.78,12.72 Â± 0.88 / 27.19 Â± 0.67@@12.72,3.51 Â± 2.32 / 49.75 Â± 0.95@@3.51,-@@0,-@@0,-@@0,-@@0,-@@0,-@@0,-@@0
<a href='https://hf.co/speakleash/Bielik-7B-v0.1'>speakleash/Bielik-7B-v0.1</a>,ğŸ§ ,3.08@@3.08,?,7241732096.0,32000.0,8192.0,âœ“,âœ—,80.16 Â± 3.29 / 78.52 Â± 4.82@@80.16,22.38 Â± 1.96 / 19.87 Â± 2.16@@22.38,8.69 Â± 3.65 / 40.52 Â± 2.27@@8.69,50.92 Â± 1.28 / 29.57 Â± 1.23@@50.92,56.25 Â± 1.54 / 9.33 Â± 0.49@@56.25,20.34 Â± 0.91 / 39.51 Â± 0.69@@20.34,6.02 Â± 2.15 / 51.70 Â± 1.14@@6.02,-@@0,-@@0,-@@0,-@@0,-@@0,-@@0,-@@0
<a href='https://hf.co/allenai/Olmo-3-7B-Instruct'>allenai/Olmo-3-7B-Instruct</a>,ğŸ“,3.08@@3.08,0.06,528384.0,100278.0,65536.0,âœ—,âœ—,63.89 Â± 1.48 / 71.84 Â± 1.24@@63.89,36.55 Â± 1.67 / 31.43 Â± 1.51@@36.55,18.58 Â± 2.36 / 53.42 Â± 1.94@@18.58,36.78 Â± 4.52 / 15.42 Â± 4.39@@36.78,60.99 Â± 0.14 / 10.99 Â± 0.07@@60.99,8.43 Â± 1.15 / 31.35 Â± 0.85@@8.43,7.28 Â± 2.55 / 53.81 Â± 1.26@@7.28,-@@0,-@@0,-@@0,-@@0,-@@0,-@@0,-@@0
<a href='https://hf.co/CYFRAGOVPL/Llama-PLLuM-8B-base-250801'>CYFRAGOVPL/Llama-PLLuM-8B-base-250801</a>,ğŸ§ ,3.08@@3.08,?,8030261248.0,128256.0,131072.0,âœ“,âœ—,88.08 Â± 2.51 / 90.71 Â± 1.97@@88.08,31.69 Â± 0.83 / 26.03 Â± 1.74@@31.69,23.99 Â± 2.98 / 59.86 Â± 2.31@@23.99,28.83 Â± 1.62 / 0.55 Â± 0.17@@28.83,54.18 Â± 1.68 / 9.15 Â± 0.52@@54.18,20.01 Â± 1.13 / 35.88 Â± 0.88@@20.01,4.85 Â± 1.76 / 51.40 Â± 0.81@@4.85,-@@0,-@@0,-@@0,-@@0,-@@0,-@@0,-@@0
<a href='https://hf.co/allenai/Olmo-3-7B-Instruct-DPO'>allenai/Olmo-3-7B-Instruct-DPO</a>,ğŸ“,3.13@@3.13,0.18,7298011136.0,100278.0,65536.0,âœ—,âœ—,62.89 Â± 1.55 / 70.92 Â± 1.32@@62.89,37.00 Â± 1.81 / 31.34 Â± 1.74@@37.00,18.46 Â± 2.04 / 53.36 Â± 1.90@@18.46,30.08 Â± 4.13 / 7.52 Â± 3.82@@30.08,61.06 Â± 0.10 / 11.01 Â± 0.05@@61.06,8.23 Â± 0.84 / 31.06 Â± 0.78@@8.23,7.11 Â± 2.51 / 53.72 Â± 1.23@@7.11,-@@0,-@@0,-@@0,-@@0,-@@0,-@@0,-@@0
<a href='https://hf.co/LiquidAI/LFM2-2.6B'>LiquidAI/LFM2-2.6B</a>,ğŸ“,3.14@@3.14,10.43,2569272320.0,65536.0,128000.0,âœ—,âœ—,70.47 Â± 1.11 / 74.95 Â± 1.69@@70.47,27.63 Â± 0.81 / 24.54 Â± 0.94@@27.63,6.71 Â± 1.56 / 41.33 Â± 1.60@@6.71,42.52 Â± 0.86 / 21.94 Â± 0.70@@42.52,61.46 Â± 0.08 / 10.83 Â± 0.08@@61.46,17.20 Â± 1.49 / 37.72 Â± 1.15@@17.20,2.72 Â± 1.97 / 51.42 Â± 0.89@@2.72,-@@0,-@@0,-@@0,-@@0,-@@0,-@@0,-@@0
<a href='https://hf.co/mistralai/Voxtral-Mini-3B-2507'>mistralai/Voxtral-Mini-3B-2507</a>,ğŸ“,3.15@@3.15,?,4676271104.0,131072.0,8192.0,âœ“,âœ—,85.83 Â± 2.18 / 86.68 Â± 2.75@@85.83,41.71 Â± 1.39 / 32.70 Â± 2.40@@41.71,9.21 Â± 2.02 / 41.19 Â± 2.75@@9.21,55.15 Â± 2.13 / 33.18 Â± 1.11@@55.15,31.57 Â± 14.66 / 5.63 Â± 2.66@@31.57,23.69 Â± 0.88 / 42.65 Â± 0.68@@23.69,11.04 Â± 1.94 / 55.52 Â± 1.05@@11.04,-@@0,-@@0,-@@0,-@@0,-@@0,-@@0,-@@0
<a href='https://hf.co/tencent/Hunyuan-7B-Instruct'>tencent/Hunyuan-7B-Instruct</a>,ğŸ¤”,3.26@@3.26,?,7504568320.0,128167.0,32768.0,âœ“,âœ—,69.59 Â± 2.21 / 74.77 Â± 1.42@@69.59,41.03 Â± 1.50 / 32.95 Â± 2.12@@41.03,10.02 Â± 1.57 / 54.35 Â± 0.90@@10.02,28.09 Â± 0.77 / 0.00 Â± 0.00@@28.09,60.46 Â± 0.09 / 10.40 Â± 0.10@@60.46,-0.02 Â± 0.03 / 23.69 Â± 0.71@@-0.02,0.00 Â± 0.00 / 49.12 Â± 0.75@@0.00,-@@0,-@@0,-@@0,-@@0,-@@0,-@@0,-@@0
<a href='https://hf.co/CYFRAGOVPL/PLLuM-12B-base-250801'>CYFRAGOVPL/PLLuM-12B-base-250801</a>,ğŸ§ ,3.28@@3.28,?,12247782400.0,131072.0,131072.0,âœ“,âœ—,28.51 Â± 5.44 / 29.47 Â± 4.60@@28.51,36.47 Â± 1.20 / 28.36 Â± 1.42@@36.47,19.33 Â± 3.14 / 56.42 Â± 3.67@@19.33,25.14 Â± 2.64 / 0.12 Â± 0.14@@25.14,55.26 Â± 1.26 / 9.71 Â± 0.34@@55.26,30.66 Â± 1.54 / 46.87 Â± 1.15@@30.66,11.67 Â± 2.26 / 55.59 Â± 1.11@@11.67,-@@0,-@@0,-@@0,-@@0,-@@0,-@@0,-@@0
<a href='https://hf.co/allenai/Olmo-3-7B-Instruct-SFT'>allenai/Olmo-3-7B-Instruct-SFT</a>,ğŸ“,3.29@@3.29,4.12,7298011136.0,100278.0,65536.0,âœ—,âœ—,62.08 Â± 1.65 / 69.25 Â± 1.74@@62.08,36.90 Â± 2.02 / 30.05 Â± 1.43@@36.90,15.04 Â± 2.14 / 47.33 Â± 2.24@@15.04,26.55 Â± 1.87 / 3.58 Â± 1.72@@26.55,54.53 Â± 1.75 / 9.85 Â± 0.36@@54.53,9.32 Â± 0.72 / 31.34 Â± 0.70@@9.32,8.81 Â± 2.92 / 54.35 Â± 1.46@@8.81,-@@0,-@@0,-@@0,-@@0,-@@0,-@@0,-@@0
<a href='https://hf.co/TrustLLMeu/baseline-7-8b_2-3t-tokens_llama'>TrustLLMeu/baseline-7-8b_2-3t-tokens_llama</a>,ğŸ§ ,3.32@@3.32,?,7799574528.0,100096.0,4096.0,âœ“,âœ—,83.30 Â± 3.21 / 86.77 Â± 2.51@@83.30,35.12 Â± 1.76 / 27.43 Â± 2.16@@35.12,0.22 Â± 0.43 / 33.37 Â± 0.27@@0.22,43.89 Â± 1.16 / 26.32 Â± 1.25@@43.89,51.93 Â± 1.74 / 9.25 Â± 0.42@@51.93,1.39 Â± 1.12 / 23.93 Â± 0.77@@1.39,0.00 Â± 0.00 / 49.12 Â± 0.75@@0.00,-@@0,-@@0,-@@0,-@@0,-@@0,-@@0,-@@0
<a href='https://hf.co/kyutai/helium-1-2b'>kyutai/helium-1-2b</a>,ğŸ§ ,3.36@@3.36,?,2023868416.0,64000.0,4096.0,âœ“,âœ—,42.79 Â± 5.57 / 49.12 Â± 6.25@@42.79,21.66 Â± 1.96 / 18.39 Â± 1.75@@21.66,3.85 Â± 1.90 / 38.25 Â± 3.79@@3.85,53.20 Â± 1.35 / 32.00 Â± 0.97@@53.20,55.24 Â± 1.44 / 9.53 Â± 0.35@@55.24,16.53 Â± 1.63 / 35.12 Â± 1.44@@16.53,6.85 Â± 1.78 / 49.82 Â± 0.66@@6.85,-@@0,-@@0,-@@0,-@@0,-@@0,-@@0,-@@0
<a href='https://hf.co/Qwen/Qwen3-0.6B'>Qwen/Qwen3-0.6B</a>,ğŸ¤”,3.36@@3.36,?,751632384.0,151936.0,40960.0,âœ“,âœ—,58.23 Â± 1.94 / 58.82 Â± 0.98@@58.23,26.31 Â± 1.78 / 20.42 Â± 1.80@@26.31,3.33 Â± 0.97 / 46.44 Â± 0.96@@3.33,32.89 Â± 0.63 / 17.46 Â± 0.58@@32.89,60.52 Â± 0.12 / 10.39 Â± 0.28@@60.52,11.66 Â± 0.97 / 32.46 Â± 0.69@@11.66,-0.90 Â± 2.44 / 49.53 Â± 1.22@@-0.90,-@@0,-@@0,-@@0,-@@0,-@@0,-@@0,-@@0
<a href='https://hf.co/google/gemma-3-1b-it'>google/gemma-3-1b-it</a>,ğŸ“,3.41@@3.41,0.0,999885952.0,262144.0,32768.0,âœ“,âœ—,73.06 Â± 2.47 / 78.92 Â± 2.13@@73.06,24.11 Â± 1.32 / 18.20 Â± 0.88@@24.11,6.83 Â± 2.40 / 48.44 Â± 2.72@@6.83,15.89 Â± 1.63 / 0.05 Â± 0.04@@15.89,60.74 Â± 0.38 / 9.98 Â± 0.27@@60.74,6.35 Â± 0.92 / 29.70 Â± 0.76@@6.35,3.66 Â± 3.28 / 51.87 Â± 1.53@@3.66,-@@0,-@@0,-@@0,-@@0,-@@0,-@@0,-@@0
<a href='https://hf.co/Qwen/Qwen3-0.6B'>Qwen/Qwen3-0.6B#no-thinking</a>,ğŸ“,3.44@@3.44,7.82,751632384.0,151936.0,40960.0,âœ“,âœ—,52.77 Â± 6.04 / 49.98 Â± 4.26@@52.77,24.66 Â± 1.80 / 18.24 Â± 1.80@@24.66,2.19 Â± 1.56 / 37.88 Â± 5.06@@2.19,31.28 Â± 1.50 / 14.22 Â± 0.82@@31.28,60.94 Â± 0.08 / 10.99 Â± 0.11@@60.94,8.12 Â± 1.04 / 30.30 Â± 0.68@@8.12,1.36 Â± 3.53 / 50.06 Â± 1.60@@1.36,-@@0,-@@0,-@@0,-@@0,-@@0,-@@0,-@@0
<a href='https://hf.co/yulan-team/YuLan-Mini-Instruct'>yulan-team/YuLan-Mini-Instruct</a>,ğŸ“,3.50@@3.50,0.01,2424375168.0,99000.0,28723.0,âœ—,âœ—,53.79 Â± 3.88 / 53.12 Â± 3.55@@53.79,24.58 Â± 1.15 / 19.49 Â± 0.95@@24.58,7.44 Â± 1.52 / 51.69 Â± 1.66@@7.44,28.96 Â± 2.25 / 9.14 Â± 2.78@@28.96,56.73 Â± 0.75 / 10.38 Â± 0.21@@56.73,8.45 Â± 0.95 / 31.23 Â± 0.56@@8.45,-0.38 Â± 2.13 / 49.06 Â± 0.70@@-0.38,-@@0,-@@0,-@@0,-@@0,-@@0,-@@0,-@@0
<a href='https://hf.co/meta-llama/Llama-3.2-1B'>meta-llama/Llama-3.2-1B</a>,ğŸ§ ,3.50@@3.50,?,1235814400.0,128256.0,131072.0,âœ“,âœ—,67.17 Â± 4.28 / 74.70 Â± 3.42@@67.17,15.50 Â± 1.31 / 13.85 Â± 0.80@@15.50,2.74 Â± 2.59 / 49.31 Â± 2.37@@2.74,31.33 Â± 3.96 / 14.74 Â± 3.48@@31.33,56.92 Â± 0.64 / 9.96 Â± 0.29@@56.92,0.24 Â± 1.54 / 25.60 Â± 1.12@@0.24,0.37 Â± 2.61 / 49.89 Â± 1.33@@0.37,-@@0,-@@0,-@@0,-@@0,-@@0,-@@0,-@@0
<a href='https://hf.co/BSC-LT/salamandra-7b'>BSC-LT/salamandra-7b</a>,ğŸ§ ,3.53@@3.53,?,7768117248.0,256000.0,8192.0,âœ“,âœ—,8.18 Â± 3.14 / 13.59 Â± 1.73@@8.18,30.58 Â± 1.75 / 25.86 Â± 1.48@@30.58,5.39 Â± 2.98 / 37.47 Â± 2.49@@5.39,53.21 Â± 1.61 / 32.54 Â± 1.15@@53.21,51.04 Â± 2.33 / 8.21 Â± 0.75@@51.04,15.09 Â± 0.71 / 31.80 Â± 0.99@@15.09,1.19 Â± 1.72 / 49.34 Â± 0.79@@1.19,-@@0,-@@0,-@@0,-@@0,-@@0,-@@0,-@@0
<a href='https://hf.co/LiquidAI/LFM2.5-1.2B-Instruct'>LiquidAI/LFM2.5-1.2B-Instruct</a>,ğŸ“,3.54@@3.54,0.0,1170340608.0,65536.0,128000.0,âœ“,âœ—,63.24 Â± 2.53 / 63.86 Â± 3.37@@63.24,23.13 Â± 0.77 / 19.96 Â± 0.75@@23.13,1.28 Â± 1.98 / 38.89 Â± 1.99@@1.28,15.51 Â± 1.05 / 1.56 Â± 1.07@@15.51,61.70 Â± 0.09 / 9.93 Â± 0.12@@61.70,3.90 Â± 1.30 / 27.48 Â± 0.69@@3.90,-1.56 Â± 2.02 / 49.70 Â± 1.06@@-1.56,-@@0,-@@0,-@@0,-@@0,-@@0,-@@0,-@@0
<a href='https://hf.co/LiquidAI/LFM2.5-1.2B-Base'>LiquidAI/LFM2.5-1.2B-Base</a>,ğŸ“,3.58@@3.58,8.87,1170340608.0,65536.0,128000.0,âœ“,âœ—,71.68 Â± 3.98 / 71.08 Â± 6.51@@71.68,24.04 Â± 1.61 / 20.67 Â± 1.67@@24.04,-0.65 Â± 1.47 / 39.67 Â± 3.90@@-0.65,15.41 Â± 0.77 / 0.06 Â± 0.04@@15.41,56.93 Â± 1.55 / 9.45 Â± 0.31@@56.93,3.24 Â± 1.23 / 26.99 Â± 0.85@@3.24,0.43 Â± 1.51 / 49.96 Â± 1.05@@0.43,-@@0,-@@0,-@@0,-@@0,-@@0,-@@0,-@@0
<a href='https://hf.co/google/gemma-3-1b-pt'>google/gemma-3-1b-pt</a>,ğŸ§ ,3.62@@3.62,?,999885952.0,262144.0,32768.0,âœ“,âœ—,75.89 Â± 4.70 / 74.76 Â± 6.17@@75.89,17.79 Â± 1.66 / 16.84 Â± 1.44@@17.79,3.72 Â± 2.28 / 46.05 Â± 3.85@@3.72,32.43 Â± 3.46 / 15.58 Â± 3.02@@32.43,48.23 Â± 1.56 / 7.97 Â± 0.47@@48.23,-0.84 Â± 0.91 / 23.65 Â± 0.73@@-0.84,1.69 Â± 1.67 / 49.54 Â± 1.03@@1.69,-@@0,-@@0,-@@0,-@@0,-@@0,-@@0,-@@0
<a href='https://hf.co/utter-project/EuroMoE-2.6B-A0.6B-Instruct-Preview'>utter-project/EuroMoE-2.6B-A0.6B-Instruct-Preview</a>,ğŸ“,3.67@@3.67,0.02,2611528704.0,128000.0,4096.0,âœ“,âœ—,30.41 Â± 6.28 / 42.16 Â± 5.37@@30.41,7.02 Â± 2.48 / 9.53 Â± 1.18@@7.02,2.03 Â± 1.65 / 44.18 Â± 4.16@@2.03,41.38 Â± 1.23 / 18.84 Â± 1.25@@41.38,61.78 Â± 0.11 / 11.29 Â± 0.10@@61.78,0.74 Â± 1.22 / 25.75 Â± 0.75@@0.74,-0.20 Â± 2.63 / 49.31 Â± 0.96@@-0.20,-@@0,-@@0,-@@0,-@@0,-@@0,-@@0,-@@0
<a href='https://hf.co/nvidia/NVIDIA-Nemotron-Nano-9B-v2'>nvidia/NVIDIA-Nemotron-Nano-9B-v2#no-thinking</a>,ğŸ“,3.78@@3.78,?,8888227328.0,131072.0,131072.0,âœ“,âœ—,30.87 Â± 1.89 / 36.88 Â± 1.02@@30.87,45.08 Â± 0.76 / 31.06 Â± 2.10@@45.08,0.00 Â± 0.00 / 33.30 Â± 0.27@@0.00,1.10 Â± 0.03 / 0.00 Â± 0.00@@1.10,56.52 Â± 0.07 / 3.02 Â± 0.07@@56.52,0.25 Â± 0.49 / 23.70 Â± 0.72@@0.25,0.00 Â± 0.00 / 49.12 Â± 0.75@@0.00,-@@0,-@@0,-@@0,-@@0,-@@0,-@@0,-@@0
<a href='https://hf.co/tencent/Hunyuan-1.8B-Instruct'>tencent/Hunyuan-1.8B-Instruct</a>,ğŸ¤”,3.81@@3.81,?,1791080448.0,120818.0,262144.0,âœ“,âœ—,40.13 Â± 2.75 / 52.61 Â± 3.05@@40.13,16.11 Â± 2.25 / 16.37 Â± 1.88@@16.11,0.51 Â± 1.48 / 43.17 Â± 0.68@@0.51,18.17 Â± 0.58 / 0.00 Â± 0.00@@18.17,57.43 Â± 0.59 / 8.77 Â± 0.58@@57.43,0.00 Â± 0.00 / 23.69 Â± 0.71@@0.00,0.00 Â± 0.00 / 49.40 Â± 0.48@@0.00,-@@0,-@@0,-@@0,-@@0,-@@0,-@@0,-@@0
<a href='https://hf.co/PleIAs/Pleias-1.2b-Preview'>PleIAs/Pleias-1.2b-Preview</a>,ğŸ§ ,3.81@@3.81,?,1195468800.0,65536.0,2048.0,âœ“,âœ—,14.10 Â± 6.97 / 27.06 Â± 6.07@@14.10,22.47 Â± 2.04 / 19.79 Â± 1.55@@22.47,2.64 Â± 1.06 / 38.39 Â± 3.36@@2.64,26.76 Â± 1.09 / 12.98 Â± 1.25@@26.76,56.24 Â± 1.38 / 10.23 Â± 0.37@@56.24,0.41 Â± 0.89 / 25.93 Â± 0.61@@0.41,-0.50 Â± 1.87 / 49.20 Â± 1.08@@-0.50,-@@0,-@@0,-@@0,-@@0,-@@0,-@@0,-@@0
<a href='https://hf.co/meta-llama/Llama-3.2-1B-Instruct'>meta-llama/Llama-3.2-1B-Instruct</a>,ğŸ“,3.84@@3.84,0.83,1235814400.0,128256.0,131072.0,âœ“,âœ—,12.72 Â± 2.95 / 21.44 Â± 3.64@@12.72,29.14 Â± 1.18 / 23.32 Â± 1.17@@29.14,0.16 Â± 2.75 / 42.88 Â± 3.09@@0.16,8.74 Â± 1.90 / 0.01 Â± 0.01@@8.74,60.42 Â± 0.29 / 10.32 Â± 0.20@@60.42,-0.42 Â± 1.44 / 24.40 Â± 0.92@@-0.42,-0.06 Â± 0.95 / 49.24 Â± 0.71@@-0.06,-@@0,-@@0,-@@0,-@@0,-@@0,-@@0,-@@0
<a href='https://hf.co/PleIAs/Pleias-3b-Preview'>PleIAs/Pleias-3b-Preview</a>,ğŸ§ ,3.87@@3.87,?,3211926528.0,65536.0,4096.0,âœ“,âœ—,13.58 Â± 5.23 / 27.61 Â± 5.40@@13.58,15.98 Â± 4.19 / 15.91 Â± 2.48@@15.98,-0.31 Â± 2.27 / 43.75 Â± 3.43@@-0.31,28.49 Â± 1.12 / 15.98 Â± 1.06@@28.49,55.68 Â± 1.99 / 9.79 Â± 0.45@@55.68,-0.72 Â± 1.09 / 23.76 Â± 1.05@@-0.72,-1.53 Â± 3.18 / 49.24 Â± 1.35@@-1.53,-@@0,-@@0,-@@0,-@@0,-@@0,-@@0,-@@0
<a href='https://hf.co/utter-project/EuroMoE-2.6B-A0.6B-Preview'>utter-project/EuroMoE-2.6B-A0.6B-Preview</a>,ğŸ§ ,3.89@@3.89,?,2611528704.0,128000.0,4096.0,âœ“,âœ—,12.77 Â± 7.13 / 17.66 Â± 4.92@@12.77,4.53 Â± 1.92 / 5.38 Â± 1.28@@4.53,4.51 Â± 1.70 / 48.05 Â± 3.18@@4.51,39.16 Â± 1.05 / 21.89 Â± 0.92@@39.16,52.58 Â± 2.18 / 8.90 Â± 0.63@@52.58,1.54 Â± 1.03 / 24.61 Â± 0.86@@1.54,0.36 Â± 0.71 / 49.20 Â± 0.77@@0.36,-@@0,-@@0,-@@0,-@@0,-@@0,-@@0,-@@0
<a href='https://hf.co/lapa-llm/lapa-12b-pt'>lapa-llm/lapa-12b-pt</a>,ğŸ“,3.90@@3.90,12.74,12187325040.0,262144.0,8192.0,âœ“,âœ—,9.45 Â± 5.43 / 15.64 Â± 3.79@@9.45,44.12 Â± 1.93 / 33.21 Â± 2.73@@44.12,4.08 Â± 2.38 / 43.41 Â± 4.51@@4.08,2.49 Â± 0.18 / 0.00 Â± 0.00@@2.49,50.22 Â± 2.76 / 8.25 Â± 0.44@@50.22,4.59 Â± 1.46 / 25.78 Â± 1.36@@4.59,0.00 Â± 0.00 / 49.12 Â± 0.75@@0.00,-@@0,-@@0,-@@0,-@@0,-@@0,-@@0,-@@0
<a href='https://hf.co/LiquidAI/LFM2-1.2B'>LiquidAI/LFM2-1.2B</a>,ğŸ“,3.93@@3.93,0.0,1170340608.0,65536.0,128000.0,âœ—,âœ—,16.70 Â± 8.09 / 30.23 Â± 9.74@@16.70,15.51 Â± 0.69 / 14.11 Â± 0.96@@15.51,3.61 Â± 2.05 / 42.41 Â± 4.29@@3.61,9.16 Â± 0.47 / 0.11 Â± 0.20@@9.16,58.85 Â± 0.08 / 9.94 Â± 0.13@@58.85,1.96 Â± 0.86 / 26.30 Â± 0.64@@1.96,-0.47 Â± 1.92 / 49.00 Â± 0.70@@-0.47,-@@0,-@@0,-@@0,-@@0,-@@0,-@@0,-@@0
<a href='https://hf.co/baidu/ERNIE-4.5-0.3B-PT'>baidu/ERNIE-4.5-0.3B-PT</a>,ğŸ“,3.94@@3.94,0.05,?,103424.0,131072.0,âœ“,âœ—,14.55 Â± 4.18 / 35.51 Â± 4.37@@14.55,20.02 Â± 1.85 / 18.08 Â± 1.55@@20.02,-2.79 Â± 1.94 / 45.01 Â± 3.32@@-2.79,10.30 Â± 1.46 / 1.61 Â± 0.53@@10.30,59.75 Â± 0.15 / 10.33 Â± 0.09@@59.75,0.67 Â± 0.94 / 25.26 Â± 0.81@@0.67,-1.08 Â± 3.24 / 49.38 Â± 1.62@@-1.08,-@@0,-@@0,-@@0,-@@0,-@@0,-@@0,-@@0
<a href='https://hf.co/facebook/MobileLLM-R1-950M-base'>facebook/MobileLLM-R1-950M-base</a>,ğŸ§ ,4.00@@4.00,?,949685760.0,128256.0,4096.0,âœ—,âœ—,15.00 Â± 8.94 / 28.31 Â± 7.39@@15.00,29.55 Â± 1.74 / 22.07 Â± 2.09@@29.55,-0.43 Â± 1.54 / 34.74 Â± 1.33@@-0.43,20.71 Â± 1.46 / 8.87 Â± 2.01@@20.71,45.73 Â± 4.24 / 7.38 Â± 0.64@@45.73,2.26 Â± 1.04 / 27.53 Â± 0.75@@2.26,-5.48 Â± 1.36 / 48.33 Â± 0.65@@-5.48,-@@0,-@@0,-@@0,-@@0,-@@0,-@@0,-@@0
<a href='https://hf.co/LiquidAI/LFM2-700M'>LiquidAI/LFM2-700M</a>,ğŸ“,4.02@@4.02,0.1,742489344.0,65536.0,128000.0,âœ—,âœ—,6.14 Â± 4.33 / 23.62 Â± 4.69@@6.14,15.77 Â± 0.97 / 13.62 Â± 1.09@@15.77,0.80 Â± 2.21 / 39.44 Â± 4.43@@0.80,10.03 Â± 0.46 / 0.10 Â± 0.07@@10.03,56.12 Â± 0.48 / 10.01 Â± 0.10@@56.12,2.46 Â± 1.41 / 26.30 Â± 0.87@@2.46,-0.84 Â± 1.90 / 49.15 Â± 0.75@@-0.84,-@@0,-@@0,-@@0,-@@0,-@@0,-@@0,-@@0
<a href='https://hf.co/google/gemma-3-270m'>google/gemma-3-270m</a>,ğŸ§ ,4.07@@4.07,?,268098176.0,262144.0,32768.0,âœ“,âœ—,27.90 Â± 10.53 / 38.24 Â± 8.78@@27.90,13.38 Â± 3.42 / 13.31 Â± 3.00@@13.38,-0.24 Â± 1.86 / 35.00 Â± 1.82@@-0.24,15.03 Â± 1.47 / 5.16 Â± 1.83@@15.03,48.11 Â± 3.27 / 8.05 Â± 0.62@@48.11,-0.26 Â± 1.81 / 24.80 Â± 1.18@@-0.26,-0.63 Â± 1.70 / 49.14 Â± 0.89@@-0.63,-@@0,-@@0,-@@0,-@@0,-@@0,-@@0,-@@0
<a href='https://hf.co/PleIAs/Pleias-350m-Preview'>PleIAs/Pleias-350m-Preview</a>,ğŸ§ ,4.09@@4.09,?,353424384.0,65536.0,2048.0,âœ“,âœ—,8.08 Â± 4.89 / 25.63 Â± 6.26@@8.08,16.85 Â± 1.76 / 16.32 Â± 1.71@@16.85,0.50 Â± 1.57 / 36.11 Â± 3.37@@0.50,11.93 Â± 1.02 / 4.63 Â± 1.18@@11.93,52.21 Â± 3.11 / 8.90 Â± 0.53@@52.21,-0.89 Â± 1.24 / 24.37 Â± 0.73@@-0.89,-0.72 Â± 2.11 / 49.19 Â± 0.70@@-0.72,-@@0,-@@0,-@@0,-@@0,-@@0,-@@0,-@@0
<a href='https://hf.co/HuggingFaceTB/SmolLM2-360M-Instruct'>HuggingFaceTB/SmolLM2-360M-Instruct</a>,ğŸ“,4.13@@4.13,0.3,361821120.0,49152.0,8192.0,âœ“,âœ—,13.86 Â± 4.86 / 30.76 Â± 6.84@@13.86,9.23 Â± 3.25 / 10.91 Â± 2.22@@9.23,-1.82 Â± 1.05 / 37.59 Â± 3.78@@-1.82,7.03 Â± 0.51 / 0.02 Â± 0.02@@7.03,53.99 Â± 2.67 / 8.72 Â± 0.66@@53.99,-1.14 Â± 0.87 / 23.89 Â± 0.67@@-1.14,-0.33 Â± 1.04 / 49.28 Â± 0.93@@-0.33,-@@0,-@@0,-@@0,-@@0,-@@0,-@@0,-@@0
<a href='https://hf.co/google/gemma-3-270m-it'>google/gemma-3-270m-it</a>,ğŸ“,4.15@@4.15,1.34,268098176.0,262144.0,32768.0,âœ“,âœ—,15.73 Â± 5.58 / 24.35 Â± 5.71@@15.73,10.50 Â± 3.71 / 11.90 Â± 1.47@@10.50,1.64 Â± 1.85 / 39.72 Â± 4.15@@1.64,7.17 Â± 0.40 / 0.05 Â± 0.04@@7.17,50.34 Â± 2.38 / 7.75 Â± 0.42@@50.34,-0.28 Â± 0.74 / 23.84 Â± 0.75@@-0.28,0.42 Â± 0.90 / 49.96 Â± 0.93@@0.42,-@@0,-@@0,-@@0,-@@0,-@@0,-@@0,-@@0
<a href='https://hf.co/HuggingFaceTB/SmolLM2-360M'>HuggingFaceTB/SmolLM2-360M</a>,ğŸ§ ,4.19@@4.19,?,361821120.0,49152.0,8192.0,âœ“,âœ—,7.38 Â± 6.01 / 22.06 Â± 5.06@@7.38,15.08 Â± 0.87 / 15.75 Â± 0.95@@15.08,1.19 Â± 1.73 / 37.66 Â± 4.58@@1.19,9.76 Â± 1.55 / 3.77 Â± 1.25@@9.76,47.60 Â± 1.98 / 6.22 Â± 0.79@@47.60,-0.89 Â± 0.81 / 23.51 Â± 0.80@@-0.89,-0.09 Â± 0.38 / 49.12 Â± 0.76@@-0.09,-@@0,-@@0,-@@0,-@@0,-@@0,-@@0,-@@0
<a href='https://hf.co/LiquidAI/LFM2-350M'>LiquidAI/LFM2-350M</a>,ğŸ“,4.19@@4.19,0.12,354483968.0,65536.0,128000.0,âœ—,âœ—,1.73 Â± 3.81 / 19.47 Â± 2.77@@1.73,13.46 Â± 1.77 / 12.59 Â± 1.49@@13.46,1.41 Â± 1.64 / 34.47 Â± 1.77@@1.41,6.51 Â± 0.87 / 1.36 Â± 0.64@@6.51,53.45 Â± 0.47 / 9.56 Â± 0.14@@53.45,-0.10 Â± 0.85 / 25.02 Â± 0.46@@-0.10,-2.39 Â± 2.03 / 49.03 Â± 1.15@@-2.39,-@@0,-@@0,-@@0,-@@0,-@@0,-@@0,-@@0
<a href='https://hf.co/PleIAs/Baguettotron'>PleIAs/Baguettotron@refs/pr/6#no-thinking</a>,ğŸ“,4.19@@4.19,2.07,320956992.0,65536.0,4096.0,âœ“,âœ—,8.98 Â± 2.06 / 27.11 Â± 4.01@@8.98,4.59 Â± 1.61 / 3.79 Â± 1.23@@4.59,-0.61 Â± 0.98 / 37.95 Â± 3.38@@-0.61,5.13 Â± 0.26 / 0.00 Â± 0.00@@5.13,56.11 Â± 0.45 / 10.46 Â± 0.11@@56.11,0.30 Â± 0.47 / 25.41 Â± 0.98@@0.30,-4.49 Â± 2.17 / 49.69 Â± 0.80@@-4.49,-@@0,-@@0,-@@0,-@@0,-@@0,-@@0,-@@0
<a href='https://hf.co/HuggingFaceTB/SmolLM2-135M-Instruct'>HuggingFaceTB/SmolLM2-135M-Instruct</a>,ğŸ“,4.24@@4.24,14.14,134515008.0,49152.0,8192.0,âœ“,âœ—,3.81 Â± 3.27 / 24.13 Â± 3.21@@3.81,9.23 Â± 2.47 / 9.56 Â± 1.86@@9.23,0.04 Â± 0.80 / 38.01 Â± 3.88@@0.04,3.88 Â± 0.30 / 0.00 Â± 0.00@@3.88,53.39 Â± 1.56 / 8.53 Â± 0.59@@53.39,-0.46 Â± 1.26 / 23.91 Â± 0.47@@-0.46,-1.40 Â± 2.39 / 49.25 Â± 1.04@@-1.40,-@@0,-@@0,-@@0,-@@0,-@@0,-@@0,-@@0
<a href='https://hf.co/HuggingFaceTB/SmolLM2-135M'>HuggingFaceTB/SmolLM2-135M</a>,ğŸ§ ,4.27@@4.27,?,134515008.0,49152.0,8192.0,âœ“,âœ—,3.28 Â± 5.45 / 20.15 Â± 4.15@@3.28,12.20 Â± 1.07 / 12.05 Â± 1.01@@12.20,-0.79 Â± 1.45 / 39.06 Â± 4.62@@-0.79,3.60 Â± 0.37 / 0.56 Â± 0.32@@3.60,48.31 Â± 3.97 / 6.12 Â± 1.07@@48.31,-0.88 Â± 1.13 / 23.62 Â± 0.72@@-0.88,0.54 Â± 1.37 / 49.18 Â± 0.79@@0.54,-@@0,-@@0,-@@0,-@@0,-@@0,-@@0,-@@0
<a href='https://hf.co/facebook/MobileLLM-R1-360M-base'>facebook/MobileLLM-R1-360M-base</a>,ğŸ§ ,4.28@@4.28,?,359431168.0,128256.0,4096.0,âœ—,âœ—,-2.51 Â± 4.45 / 18.45 Â± 3.08@@-2.51,12.62 Â± 1.32 / 12.36 Â± 0.97@@12.62,0.73 Â± 0.98 / 34.45 Â± 2.02@@0.73,6.53 Â± 0.48 / 1.78 Â± 0.57@@6.53,45.94 Â± 3.98 / 7.00 Â± 1.04@@45.94,3.09 Â± 1.34 / 26.83 Â± 1.05@@3.09,0.00 Â± 0.00 / 49.12 Â± 0.75@@0.00,-@@0,-@@0,-@@0,-@@0,-@@0,-@@0,-@@0
<a href='https://hf.co/facebook/MobileLLM-R1-950M'>facebook/MobileLLM-R1-950M</a>,ğŸ“,4.35@@4.35,?,949685760.0,128256.0,32768.0,âœ—,âœ—,1.12 Â± 1.91 / 23.26 Â± 2.44@@1.12,9.93 Â± 1.87 / 8.65 Â± 1.78@@9.93,0.12 Â± 1.61 / 40.08 Â± 4.26@@0.12,0.97 Â± 0.23 / 0.00 Â± 0.00@@0.97,47.41 Â± 2.30 / 2.42 Â± 0.35@@47.41,0.34 Â± 0.65 / 23.71 Â± 0.71@@0.34,0.42 Â± 0.79 / 49.16 Â± 0.74@@0.42,-@@0,-@@0,-@@0,-@@0,-@@0,-@@0,-@@0
<a href='https://hf.co/Shekswess/trlm-135m'>Shekswess/trlm-135m</a>,ğŸ“,4.41@@4.41,?,134516160.0,49154.0,8192.0,âœ“,âœ—,1.14 Â± 2.60 / 13.17 Â± 3.02@@1.14,9.10 Â± 2.64 / 9.48 Â± 1.77@@9.10,-0.35 Â± 2.16 / 36.96 Â± 3.04@@-0.35,3.71 Â± 0.19 / 0.04 Â± 0.05@@3.71,43.54 Â± 0.85 / 4.99 Â± 0.42@@43.54,0.00 Â± 0.00 / 25.77 Â± 0.78@@0.00,0.00 Â± 0.00 / 50.88 Â± 0.75@@0.00,-@@0,-@@0,-@@0,-@@0,-@@0,-@@0,-@@0
<a href='https://hf.co/facebook/MobileLLM-R1-360M'>facebook/MobileLLM-R1-360M</a>,ğŸ“,4.41@@4.41,?,359431168.0,128256.0,32768.0,âœ—,âœ—,0.64 Â± 3.10 / 24.57 Â± 3.72@@0.64,0.31 Â± 0.32 / 0.25 Â± 0.24@@0.31,-0.02 Â± 0.41 / 36.42 Â± 3.18@@-0.02,1.02 Â± 0.42 / 0.00 Â± 0.00@@1.02,48.29 Â± 0.74 / 2.89 Â± 0.30@@48.29,0.55 Â± 0.89 / 25.12 Â± 0.90@@0.55,-0.40 Â± 1.13 / 49.29 Â± 0.80@@-0.40,-@@0,-@@0,-@@0,-@@0,-@@0,-@@0,-@@0
<a href='https://hf.co/facebook/MobileLLM-R1-140M-base'>facebook/MobileLLM-R1-140M-base</a>,ğŸ§ ,4.42@@4.42,?,140248512.0,128256.0,4096.0,âœ—,âœ—,3.51 Â± 3.27 / 20.50 Â± 4.00@@3.51,9.40 Â± 2.07 / 9.92 Â± 1.70@@9.40,-0.14 Â± 1.75 / 37.86 Â± 2.23@@-0.14,2.93 Â± 0.69 / 0.22 Â± 0.09@@2.93,44.01 Â± 2.33 / 6.64 Â± 0.63@@44.01,-1.20 Â± 1.00 / 25.26 Â± 0.73@@-1.20,-0.99 Â± 1.58 / 49.62 Â± 1.06@@-0.99,-@@0,-@@0,-@@0,-@@0,-@@0,-@@0,-@@0
<a href='https://hf.co/PleIAs/Monad'>PleIAs/Monad</a>,ğŸ§ ,4.60@@4.60,?,56656128.0,8192.0,2048.0,âœ“,âœ—,2.49 Â± 2.12 / 20.54 Â± 3.22@@2.49,0.00 Â± 0.00 / 0.00 Â± 0.00@@0.00,-0.20 Â± 1.57 / 37.53 Â± 4.23@@-0.20,1.71 Â± 0.16 / 0.00 Â± 0.00@@1.71,38.60 Â± 1.88 / 3.43 Â± 0.53@@38.60,0.60 Â± 1.05 / 24.41 Â± 0.97@@0.60,0.51 Â± 1.90 / 49.18 Â± 0.74@@0.51,-@@0,-@@0,-@@0,-@@0,-@@0,-@@0,-@@0
<a href='https://hf.co/speakleash/Bielik-7B-Instruct-v0.1'>speakleash/Bielik-7B-Instruct-v0.1</a>,ğŸ“,4.68@@4.68,?,7241732096.0,32000.0,4096.0,âœ“,âœ—,54.54 Â± 3.45 / 50.20 Â± 3.47@@54.54,21.21 Â± 1.73 / 19.23 Â± 1.28@@21.21,2.50 Â± 2.07 / 33.88 Â± 0.59@@2.50,3.64 Â± 2.37 / 1.82 Â± 1.20@@3.64,0.04 Â± 0.04 / 0.01 Â± 0.01@@0.04,21.16 Â± 1.18 / 39.64 Â± 1.06@@21.16,5.90 Â± 3.30 / 52.47 Â± 1.38@@5.90,-@@0,-@@0,-@@0,-@@0,-@@0,-@@0,-@@0
<a href='https://hf.co/facebook/MobileLLM-R1-140M'>facebook/MobileLLM-R1-140M</a>,ğŸ¤”,5.30@@5.30,?,140248512.0,128256.0,32768.0,âœ—,âœ—,-0.14 Â± 0.74 / 16.84 Â± 0.17@@-0.14,0.00 Â± 0.00 / 0.00 Â± 0.00@@0.00,-0.93 Â± 1.50 / 33.46 Â± 0.30@@-0.93,0.00 Â± 0.00 / 0.00 Â± 0.00@@0.00,1.90 Â± 0.78 / 0.05 Â± 0.02@@1.90,0.09 Â± 1.12 / 23.70 Â± 0.71@@0.09,0.46 Â± 1.67 / 49.16 Â± 0.67@@0.46,-@@0,-@@0,-@@0,-@@0,-@@0,-@@0,-@@0
<a href='https://hf.co/google/rembert'>google/rembert</a>,ğŸ”,-@@100,?,575922690.0,250300.0,512.0,âœ“,âœ—,96.37 Â± 0.49 / 97.59 Â± 0.32@@96.37,65.88 Â± 1.90 / 65.43 Â± 1.31@@65.88,19.47 Â± 13.25 / 53.20 Â± 10.67@@19.47,53.11 Â± 2.04 / 30.98 Â± 1.67@@53.11,-@@-1,-@@-1,-@@-1,-@@0,-@@0,-@@0,-@@0,-@@0,-@@0,-@@0
<a href='https://hf.co/microsoft/mdeberta-v3-base'>microsoft/mdeberta-v3-base</a>,ğŸ”,-@@100,?,278810882.0,251000.0,512.0,âœ“,âœ—,94.02 Â± 0.30 / 96.27 Â± 0.19@@94.02,55.89 Â± 3.23 / 56.94 Â± 2.56@@55.89,45.94 Â± 2.64 / 70.75 Â± 2.05@@45.94,40.06 Â± 1.34 / 21.01 Â± 0.84@@40.06,-@@-1,-@@-1,-@@-1,-@@0,-@@0,-@@0,-@@0,-@@0,-@@0,-@@0
<a href='https://hf.co/speakleash/Bielik-11B-v2.6-Instruct'>speakleash/Bielik-11B-v2.6-Instruct (zero-shot)</a>,ğŸ“,-@@100,0.03,11168796672.0,32128.0,32768.0,âœ“,âœ—,77.36 Â± 0.43 / 74.15 Â± 0.70@@77.36,42.03 Â± 0.63 / 23.44 Â± 0.37@@42.03,32.72 Â± 1.31 / 60.50 Â± 0.91@@32.72,44.86 Â± 0.24 / 26.54 Â± 0.31@@44.86,-@@-1,-@@-1,-@@-1,-@@0,-@@0,-@@0,-@@0,-@@0,-@@0,-@@0
<a href='https://hf.co/speakleash/Bielik-1.5B-v3'>speakleash/Bielik-1.5B-v3 (zero-shot)</a>,ğŸ“,-@@100,?,1596507648.0,32000.0,8192.0,âœ“,âœ—,43.44 Â± 0.74 / 54.48 Â± 0.60@@43.44,19.32 Â± 0.42 / 17.28 Â± 0.30@@19.32,0.00 Â± 0.00 / 33.36 Â± 0.27@@0.00,26.75 Â± 0.37 / 14.08 Â± 0.29@@26.75,-@@-1,13.30 Â± 0.70 / 33.65 Â± 0.45@@13.30,-5.30 Â± 1.38 / 48.60 Â± 0.71@@-5.30,-@@0,-@@0,-@@0,-@@0,-@@0,-@@0,-@@0
<a href='https://hf.co/setu4993/LaBSE'>setu4993/LaBSE</a>,ğŸ”,-@@100,?,470927360.0,501153.0,512.0,âœ“,âœ—,92.49 Â± 0.81 / 95.37 Â± 0.49@@92.49,75.85 Â± 2.05 / 73.55 Â± 1.73@@75.85,30.49 Â± 9.62 / 64.18 Â± 4.58@@30.49,36.69 Â± 2.51 / 19.26 Â± 1.86@@36.69,-@@-1,-@@-1,-@@-1,-@@0,-@@0,-@@0,-@@0,-@@0,-@@0,-@@0
<a href='https://hf.co/sentence-transformers/paraphrase-multilingual-MiniLM-L12-v2'>sentence-transformers/paraphrase-multilingual-MiniLM-L12-v2</a>,ğŸ”,-@@100,?,117654272.0,250037.0,512.0,âœ“,âœ—,84.27 Â± 0.85 / 90.22 Â± 0.48@@84.27,33.49 Â± 1.71 / 39.39 Â± 1.13@@33.49,-0.13 Â± 1.51 / 47.15 Â± 2.21@@-0.13,8.05 Â± 0.36 / 0.78 Â± 0.20@@8.05,-@@-1,-@@-1,-@@-1,-@@0,-@@0,-@@0,-@@0,-@@0,-@@0,-@@0
<a href='https://hf.co/intfloat/multilingual-e5-base'>intfloat/multilingual-e5-base</a>,ğŸ”,-@@100,?,278044162.0,250002.0,512.0,âœ“,âœ—,92.56 Â± 0.99 / 95.52 Â± 0.63@@92.56,72.25 Â± 1.14 / 71.20 Â± 1.03@@72.25,22.32 Â± 8.48 / 58.86 Â± 3.63@@22.32,27.95 Â± 1.53 / 12.47 Â± 1.45@@27.95,-@@-1,-@@-1,-@@-1,-@@0,-@@0,-@@0,-@@0,-@@0,-@@0,-@@0
<a href='https://hf.co/intfloat/multilingual-e5-large'>intfloat/multilingual-e5-large</a>,ğŸ”,-@@100,?,559890946.0,250002.0,512.0,âœ“,âœ—,96.30 Â± 0.61 / 97.61 Â± 0.40@@96.30,72.50 Â± 3.59 / 71.12 Â± 1.99@@72.50,28.45 Â± 10.13 / 62.15 Â± 5.52@@28.45,53.26 Â± 2.14 / 30.21 Â± 2.71@@53.26,-@@-1,-@@-1,-@@-1,-@@0,-@@0,-@@0,-@@0,-@@0,-@@0,-@@0
<a href='https://hf.co/jhu-clsp/mmBERT-base'>jhu-clsp/mmBERT-base</a>,ğŸ”,-@@100,?,307531778.0,256000.0,8192.0,âœ“,âœ—,93.30 Â± 0.95 / 95.69 Â± 0.63@@93.30,62.50 Â± 2.85 / 61.68 Â± 1.62@@62.50,46.94 Â± 3.22 / 72.99 Â± 1.65@@46.94,40.57 Â± 1.53 / 18.71 Â± 0.80@@40.57,-@@-1,-@@-1,-@@-1,-@@0,-@@0,-@@0,-@@0,-@@0,-@@0,-@@0
<a href='https://hf.co/jhu-clsp/mmBERT-small'>jhu-clsp/mmBERT-small</a>,ğŸ”,-@@100,?,140642306.0,256000.0,8192.0,âœ“,âœ—,88.85 Â± 2.67 / 92.95 Â± 1.72@@88.85,60.30 Â± 3.05 / 60.10 Â± 2.48@@60.30,36.50 Â± 6.57 / 68.04 Â± 3.27@@36.50,19.61 Â± 4.39 / 7.01 Â± 2.06@@19.61,-@@-1,-@@-1,-@@-1,-@@0,-@@0,-@@0,-@@0,-@@0,-@@0,-@@0
<a href='https://hf.co/AI-Sweden-Models/ModernBERT-large'>AI-Sweden-Models/ModernBERT-large</a>,ğŸ”,-@@100,?,395881664.0,50368.0,8192.0,âœ“,âœ—,83.65 Â± 3.15 / 89.83 Â± 1.75@@83.65,24.73 Â± 4.42 / 30.94 Â± 3.32@@24.73,3.68 Â± 2.45 / 47.75 Â± 4.24@@3.68,12.93 Â± 4.46 / 4.53 Â± 2.39@@12.93,-@@-1,-@@-1,-@@-1,-@@0,-@@0,-@@0,-@@0,-@@0,-@@0,-@@0
<a href='https://hf.co/EuroBERT/EuroBERT-210m'>EuroBERT/EuroBERT-210m</a>,ğŸ”,-@@100,?,310266624.0,128256.0,8192.0,âœ“,âœ—,86.93 Â± 2.17 / 91.77 Â± 1.51@@86.93,33.88 Â± 3.10 / 36.84 Â± 3.87@@33.88,19.09 Â± 5.32 / 57.62 Â± 3.46@@19.09,15.04 Â± 5.57 / 5.01 Â± 2.73@@15.04,-@@-1,-@@-1,-@@-1,-@@0,-@@0,-@@0,-@@0,-@@0,-@@0,-@@0
<a href='https://hf.co/Geotrend/distilbert-base-25lang-cased'>Geotrend/distilbert-base-25lang-cased</a>,ğŸ”,-@@100,?,108867577.0,84985.0,512.0,âœ“,âœ—,75.12 Â± 1.38 / 84.96 Â± 0.78@@75.12,65.62 Â± 0.95 / 63.02 Â± 0.87@@65.62,3.50 Â± 2.69 / 42.75 Â± 5.62@@3.50,6.26 Â± 1.71 / 1.51 Â± 0.43@@6.26,-@@-1,-@@-1,-@@-1,-@@0,-@@0,-@@0,-@@0,-@@0,-@@0,-@@0
<a href='https://hf.co/FacebookAI/xlm-roberta-large'>FacebookAI/xlm-roberta-large</a>,ğŸ”,-@@100,?,561192082.0,250002.0,512.0,âœ“,âœ—,96.50 Â± 0.35 / 97.69 Â± 0.21@@96.50,75.70 Â± 1.46 / 71.58 Â± 1.38@@75.70,19.09 Â± 14.29 / 52.36 Â± 10.88@@19.09,56.12 Â± 1.16 / 32.19 Â± 1.14@@56.12,-@@-1,-@@-1,-@@-1,-@@0,-@@0,-@@0,-@@0,-@@0,-@@0,-@@0
<a href='https://hf.co/EuropeanParliament/EUBERT'>EuropeanParliament/EUBERT</a>,ğŸ”,-@@100,?,93990500.0,65636.0,512.0,âœ“,âœ—,71.61 Â± 2.63 / 83.29 Â± 1.63@@71.61,33.65 Â± 1.63 / 34.83 Â± 1.50@@33.65,4.09 Â± 1.91 / 50.26 Â± 1.67@@4.09,11.50 Â± 2.06 / 3.56 Â± 0.63@@11.50,-@@-1,-@@-1,-@@-1,-@@0,-@@0,-@@0,-@@0,-@@0,-@@0,-@@0
<a href='https://hf.co/EuroBERT/EuroBERT-610m'>EuroBERT/EuroBERT-610m</a>,ğŸ”,-@@100,?,755625600.0,128256.0,8192.0,âœ“,âœ—,92.97 Â± 1.06 / 95.60 Â± 0.67@@92.97,44.89 Â± 4.63 / 46.76 Â± 4.39@@44.89,22.19 Â± 8.40 / 58.57 Â± 5.33@@22.19,39.93 Â± 4.24 / 18.23 Â± 3.21@@39.93,-@@-1,-@@-1,-@@-1,-@@0,-@@0,-@@0,-@@0,-@@0,-@@0,-@@0
fresh-electra-small,ğŸ”,-@@100,?,13738755.0,32000.0,128.0,âœ“,âœ—,0.00 Â± 0.00 / 21.40 Â± 0.14@@0.00,1.91 Â± 0.82 / 3.13 Â± 1.06@@1.91,-0.03 Â± 0.06 / 33.52 Â± 0.37@@-0.03,0.00 Â± 0.00 / 0.00 Â± 0.00@@0.00,-@@-1,-@@-1,-@@-1,-@@0,-@@0,-@@0,-@@0,-@@0,-@@0,-@@0
fresh-xlm-roberta-base,ğŸ”,-@@100,?,278885778.0,250002.0,512.0,âœ“,âœ—,48.74 Â± 16.19 / 64.08 Â± 14.19@@48.74,2.61 Â± 2.48 / 2.36 Â± 2.25@@2.61,0.52 Â± 0.87 / 36.94 Â± 3.64@@0.52,0.00 Â± 0.00 / 0.00 Â± 0.00@@0.00,-@@-1,-@@-1,-@@-1,-@@0,-@@0,-@@0,-@@0,-@@0,-@@0,-@@0
<a href='https://hf.co/answerdotai/ModernBERT-large'>answerdotai/ModernBERT-large</a>,ğŸ”,-@@100,?,395881664.0,50368.0,8192.0,âœ“,âœ—,61.49 Â± 6.40 / 75.28 Â± 4.40@@61.49,30.90 Â± 2.00 / 33.58 Â± 2.62@@30.90,1.24 Â± 2.43 / 48.91 Â± 1.07@@1.24,14.18 Â± 2.33 / 3.51 Â± 0.85@@14.18,-@@-1,-@@-1,-@@-1,-@@0,-@@0,-@@0,-@@0,-@@0,-@@0,-@@0
<a href='https://hf.co/answerdotai/ModernBERT-base'>answerdotai/ModernBERT-base</a>,ğŸ”,-@@100,?,149655232.0,50368.0,8192.0,âœ“,âœ—,59.45 Â± 3.90 / 74.60 Â± 3.08@@59.45,29.87 Â± 1.36 / 33.75 Â± 1.45@@29.87,1.71 Â± 1.20 / 47.26 Â± 3.07@@1.71,13.00 Â± 2.31 / 2.99 Â± 0.73@@13.00,-@@-1,-@@-1,-@@-1,-@@0,-@@0,-@@0,-@@0,-@@0,-@@0,-@@0
