<span style='font-size: 12px; font-weight: normal; opacity: 0.6;'>Task Type</span>,<span style='visibility: hidden;'>dummy</span>,,,,,,,<a id=8 href='https://euroeval.com/tasks/sentiment-classification/' style='font-size: 12px; font-weight: normal; color: Grey; text-decoration: underline;'>Sentiment classification</a>,<a id=9 href='https://euroeval.com/tasks/named-entity-recognition/' style='font-size: 12px; font-weight: normal; color: Grey; text-decoration: underline;'>Named entity recognition</a>,<a id=10 href='https://euroeval.com/tasks/linguistic-acceptability/' style='font-size: 12px; font-weight: normal; color: Grey; text-decoration: underline;'>Linguistic acceptability</a>,<a id=11 href='https://euroeval.com/tasks/reading-comprehension/' style='font-size: 12px; font-weight: normal; color: Grey; text-decoration: underline;'>Reading comprehension</a>,<a id=12 href='https://euroeval.com/tasks/summarization/' style='font-size: 12px; font-weight: normal; color: Grey; text-decoration: underline;'>Summarization</a>,<a id=13 href='https://euroeval.com/tasks/knowledge/' style='font-size: 12px; font-weight: normal; color: Grey; text-decoration: underline;'>Knowledge</a>,<a id=14 href='https://euroeval.com/tasks/common-sense-reasoning/' style='font-size: 12px; font-weight: normal; color: Grey; text-decoration: underline;'>Common sense reasoning</a>,<span style='visibility: hidden;'>hidden</span>,,,,,,
Model,Type,Rank,Parameters,Vocabulary,Context,Commercial,Merge,<a href='https://euroeval.com/datasets/romanian#ro-sent'>ro_sent</a>,<a href='https://euroeval.com/datasets/romanian#ronec'>ronec</a>,<a href='https://euroeval.com/datasets/romanian#scala-ro'>scala_ro</a>,<a href='https://euroeval.com/datasets/romanian#multi-wiki-qa-ro'>multi_wiki_qa_ro</a>,<a href='https://euroeval.com/datasets/romanian#sumo-ro'>sumo_ro</a>,<a href='https://euroeval.com/datasets/romanian#global-mmlu-ro'>global_mmlu_ro</a>,<a href='https://euroeval.com/datasets/romanian#winogrande-ro'>winogrande_ro</a>,ro_sent_version,ronec_version,scala_ro_version,multi_wiki_qa_ro_version,sumo_ro_version,global_mmlu_ro_version,winogrande_ro_version
"<a href='https://ai.google.dev/gemini-api/docs/models#gemini-3-pro-preview'>gemini/gemini-3-pro-preview (zero-shot, val)</a>",ğŸ¤”,1.53@@1.53,?,256128.0,1048576.0,âœ“,âœ—,96.79 Â± 1.11 / 98.39 Â± 0.55@@96.79,41.39 Â± 1.27 / 32.67 Â± 0.96@@41.39,74.19 Â± 1.92 / 86.72 Â± 0.98@@74.19,64.80 Â± 1.09 / 30.93 Â± 1.97@@64.80,65.82 Â± 0.15 / 14.95 Â± 0.25@@65.82,91.92 Â± 1.47 / 93.95 Â± 1.10@@91.92,79.01 Â± 5.65 / 90.16 Â± 2.70@@79.01,16.7.1.dev0@@160701,16.7.1.dev0@@160701,16.7.1.dev0@@160701,16.7.1.dev0@@160701,16.7.1.dev0@@160701,16.7.1.dev0@@160701,16.7.1.dev0@@160701
"<a href='https://docs.anthropic.com/en/docs/about-claude'>claude-sonnet-4-5-20250929#thinking (zero-shot, val)</a>",ğŸ¤”,1.61@@1.61,?,?,200000.0,âœ“,âœ—,96.80 Â± 1.13 / 98.39 Â± 0.57@@96.80,45.63 Â± 1.38 / 40.33 Â± 1.26@@45.63,55.06 Â± 2.65 / 73.19 Â± 1.90@@55.06,64.90 Â± 1.37 / 34.81 Â± 1.89@@64.90,65.20 Â± 0.18 / 15.13 Â± 0.29@@65.20,90.36 Â± 1.27 / 92.77 Â± 0.95@@90.36,80.30 Â± 3.97 / 90.94 Â± 1.79@@80.30,16.7.1.dev0@@160701,16.7.1.dev0@@160701,16.7.1.dev0@@160701,16.7.1.dev0@@160701,16.7.1.dev0@@160701,16.7.1.dev0@@160701,16.7.1.dev0@@160701
"<a href='https://platform.openai.com/docs/models/gpt-5'>gpt-5-2025-08-07 (zero-shot, val)</a>",ğŸ¤”,1.61@@1.61,?,100256.0,272000.0,âœ“,âœ—,97.10 Â± 1.29 / 98.55 Â± 0.65@@97.10,46.17 Â± 1.19 / 35.10 Â± 1.01@@46.17,56.89 Â± 3.72 / 75.20 Â± 2.36@@56.89,64.92 Â± 1.40 / 38.73 Â± 2.17@@64.92,65.48 Â± 0.18 / 15.31 Â± 0.26@@65.48,90.62 Â± 1.31 / 92.97 Â± 0.98@@90.62,76.49 Â± 4.44 / 88.98 Â± 2.11@@76.49,16.7.1.dev0@@160701,16.7.1.dev0@@160701,16.7.1.dev0@@160701,16.7.1.dev0@@160701,16.7.1.dev0@@160701,16.7.1.dev0@@160701,16.7.1.dev0@@160701
"<a href='https://ai.google.dev/gemini-api/docs/models#gemini-2.5-flash'>gemini/gemini-2.5-flash#thinking (zero-shot, val)</a>",ğŸ¤”,1.64@@1.64,?,256128.0,1048576.0,âœ“,âœ—,94.99 Â± 1.43 / 97.49 Â± 0.71@@94.99,47.06 Â± 1.22 / 34.91 Â± 0.82@@47.06,61.01 Â± 2.06 / 80.17 Â± 1.12@@61.01,65.60 Â± 1.93 / 39.99 Â± 2.02@@65.60,65.72 Â± 0.17 / 13.97 Â± 0.25@@65.72,85.75 Â± 1.44 / 89.30 Â± 1.08@@85.75,68.77 Â± 4.39 / 84.69 Â± 2.08@@68.77,16.7.1.dev0@@160701,16.7.1.dev0@@160701,16.7.1.dev0@@160701,16.7.1.dev0@@160701,16.7.1.dev0@@160701,16.7.1.dev0@@160701,16.7.1.dev0@@160701
"<a href='https://ai.google.dev/gemini-api/docs/models#gemini-3-flash-preview'>gemini/gemini-3-flash-preview#thinking (zero-shot, val)</a>",ğŸ¤”,1.64@@1.64,?,256128.0,1048576.0,âœ“,âœ—,95.43 Â± 1.44 / 97.69 Â± 0.73@@95.43,43.78 Â± 1.09 / 31.66 Â± 0.83@@43.78,65.29 Â± 1.87 / 81.88 Â± 0.97@@65.29,60.14 Â± 1.39 / 25.80 Â± 1.74@@60.14,65.49 Â± 0.09 / 15.26 Â± 0.26@@65.49,90.06 Â± 1.54 / 92.54 Â± 1.16@@90.06,70.92 Â± 4.64 / 86.17 Â± 2.27@@70.92,16.9.0.dev0@@160900,16.9.0.dev0@@160900,16.9.0.dev0@@160900,16.9.0.dev0@@160900,16.9.0.dev0@@160900,16.9.0.dev0@@160900,16.9.0.dev0@@160900
"<a href='https://ai.google.dev/gemini-api/docs/models#gemini-2.5-pro'>gemini/gemini-2.5-pro (zero-shot, val)</a>",ğŸ¤”,1.69@@1.69,?,256128.0,1048576.0,âœ“,âœ—,95.38 Â± 1.15 / 97.68 Â± 0.58@@95.38,43.78 Â± 1.05 / 33.61 Â± 0.74@@43.78,59.69 Â± 1.81 / 79.57 Â± 0.97@@59.69,61.86 Â± 1.77 / 28.92 Â± 1.94@@61.86,65.20 Â± 0.16 / 14.61 Â± 0.15@@65.20,89.79 Â± 1.44 / 92.30 Â± 1.09@@89.79,72.60 Â± 4.47 / 87.11 Â± 2.11@@72.60,16.7.1.dev0@@160701,16.7.1.dev0@@160701,16.7.1.dev0@@160701,16.7.1.dev0@@160701,16.7.1.dev0@@160701,16.7.1.dev0@@160701,16.7.1.dev0@@160701
"<a href='https://ai.google.dev/gemini-api/docs/models#gemini-3-flash-preview'>gemini/gemini-3-flash-preview#no-thinking (zero-shot, val)</a>",ğŸ“,1.71@@1.71,?,256128.0,1048576.0,âœ“,âœ—,96.82 Â± 0.97 / 98.39 Â± 0.49@@96.82,42.26 Â± 1.06 / 30.16 Â± 0.85@@42.26,67.42 Â± 1.97 / 83.60 Â± 0.94@@67.42,60.14 Â± 1.39 / 25.80 Â± 1.74@@60.14,65.55 Â± 0.11 / 16.16 Â± 0.28@@65.55,89.53 Â± 1.34 / 92.11 Â± 1.01@@89.53,66.52 Â± 4.17 / 83.91 Â± 2.03@@66.52,16.9.0.dev0@@160900,16.9.0.dev0@@160900,16.9.0.dev0@@160900,16.9.0.dev0@@160900,16.9.0.dev0@@160900,16.9.0.dev0@@160900,16.9.0.dev0@@160900
"<a href='https://platform.openai.com/docs/models/gpt-5-mini'>gpt-5-mini-2025-08-07 (zero-shot, val)</a>",ğŸ¤”,1.81@@1.81,?,100256.0,272000.0,âœ“,âœ—,98.51 Â± 0.81 / 99.25 Â± 0.40@@98.51,40.25 Â± 1.19 / 28.58 Â± 0.94@@40.25,45.66 Â± 3.96 / 67.26 Â± 2.05@@45.66,63.10 Â± 1.51 / 35.76 Â± 1.57@@63.10,65.36 Â± 0.19 / 14.53 Â± 0.28@@65.36,85.76 Â± 1.14 / 89.34 Â± 0.85@@85.76,69.64 Â± 2.51 / 84.45 Â± 1.30@@69.64,16.7.1.dev0@@160701,16.7.1.dev0@@160701,16.7.1.dev0@@160701,16.7.1.dev0@@160701,16.7.1.dev0@@160701,16.7.1.dev0@@160701,16.7.1.dev0@@160701
"<a href='https://platform.openai.com/docs/models/gpt-4.1'>gpt-4.1-2025-04-14 (zero-shot, val)</a>",ğŸ“,1.82@@1.82,?,?,1047576.0,âœ“,âœ—,95.00 Â± 1.20 / 97.49 Â± 0.60@@95.00,40.56 Â± 0.88 / 31.96 Â± 0.86@@40.56,57.94 Â± 2.33 / 78.79 Â± 1.18@@57.94,64.76 Â± 1.41 / 33.25 Â± 1.64@@64.76,66.53 Â± 0.22 / 16.74 Â± 0.28@@66.53,71.14 Â± 1.83 / 78.36 Â± 1.38@@71.14,62.13 Â± 5.26 / 81.72 Â± 2.41@@62.13,16.7.1.dev0@@160701,16.7.1.dev0@@160701,16.7.1.dev0@@160701,16.7.1.dev0@@160701,16.7.1.dev0@@160701,16.7.1.dev0@@160701,16.7.1.dev0@@160701
"<a href='https://ai.google.dev/gemini-api/docs/models#gemini-2.5-flash-lite'>gemini/gemini-2.5-flash-lite#thinking (zero-shot, val)</a>",ğŸ¤”,1.84@@1.84,?,256128.0,1048576.0,âœ“,âœ—,96.72 Â± 1.21 / 98.35 Â± 0.60@@96.72,43.29 Â± 1.20 / 31.52 Â± 0.93@@43.29,60.68 Â± 2.72 / 79.91 Â± 1.42@@60.68,62.88 Â± 1.66 / 34.80 Â± 2.06@@62.88,65.52 Â± 0.17 / 14.03 Â± 0.19@@65.52,80.38 Â± 1.10 / 85.20 Â± 0.85@@80.38,56.36 Â± 4.50 / 79.14 Â± 1.91@@56.36,16.7.1.dev0@@160701,16.7.1.dev0@@160701,16.7.1.dev0@@160701,16.7.1.dev0@@160701,16.7.1.dev0@@160701,16.7.1.dev0@@160701,16.7.1.dev0@@160701
<a href='https://hf.co/google/gemma-3-27b-pt'>google/gemma-3-27b-pt</a>,ğŸ§ ,1.87@@1.87,27432406640.0,262144.0,8192.0,âœ“,âœ—,95.77 Â± 2.21 / 97.86 Â± 1.12@@95.77,45.91 Â± 1.65 / 44.98 Â± 1.71@@45.91,47.36 Â± 3.00 / 72.08 Â± 2.32@@47.36,76.12 Â± 1.55 / 55.74 Â± 2.01@@76.12,68.53 Â± 0.22 / 25.13 Â± 0.57@@68.53,62.92 Â± 0.85 / 72.11 Â± 0.63@@62.92,45.43 Â± 2.09 / 72.70 Â± 1.03@@45.43,16.9.0.dev0@@160900,16.9.0.dev0@@160900,16.9.0.dev0@@160900,16.9.0.dev0@@160900,16.9.0.dev0@@160900,16.9.0.dev0@@160900,16.9.0.dev0@@160900
"<a href='https://platform.openai.com/docs/models/gpt-5.2'>gpt-5.2-2025-12-11 (zero-shot, val)</a>",ğŸ¤”,1.89@@1.89,?,?,?,âœ“,âœ—,95.78 Â± 1.10 / 97.88 Â± 0.55@@95.78,43.15 Â± 1.09 / 31.78 Â± 0.91@@43.15,60.90 Â± 2.45 / 79.94 Â± 1.16@@60.90,65.21 Â± 1.37 / 31.75 Â± 2.24@@65.21,65.62 Â± 0.19 / 14.21 Â± 0.26@@65.62,78.00 Â± 1.26 / 83.44 Â± 0.98@@78.00,47.92 Â± 5.36 / 73.44 Â± 2.65@@47.92,16.8.0.dev0@@160800,16.8.0.dev0@@160800,16.8.0.dev0@@160800,16.8.0.dev0@@160800,16.8.0.dev0@@160800,16.8.0.dev0@@160800,16.8.0.dev0@@160800
<a href='https://hf.co/mistralai/Mistral-Small-3.2-24B-Instruct-2506'>mistralai/Mistral-Small-3.2-24B-Instruct-2506</a>,ğŸ“,1.90@@1.90,24011361280.0,131072.0,8192.0,âœ“,âœ—,96.97 Â± 0.99 / 98.46 Â± 0.52@@96.97,50.91 Â± 2.00 / 47.05 Â± 1.79@@50.91,43.28 Â± 1.85 / 70.65 Â± 0.72@@43.28,76.89 Â± 1.05 / 55.85 Â± 1.63@@76.89,66.49 Â± 0.07 / 18.06 Â± 0.34@@66.49,60.18 Â± 1.10 / 69.97 Â± 0.86@@60.18,47.80 Â± 1.57 / 73.87 Â± 0.81@@47.80,16.8.0.dev0@@160800,16.8.0.dev0@@160800,16.8.0.dev0@@160800,16.8.0.dev0@@160800,16.8.0.dev0@@160800,16.8.0.dev0@@160800,16.8.0.dev0@@160800
<a href='https://hf.co/Qwen/Qwen3-32B'>Qwen/Qwen3-32B#no-thinking</a>,ğŸ“,1.90@@1.90,32762123264.0,151936.0,40960.0,âœ“,âœ—,97.53 Â± 0.32 / 98.76 Â± 0.16@@97.53,44.96 Â± 1.08 / 37.38 Â± 1.32@@44.96,56.98 Â± 1.69 / 78.40 Â± 0.88@@56.98,75.86 Â± 1.04 / 54.39 Â± 1.65@@75.86,66.20 Â± 0.07 / 16.99 Â± 0.21@@66.20,63.78 Â± 1.19 / 72.69 Â± 0.90@@63.78,42.82 Â± 1.51 / 71.24 Â± 0.78@@42.82,16.8.0.dev0@@160800,16.8.0.dev0@@160800,16.8.0.dev0@@160800,16.8.0.dev0@@160800,16.8.0.dev0@@160800,16.8.0.dev0@@160800,16.8.0.dev0@@160800
<a href='https://hf.co/mistralai/Mistral-Small-3.1-24B-Instruct-2503'>mistralai/Mistral-Small-3.1-24B-Instruct-2503</a>,ğŸ“,1.92@@1.92,24011361280.0,131072.0,8192.0,âœ“,âœ—,97.56 Â± 0.41 / 98.78 Â± 0.21@@97.56,52.34 Â± 2.18 / 48.35 Â± 1.85@@52.34,45.18 Â± 2.23 / 71.70 Â± 1.55@@45.18,73.72 Â± 1.03 / 49.96 Â± 1.90@@73.72,66.63 Â± 0.10 / 18.51 Â± 0.41@@66.63,60.74 Â± 1.22 / 70.49 Â± 0.93@@60.74,48.08 Â± 2.20 / 73.98 Â± 1.15@@48.08,16.8.0.dev0@@160800,16.8.0.dev0@@160800,16.8.0.dev0@@160800,16.8.0.dev0@@160800,16.8.0.dev0@@160800,16.8.0.dev0@@160800,16.8.0.dev0@@160800
<a href='https://hf.co/mistralai/Voxtral-Small-24B-2507'>mistralai/Voxtral-Small-24B-2507</a>,ğŸ“,1.94@@1.94,24261800960.0,131072.0,8192.0,âœ“,âœ—,96.27 Â± 1.09 / 98.11 Â± 0.57@@96.27,49.78 Â± 1.90 / 46.99 Â± 1.80@@49.78,40.76 Â± 0.65 / 68.04 Â± 0.95@@40.76,74.16 Â± 1.47 / 54.64 Â± 1.79@@74.16,66.69 Â± 0.07 / 19.22 Â± 0.30@@66.69,60.92 Â± 0.74 / 70.57 Â± 0.57@@60.92,49.26 Â± 1.98 / 74.64 Â± 1.01@@49.26,16.8.0.dev0@@160800,16.8.0.dev0@@160800,16.8.0.dev0@@160800,16.8.0.dev0@@160800,16.8.0.dev0@@160800,16.8.0.dev0@@160800,16.8.0.dev0@@160800
<a href='https://hf.co/mistralai/Mistral-Small-3.1-24B-Base-2503'>mistralai/Mistral-Small-3.1-24B-Base-2503</a>,ğŸ§ ,1.94@@1.94,24011361280.0,131072.0,8192.0,âœ“,âœ—,97.63 Â± 0.35 / 98.81 Â± 0.18@@97.63,48.84 Â± 1.68 / 47.85 Â± 1.69@@48.84,38.25 Â± 1.73 / 67.50 Â± 1.41@@38.25,76.35 Â± 1.36 / 56.76 Â± 2.49@@76.35,66.93 Â± 0.75 / 21.46 Â± 1.33@@66.93,62.27 Â± 1.20 / 71.67 Â± 0.91@@62.27,46.94 Â± 1.12 / 73.36 Â± 0.61@@46.94,16.8.0.dev0@@160800,16.8.0.dev0@@160800,16.8.0.dev0@@160800,16.8.0.dev0@@160800,16.8.0.dev0@@160800,16.8.0.dev0@@160800,16.8.0.dev0@@160800
<a href='https://hf.co/google/gemma-3-27b-it'>google/gemma-3-27b-it</a>,ğŸ“,1.95@@1.95,27432406640.0,262144.0,8192.0,âœ“,âœ—,97.74 Â± 0.34 / 98.87 Â± 0.17@@97.74,46.68 Â± 1.61 / 42.20 Â± 1.37@@46.68,52.97 Â± 1.88 / 76.21 Â± 1.00@@52.97,70.04 Â± 1.09 / 47.07 Â± 1.34@@70.04,66.05 Â± 0.09 / 17.37 Â± 0.18@@66.05,62.27 Â± 0.93 / 71.65 Â± 0.71@@62.27,46.14 Â± 1.91 / 73.09 Â± 0.95@@46.14,16.9.0.dev0@@160900,16.9.0.dev0@@160900,16.9.0.dev0@@160900,16.9.0.dev0@@160900,16.9.0.dev0@@160900,16.9.0.dev0@@160900,16.9.0.dev0@@160900
"<a href='https://docs.anthropic.com/en/docs/about-claude'>claude-sonnet-4-5-20250929#no-thinking (zero-shot, val)</a>",ğŸ“,1.98@@1.98,?,?,200000.0,âœ“,âœ—,97.60 Â± 0.83 / 98.78 Â± 0.42@@97.60,39.97 Â± 1.51 / 37.68 Â± 1.46@@39.97,37.64 Â± 2.13 / 56.94 Â± 1.69@@37.64,66.73 Â± 1.65 / 35.62 Â± 2.16@@66.73,64.89 Â± 0.33 / 16.33 Â± 0.33@@64.89,67.86 Â± 2.22 / 74.77 Â± 1.78@@67.86,71.44 Â± 3.45 / 84.84 Â± 1.84@@71.44,16.7.1.dev0@@160701,16.7.1.dev0@@160701,16.7.1.dev0@@160701,16.7.1.dev0@@160701,16.7.1.dev0@@160701,16.7.1.dev0@@160701,16.7.1.dev0@@160701
"<a href='https://platform.openai.com/docs/models/gpt-5-nano'>gpt-5-nano-2025-08-07 (zero-shot, val)</a>",ğŸ¤”,1.99@@1.99,?,100256.0,272000.0,âœ“,âœ—,95.71 Â± 0.96 / 97.84 Â± 0.48@@95.71,43.48 Â± 1.36 / 33.76 Â± 1.44@@43.48,41.99 Â± 5.26 / 66.05 Â± 2.61@@41.99,64.30 Â± 1.15 / 35.09 Â± 2.06@@64.30,64.88 Â± 0.18 / 12.89 Â± 0.22@@64.88,86.80 Â± 1.53 / 90.12 Â± 1.15@@86.80,44.00 Â± 3.62 / 72.34 Â± 1.77@@44.00,16.7.1.dev0@@160701,16.7.1.dev0@@160701,16.7.1.dev0@@160701,16.7.1.dev0@@160701,16.7.1.dev0@@160701,16.7.1.dev0@@160701,16.7.1.dev0@@160701
<a href='https://hf.co/meta-llama/Llama-3.1-70B'>meta-llama/Llama-3.1-70B</a>,ğŸ§ ,2.00@@2.00,70553706496.0,128256.0,131072.0,âœ“,âœ—,95.77 Â± 0.70 / 97.84 Â± 0.37@@95.77,45.21 Â± 2.00 / 42.77 Â± 2.16@@45.21,37.64 Â± 4.47 / 68.39 Â± 2.07@@37.64,75.64 Â± 1.93 / 56.26 Â± 2.30@@75.64,67.04 Â± 0.37 / 22.05 Â± 0.76@@67.04,56.77 Â± 1.15 / 67.50 Â± 0.86@@56.77,48.26 Â± 2.18 / 74.08 Â± 1.08@@48.26,16.9.0.dev0@@160900,16.9.0.dev0@@160900,16.9.0.dev0@@160900,16.9.0.dev0@@160900,16.9.0.dev0@@160900,16.9.0.dev0@@160900,16.9.0.dev0@@160900
<a href='https://hf.co/Qwen/Qwen3-14B'>Qwen/Qwen3-14B#no-thinking</a>,ğŸ“,2.06@@2.06,14768307200.0,151936.0,40960.0,âœ“,âœ—,96.98 Â± 0.25 / 98.48 Â± 0.13@@96.98,44.38 Â± 1.10 / 37.08 Â± 1.02@@44.38,49.03 Â± 1.43 / 72.78 Â± 1.25@@49.03,75.44 Â± 0.85 / 54.08 Â± 1.33@@75.44,66.12 Â± 0.11 / 16.80 Â± 0.20@@66.12,57.63 Â± 0.92 / 68.14 Â± 0.70@@57.63,36.57 Â± 2.02 / 67.91 Â± 0.90@@36.57,16.8.0.dev0@@160800,16.8.0.dev0@@160800,16.8.0.dev0@@160800,16.8.0.dev0@@160800,16.8.0.dev0@@160800,16.8.0.dev0@@160800,16.8.0.dev0@@160800
<a href='https://hf.co/google/gemma-3-12b-pt'>google/gemma-3-12b-pt</a>,ğŸ§ ,2.06@@2.06,12187325040.0,262144.0,8192.0,âœ“,âœ—,96.64 Â± 0.97 / 98.29 Â± 0.51@@96.64,40.08 Â± 2.04 / 38.21 Â± 2.08@@40.08,44.39 Â± 2.45 / 71.24 Â± 1.36@@44.39,73.80 Â± 1.82 / 56.24 Â± 1.52@@73.80,67.38 Â± 1.70 / 23.64 Â± 2.00@@67.38,55.52 Â± 0.76 / 66.40 Â± 0.57@@55.52,40.93 Â± 1.62 / 70.44 Â± 0.82@@40.93,16.9.0.dev0@@160900,16.9.0.dev0@@160900,16.9.0.dev0@@160900,16.9.0.dev0@@160900,16.9.0.dev0@@160900,16.9.0.dev0@@160900,16.9.0.dev0@@160900
"<a href='https://ai.google.dev/gemini-api/docs/models#gemini-2.5-flash'>gemini/gemini-2.5-flash#no-thinking (zero-shot, val)</a>",ğŸ“,2.09@@2.09,?,256128.0,1048576.0,âœ“,âœ—,93.31 Â± 2.26 / 96.62 Â± 1.14@@93.31,40.51 Â± 0.96 / 33.32 Â± 0.74@@40.51,39.73 Â± 3.95 / 69.63 Â± 1.98@@39.73,65.85 Â± 1.64 / 38.22 Â± 1.81@@65.85,65.52 Â± 0.16 / 15.50 Â± 0.24@@65.52,75.34 Â± 1.72 / 81.45 Â± 1.29@@75.34,45.42 Â± 4.50 / 74.38 Â± 2.34@@45.42,16.7.1.dev0@@160701,16.7.1.dev0@@160701,16.7.1.dev0@@160701,16.7.1.dev0@@160701,16.7.1.dev0@@160701,16.7.1.dev0@@160701,16.7.1.dev0@@160701
<a href='https://hf.co/deepcogito/cogito-v2-preview-llama-70B'>deepcogito/cogito-v2-preview-llama-70B</a>,ğŸ“,2.11@@2.11,70553706496.0,128256.0,131072.0,âœ“,âœ—,98.46 Â± 0.13 / 99.23 Â± 0.07@@98.46,47.97 Â± 1.45 / 41.72 Â± 1.31@@47.97,51.87 Â± 2.56 / 75.22 Â± 1.60@@51.87,14.46 Â± 0.72 / 0.04 Â± 0.06@@14.46,65.93 Â± 0.12 / 16.64 Â± 0.35@@65.93,74.35 Â± 0.91 / 80.72 Â± 0.69@@74.35,55.28 Â± 1.96 / 77.63 Â± 1.02@@55.28,16.8.0.dev0@@160800,16.8.0.dev0@@160800,16.8.0.dev0@@160800,16.8.0.dev0@@160800,16.8.0.dev0@@160800,16.8.0.dev0@@160800,16.8.0.dev0@@160800
"<a href='https://platform.openai.com/docs/models/gpt-4.1-mini'>gpt-4.1-mini-2025-04-14 (zero-shot, val)</a>",ğŸ“,2.14@@2.14,?,?,1047576.0,âœ“,âœ—,95.94 Â± 0.85 / 97.92 Â± 0.44@@95.94,39.25 Â± 1.00 / 28.89 Â± 0.66@@39.25,44.63 Â± 3.17 / 71.97 Â± 1.56@@44.63,64.38 Â± 1.20 / 34.21 Â± 1.69@@64.38,66.18 Â± 0.20 / 16.15 Â± 0.28@@66.18,65.31 Â± 1.83 / 73.95 Â± 1.39@@65.31,39.02 Â± 5.53 / 69.84 Â± 2.70@@39.02,16.7.1.dev0@@160701,16.7.1.dev0@@160701,16.7.1.dev0@@160701,16.7.1.dev0@@160701,16.7.1.dev0@@160701,16.7.1.dev0@@160701,16.7.1.dev0@@160701
"<a href='https://docs.anthropic.com/en/docs/about-claude'>claude-haiku-4-5-20251001 (zero-shot, val)</a>",ğŸ¤”,2.15@@2.15,?,?,200000.0,âœ“,âœ—,95.70 Â± 1.32 / 97.85 Â± 0.66@@95.70,38.03 Â± 1.59 / 31.09 Â± 1.19@@38.03,43.22 Â± 2.58 / 68.68 Â± 1.38@@43.22,66.36 Â± 0.89 / 34.94 Â± 1.75@@66.36,65.33 Â± 0.17 / 15.14 Â± 0.26@@65.33,68.88 Â± 1.85 / 76.60 Â± 1.40@@68.88,39.10 Â± 4.79 / 70.47 Â± 2.53@@39.10,16.7.1.dev0@@160701,16.7.1.dev0@@160701,16.7.1.dev0@@160701,16.7.1.dev0@@160701,16.7.1.dev0@@160701,16.7.1.dev0@@160701,16.7.1.dev0@@160701
<a href='https://hf.co/deepcogito/cogito-v1-preview-llama-70B'>deepcogito/cogito-v1-preview-llama-70B</a>,ğŸ“,2.15@@2.15,70553706496.0,128256.0,131072.0,âœ“,âœ—,97.75 Â± 0.33 / 98.87 Â± 0.17@@97.75,47.90 Â± 1.45 / 41.06 Â± 1.34@@47.90,49.01 Â± 2.82 / 73.92 Â± 1.80@@49.01,13.69 Â± 0.43 / 0.09 Â± 0.10@@13.69,66.16 Â± 0.13 / 17.24 Â± 0.37@@66.16,72.87 Â± 0.86 / 79.60 Â± 0.65@@72.87,53.73 Â± 2.07 / 76.85 Â± 1.03@@53.73,16.8.0.dev0@@160800,16.8.0.dev0@@160800,16.8.0.dev0@@160800,16.8.0.dev0@@160800,16.8.0.dev0@@160800,16.8.0.dev0@@160800,16.8.0.dev0@@160800
<a href='https://hf.co/deepcogito/cogito-v1-preview-qwen-32B'>deepcogito/cogito-v1-preview-qwen-32B</a>,ğŸ“,2.15@@2.15,32759790592.0,151665.0,131072.0,âœ“,âœ—,97.85 Â± 0.31 / 98.92 Â± 0.16@@97.85,48.44 Â± 1.17 / 39.35 Â± 1.18@@48.44,44.17 Â± 2.20 / 71.88 Â± 1.22@@44.17,24.39 Â± 0.57 / 0.04 Â± 0.06@@24.39,65.03 Â± 0.11 / 14.86 Â± 0.13@@65.03,72.14 Â± 0.53 / 79.08 Â± 0.40@@72.14,52.99 Â± 1.75 / 76.50 Â± 0.87@@52.99,16.8.0.dev0@@160800,16.8.0.dev0@@160800,16.8.0.dev0@@160800,16.8.0.dev0@@160800,16.8.0.dev0@@160800,16.8.0.dev0@@160800,16.8.0.dev0@@160800
<a href='https://hf.co/meta-llama/Llama-3.3-70B-Instruct'>meta-llama/Llama-3.3-70B-Instruct</a>,ğŸ“,2.17@@2.17,70553706496.0,128256.0,131072.0,âœ“,âœ—,98.47 Â± 0.20 / 99.23 Â± 0.10@@98.47,47.17 Â± 1.37 / 38.05 Â± 1.00@@47.17,49.33 Â± 2.75 / 74.12 Â± 1.40@@49.33,12.95 Â± 1.28 / 1.09 Â± 0.40@@12.95,66.22 Â± 0.11 / 16.91 Â± 0.20@@66.22,67.16 Â± 0.61 / 75.32 Â± 0.49@@67.16,54.76 Â± 2.58 / 77.24 Â± 1.25@@54.76,16.9.0.dev0@@160900,16.9.0.dev0@@160900,16.9.0.dev0@@160900,16.9.0.dev0@@160900,16.9.0.dev0@@160900,16.9.0.dev0@@160900,16.9.0.dev0@@160900
<a href='https://hf.co/Qwen/Qwen2.5-72B-Instruct'>Qwen/Qwen2.5-72B-Instruct</a>,ğŸ“,2.19@@2.19,72706203648.0,152064.0,32768.0,âœ“,âœ—,97.62 Â± 0.40 / 98.80 Â± 0.20@@97.62,42.63 Â± 0.65 / 36.82 Â± 0.71@@42.63,49.43 Â± 1.48 / 74.53 Â± 0.78@@49.43,25.68 Â± 1.24 / 3.26 Â± 1.26@@25.68,65.73 Â± 0.08 / 15.91 Â± 0.11@@65.73,69.52 Â± 0.56 / 77.08 Â± 0.43@@69.52,50.49 Â± 1.35 / 75.24 Â± 0.67@@50.49,16.8.0.dev0@@160800,16.8.0.dev0@@160800,16.8.0.dev0@@160800,16.8.0.dev0@@160800,16.8.0.dev0@@160800,16.8.0.dev0@@160800,16.8.0.dev0@@160800
<a href='https://hf.co/google/gemma-3-12b-it'>google/gemma-3-12b-it</a>,ğŸ“,2.22@@2.22,12187325040.0,262144.0,8192.0,âœ“,âœ—,97.15 Â± 0.40 / 98.57 Â± 0.20@@97.15,48.70 Â± 1.67 / 40.45 Â± 1.45@@48.70,47.33 Â± 2.39 / 73.43 Â± 1.33@@47.33,47.33 Â± 10.75 / 27.45 Â± 9.84@@47.33,65.98 Â± 0.09 / 17.28 Â± 0.17@@65.98,52.02 Â± 0.74 / 63.89 Â± 0.56@@52.02,32.89 Â± 2.30 / 66.41 Â± 1.18@@32.89,16.9.0.dev0@@160900,16.9.0.dev0@@160900,16.9.0.dev0@@160900,16.9.0.dev0@@160900,16.9.0.dev0@@160900,16.9.0.dev0@@160900,16.9.0.dev0@@160900
<a href='https://hf.co/openai/gpt-oss-20b'>openai/gpt-oss-20b#medium</a>,ğŸ¤”,2.24@@2.24,21511953984.0,201088.0,131072.0,âœ“,âœ—,93.83 Â± 0.57 / 96.90 Â± 0.29@@93.83,43.32 Â± 0.47 / 35.73 Â± 0.64@@43.32,33.87 Â± 1.50 / 62.24 Â± 0.70@@33.87,62.12 Â± 0.80 / 35.45 Â± 1.08@@62.12,64.55 Â± 0.05 / 13.46 Â± 0.12@@64.55,68.48 Â± 0.70 / 76.31 Â± 0.51@@68.48,38.73 Â± 2.58 / 69.30 Â± 1.28@@38.73,16.8.0.dev0@@160800,16.8.0.dev0@@160800,16.8.0.dev0@@160800,16.8.0.dev0@@160800,16.8.0.dev0@@160800,16.8.0.dev0@@160800,16.8.0.dev0@@160800
<a href='https://hf.co/swiss-ai/Apertus-70B-2509'>swiss-ai/Apertus-70B-2509</a>,ğŸ§ ,2.24@@2.24,70599864480.0,131072.0,65536.0,âœ“,âœ—,96.68 Â± 0.52 / 98.33 Â± 0.27@@96.68,38.33 Â± 1.15 / 36.43 Â± 1.10@@38.33,43.73 Â± 3.49 / 70.63 Â± 2.60@@43.73,74.93 Â± 1.23 / 56.16 Â± 1.81@@74.93,67.73 Â± 0.68 / 24.12 Â± 0.98@@67.73,42.50 Â± 0.87 / 56.81 Â± 0.64@@42.50,25.37 Â± 2.08 / 62.06 Â± 0.87@@25.37,16.10.1.dev0@@161001,16.10.1.dev0@@161001,16.10.1.dev0@@161001,16.10.1.dev0@@161001,16.10.1.dev0@@161001,16.10.1.dev0@@161001,16.10.1.dev0@@161001
<a href='https://hf.co/openai/gpt-oss-20b'>openai/gpt-oss-20b#low</a>,ğŸ¤”,2.27@@2.27,21511953984.0,201088.0,131072.0,âœ“,âœ—,93.60 Â± 0.57 / 96.78 Â± 0.29@@93.60,45.55 Â± 0.71 / 37.24 Â± 0.94@@45.55,35.01 Â± 1.12 / 61.41 Â± 0.68@@35.01,62.01 Â± 1.12 / 34.86 Â± 1.34@@62.01,65.00 Â± 0.09 / 14.61 Â± 0.19@@65.00,58.59 Â± 1.04 / 68.88 Â± 0.80@@58.59,31.11 Â± 2.53 / 65.51 Â± 1.28@@31.11,16.11.0.dev0@@161100,16.11.0.dev0@@161100,16.11.0.dev0@@161100,16.11.0.dev0@@161100,16.11.0.dev0@@161100,16.11.0.dev0@@161100,16.11.0.dev0@@161100
"<a href='https://ai.google.dev/gemini-api/docs/models#gemini-2.5-flash-lite'>gemini/gemini-2.5-flash-lite#no-thinking (zero-shot, val)</a>",ğŸ“,2.33@@2.33,?,256128.0,1048576.0,âœ“,âœ—,91.17 Â± 1.77 / 95.57 Â± 0.88@@91.17,36.06 Â± 1.00 / 27.41 Â± 0.75@@36.06,34.22 Â± 3.22 / 60.79 Â± 1.73@@34.22,65.27 Â± 1.38 / 36.14 Â± 1.52@@65.27,65.30 Â± 0.16 / 15.25 Â± 0.19@@65.30,62.46 Â± 2.36 / 71.64 Â± 1.84@@62.46,32.46 Â± 4.06 / 67.58 Â± 2.01@@32.46,16.7.1.dev0@@160701,16.7.1.dev0@@160701,16.7.1.dev0@@160701,16.7.1.dev0@@160701,16.7.1.dev0@@160701,16.7.1.dev0@@160701,16.7.1.dev0@@160701
<a href='https://hf.co/google/gemma-3n-E4B-it'>google/gemma-3n-E4B-it</a>,ğŸ“,2.35@@2.35,7849978192.0,262400.0,8192.0,âœ“,âœ—,95.97 Â± 0.50 / 97.98 Â± 0.25@@95.97,44.09 Â± 0.78 / 35.33 Â± 1.19@@44.09,36.07 Â± 1.72 / 66.63 Â± 0.96@@36.07,67.73 Â± 1.29 / 41.64 Â± 2.03@@67.73,66.02 Â± 0.07 / 16.68 Â± 0.18@@66.02,42.18 Â± 0.99 / 56.48 Â± 0.77@@42.18,26.38 Â± 2.31 / 63.20 Â± 1.11@@26.38,16.9.0.dev0@@160900,16.9.0.dev0@@160900,16.9.0.dev0@@160900,16.9.0.dev0@@160900,16.9.0.dev0@@160900,16.9.0.dev0@@160900,16.9.0.dev0@@160900
<a href='https://hf.co/speakleash/Bielik-11B-v2.3-Instruct'>speakleash/Bielik-11B-v2.3-Instruct</a>,ğŸ“,2.35@@2.35,11168796672.0,32128.0,32768.0,âœ“,âœ“,96.07 Â± 0.29 / 98.04 Â± 0.14@@96.07,43.12 Â± 0.99 / 39.58 Â± 0.81@@43.12,27.50 Â± 1.81 / 61.42 Â± 1.14@@27.50,75.65 Â± 0.82 / 53.08 Â± 1.14@@75.65,66.09 Â± 0.04 / 16.85 Â± 0.06@@66.09,38.37 Â± 1.01 / 53.74 Â± 0.76@@38.37,33.53 Â± 1.60 / 66.77 Â± 0.80@@33.53,16.11.0.dev0@@161100,16.11.0.dev0@@161100,16.11.0.dev0@@161100,16.11.0.dev0@@161100,16.11.0.dev0@@161100,16.11.0.dev0@@161100,16.11.0.dev0@@161100
<a href='https://hf.co/speakleash/Bielik-11B-v3.0-Instruct'>speakleash/Bielik-11B-v3.0-Instruct</a>,ğŸ“,2.35@@2.35,11168796672.0,32128.0,32768.0,âœ“,âœ—,97.26 Â± 0.49 / 98.61 Â± 0.25@@97.26,44.87 Â± 1.32 / 40.69 Â± 1.32@@44.87,45.32 Â± 1.47 / 70.58 Â± 1.10@@45.32,27.91 Â± 0.98 / 0.16 Â± 0.09@@27.91,66.44 Â± 0.26 / 18.16 Â± 0.26@@66.44,47.85 Â± 0.92 / 60.89 Â± 0.70@@47.85,36.11 Â± 2.99 / 67.70 Â± 1.58@@36.11,16.10.0@@161000,16.10.0@@161000,16.10.0@@161000,16.10.0@@161000,16.10.0@@161000,16.10.0@@161000,16.10.0@@161000
<a href='https://hf.co/ibm-granite/granite-4.0-h-small'>ibm-granite/granite-4.0-h-small</a>,ğŸ“,2.35@@2.35,32207337984.0,100352.0,131072.0,âœ“,âœ—,96.45 Â± 0.29 / 98.21 Â± 0.15@@96.45,43.22 Â± 1.17 / 40.12 Â± 1.38@@43.22,26.42 Â± 1.18 / 58.28 Â± 2.07@@26.42,69.66 Â± 1.47 / 50.09 Â± 1.70@@69.66,66.47 Â± 0.09 / 18.79 Â± 0.36@@66.47,50.62 Â± 1.14 / 62.43 Â± 1.00@@50.62,24.08 Â± 2.89 / 60.47 Â± 1.70@@24.08,16.8.0.dev0@@160800,16.8.0.dev0@@160800,16.8.0.dev0@@160800,16.8.0.dev0@@160800,16.8.0.dev0@@160800,16.8.0.dev0@@160800,16.8.0.dev0@@160800
<a href='https://hf.co/Qwen/Qwen3-8B'>Qwen/Qwen3-8B#no-thinking</a>,ğŸ“,2.36@@2.36,8190735360.0,151936.0,40960.0,âœ“,âœ—,95.66 Â± 0.40 / 97.82 Â± 0.20@@95.66,40.78 Â± 0.68 / 34.83 Â± 0.79@@40.78,30.39 Â± 2.48 / 55.59 Â± 3.22@@30.39,70.51 Â± 0.97 / 48.80 Â± 1.19@@70.51,66.12 Â± 0.10 / 16.89 Â± 0.20@@66.12,50.75 Â± 0.88 / 62.94 Â± 0.68@@50.75,26.42 Â± 1.25 / 63.09 Â± 0.70@@26.42,16.8.0.dev0@@160800,16.8.0.dev0@@160800,16.8.0.dev0@@160800,16.8.0.dev0@@160800,16.8.0.dev0@@160800,16.8.0.dev0@@160800,16.8.0.dev0@@160800
<a href='https://hf.co/allenai/OLMo-2-0325-32B-Instruct'>allenai/OLMo-2-0325-32B-Instruct</a>,ğŸ“,2.37@@2.37,32234279936.0,100352.0,4096.0,âœ—,âœ—,96.72 Â± 0.44 / 98.34 Â± 0.22@@96.72,40.34 Â± 0.76 / 30.35 Â± 0.65@@40.34,29.59 Â± 2.13 / 63.90 Â± 1.10@@29.59,63.01 Â± 0.93 / 39.23 Â± 1.74@@63.01,66.28 Â± 0.07 / 17.86 Â± 0.24@@66.28,46.78 Â± 0.74 / 59.91 Â± 0.55@@46.78,33.05 Â± 2.25 / 66.50 Â± 1.14@@33.05,16.8.0.dev0@@160800,16.8.0.dev0@@160800,16.8.0.dev0@@160800,16.8.0.dev0@@160800,16.8.0.dev0@@160800,16.8.0.dev0@@160800,16.8.0.dev0@@160800
<a href='https://hf.co/Qwen/Qwen3-30B-A3B-Instruct-2507'>Qwen/Qwen3-30B-A3B-Instruct-2507</a>,ğŸ“,2.38@@2.38,30532122624.0,151936.0,262144.0,âœ“,âœ—,96.77 Â± 0.65 / 98.38 Â± 0.33@@96.77,40.89 Â± 0.76 / 31.40 Â± 0.79@@40.89,40.18 Â± 1.61 / 68.55 Â± 1.28@@40.18,22.22 Â± 0.58 / 0.00 Â± 0.00@@22.22,65.85 Â± 0.06 / 15.83 Â± 0.09@@65.85,63.20 Â± 0.75 / 72.36 Â± 0.56@@63.20,40.85 Â± 1.98 / 70.42 Â± 0.98@@40.85,16.8.0.dev0@@160800,16.8.0.dev0@@160800,16.8.0.dev0@@160800,16.8.0.dev0@@160800,16.8.0.dev0@@160800,16.8.0.dev0@@160800,16.8.0.dev0@@160800
<a href='https://hf.co/deepcogito/cogito-v1-preview-qwen-14B'>deepcogito/cogito-v1-preview-qwen-14B</a>,ğŸ“,2.39@@2.39,14765947904.0,151665.0,131072.0,âœ“,âœ—,97.31 Â± 0.27 / 98.65 Â± 0.14@@97.31,46.25 Â± 1.10 / 39.66 Â± 1.05@@46.25,34.10 Â± 1.56 / 63.93 Â± 1.66@@34.10,24.50 Â± 0.58 / 0.00 Â± 0.00@@24.50,64.86 Â± 0.06 / 14.42 Â± 0.08@@64.86,63.70 Â± 0.43 / 72.73 Â± 0.32@@63.70,39.88 Â± 2.40 / 69.94 Â± 1.19@@39.88,16.8.0.dev0@@160800,16.8.0.dev0@@160800,16.8.0.dev0@@160800,16.8.0.dev0@@160800,16.8.0.dev0@@160800,16.8.0.dev0@@160800,16.8.0.dev0@@160800
<a href='https://hf.co/utter-project/EuroLLM-22B-2512'>utter-project/EuroLLM-22B-2512</a>,ğŸ§ ,2.41@@2.41,22637328384.0,128000.0,32768.0,âœ“,âœ—,80.17 Â± 2.43 / 88.95 Â± 1.49@@80.17,40.74 Â± 1.06 / 39.34 Â± 1.26@@40.74,40.24 Â± 2.06 / 68.65 Â± 1.35@@40.24,71.86 Â± 1.83 / 53.86 Â± 2.22@@71.86,67.43 Â± 0.45 / 23.03 Â± 0.67@@67.43,43.40 Â± 1.14 / 57.23 Â± 0.92@@43.40,16.17 Â± 2.02 / 57.54 Â± 1.07@@16.17,16.8.0.dev0@@160800,16.8.0.dev0@@160800,16.8.0.dev0@@160800,16.8.0.dev0@@160800,16.8.0.dev0@@160800,16.8.0.dev0@@160800,16.8.0.dev0@@160800
<a href='https://hf.co/utter-project/EuroLLM-22B-Instruct-2512'>utter-project/EuroLLM-22B-Instruct-2512</a>,ğŸ“,2.41@@2.41,22637328384.0,128000.0,32768.0,âœ“,âœ—,96.63 Â± 0.25 / 98.31 Â± 0.13@@96.63,43.22 Â± 0.84 / 39.39 Â± 0.94@@43.22,52.15 Â± 1.30 / 75.51 Â± 0.83@@52.15,26.30 Â± 2.28 / 9.71 Â± 1.51@@26.30,66.27 Â± 0.11 / 17.29 Â± 0.37@@66.27,44.85 Â± 0.69 / 58.44 Â± 0.56@@44.85,29.15 Â± 2.61 / 63.48 Â± 1.35@@29.15,16.8.0.dev0@@160800,16.8.0.dev0@@160800,16.8.0.dev0@@160800,16.8.0.dev0@@160800,16.8.0.dev0@@160800,16.8.0.dev0@@160800,16.8.0.dev0@@160800
<a href='https://hf.co/mii-llm/nesso-4B'>mii-llm/nesso-4B</a>,ğŸ“,2.43@@2.43,4022468096.0,151936.0,262144.0,âœ—,âœ—,93.39 Â± 0.92 / 96.63 Â± 0.49@@93.39,40.47 Â± 0.59 / 38.28 Â± 0.71@@40.47,31.19 Â± 1.54 / 65.41 Â± 0.74@@31.19,73.57 Â± 1.24 / 52.20 Â± 2.07@@73.57,65.76 Â± 0.06 / 16.98 Â± 0.22@@65.76,43.45 Â± 0.84 / 57.37 Â± 0.65@@43.45,22.74 Â± 2.46 / 61.25 Â± 1.16@@22.74,16.11.0.dev0@@161100,16.11.0.dev0@@161100,16.11.0.dev0@@161100,16.11.0.dev0@@161100,16.11.0.dev0@@161100,16.11.0.dev0@@161100,16.11.0.dev0@@161100
<a href='https://hf.co/utter-project/EuroLLM-22B-Instruct-Preview'>utter-project/EuroLLM-22B-Instruct-Preview</a>,ğŸ“,2.44@@2.44,22637328384.0,128000.0,4096.0,âœ“,âœ—,96.45 Â± 0.40 / 98.21 Â± 0.21@@96.45,40.27 Â± 0.86 / 36.13 Â± 1.19@@40.27,29.56 Â± 3.51 / 54.53 Â± 3.78@@29.56,71.51 Â± 1.21 / 50.79 Â± 1.48@@71.51,65.88 Â± 0.07 / 16.09 Â± 0.16@@65.88,39.93 Â± 1.16 / 53.94 Â± 0.93@@39.93,21.25 Â± 1.23 / 60.36 Â± 0.68@@21.25,16.8.0.dev0@@160800,16.8.0.dev0@@160800,16.8.0.dev0@@160800,16.8.0.dev0@@160800,16.8.0.dev0@@160800,16.8.0.dev0@@160800,16.8.0.dev0@@160800
<a href='https://hf.co/Qwen/Qwen3-4B'>Qwen/Qwen3-4B#no-thinking</a>,ğŸ“,2.46@@2.46,4022468096.0,151936.0,40960.0,âœ“,âœ—,92.48 Â± 0.96 / 96.21 Â± 0.50@@92.48,38.20 Â± 0.52 / 32.40 Â± 0.65@@38.20,33.65 Â± 1.48 / 65.87 Â± 0.83@@33.65,69.20 Â± 0.92 / 48.66 Â± 1.14@@69.20,65.99 Â± 0.09 / 16.92 Â± 0.21@@65.99,42.43 Â± 0.98 / 56.65 Â± 0.79@@42.43,21.16 Â± 1.76 / 60.47 Â± 0.88@@21.16,16.8.0.dev0@@160800,16.8.0.dev0@@160800,16.8.0.dev0@@160800,16.8.0.dev0@@160800,16.8.0.dev0@@160800,16.8.0.dev0@@160800,16.8.0.dev0@@160800
<a href='https://hf.co/speakleash/Bielik-11B-v3-Base-20250730'>speakleash/Bielik-11B-v3-Base-20250730</a>,ğŸ§ ,2.47@@2.47,11168796672.0,32128.0,32768.0,âœ“,âœ—,75.97 Â± 6.61 / 85.98 Â± 4.35@@75.97,41.92 Â± 1.25 / 39.07 Â± 1.32@@41.92,29.67 Â± 3.49 / 60.25 Â± 3.84@@29.67,76.33 Â± 2.12 / 59.20 Â± 2.59@@76.33,65.27 Â± 0.79 / 20.83 Â± 1.07@@65.27,39.71 Â± 0.73 / 53.92 Â± 0.58@@39.71,24.11 Â± 2.34 / 61.57 Â± 1.45@@24.11,16.10.0@@161000,16.10.0@@161000,16.10.0@@161000,16.10.0@@161000,16.10.0@@161000,16.10.0@@161000,16.10.0@@161000
<a href='https://hf.co/allenai/Olmo-3.1-32B-Instruct-SFT'>allenai/Olmo-3.1-32B-Instruct-SFT</a>,ğŸ“,2.49@@2.49,32233522176.0,100278.0,65536.0,âœ—,âœ—,95.55 Â± 0.32 / 97.75 Â± 0.17@@95.55,45.89 Â± 1.14 / 44.05 Â± 1.32@@45.89,21.27 Â± 2.05 / 56.05 Â± 2.57@@21.27,75.08 Â± 1.64 / 56.31 Â± 1.89@@75.08,65.98 Â± 1.08 / 20.77 Â± 1.19@@65.98,35.57 Â± 1.41 / 51.42 Â± 1.06@@35.57,17.00 Â± 1.07 / 58.43 Â± 0.58@@17.00,16.9.0.dev0@@160900,16.9.0.dev0@@160900,16.9.0.dev0@@160900,16.9.0.dev0@@160900,16.9.0.dev0@@160900,16.9.0.dev0@@160900,16.9.0.dev0@@160900
<a href='https://hf.co/allenai/Olmo-3-1125-32B'>allenai/Olmo-3-1125-32B</a>,ğŸ§ ,2.51@@2.51,32233522176.0,100278.0,65536.0,âœ“,âœ—,86.99 Â± 1.27 / 93.03 Â± 0.73@@86.99,44.86 Â± 1.18 / 43.54 Â± 1.50@@44.86,17.47 Â± 1.24 / 56.18 Â± 2.51@@17.47,80.55 Â± 0.62 / 62.68 Â± 1.14@@80.55,66.25 Â± 0.51 / 20.72 Â± 0.87@@66.25,39.26 Â± 1.09 / 53.93 Â± 0.85@@39.26,17.29 Â± 1.46 / 58.26 Â± 0.87@@17.29,16.8.0.dev0@@160800,16.8.0.dev0@@160800,16.8.0.dev0@@160800,16.8.0.dev0@@160800,16.8.0.dev0@@160800,16.8.0.dev0@@160800,16.8.0.dev0@@160800
<a href='https://hf.co/allenai/Olmo-3.1-32B-Instruct-DPO'>allenai/Olmo-3.1-32B-Instruct-DPO</a>,ğŸ“,2.52@@2.52,32233522176.0,100278.0,65536.0,âœ—,âœ—,95.44 Â± 0.52 / 97.70 Â± 0.27@@95.44,41.64 Â± 0.83 / 37.56 Â± 1.10@@41.64,24.57 Â± 2.44 / 61.67 Â± 1.44@@24.57,73.90 Â± 1.35 / 50.55 Â± 1.73@@73.90,65.56 Â± 0.09 / 16.65 Â± 0.30@@65.56,36.08 Â± 1.22 / 51.85 Â± 0.92@@36.08,19.54 Â± 1.24 / 59.75 Â± 0.62@@19.54,16.9.0.dev0@@160900,16.9.0.dev0@@160900,16.9.0.dev0@@160900,16.9.0.dev0@@160900,16.9.0.dev0@@160900,16.9.0.dev0@@160900,16.9.0.dev0@@160900
<a href='https://hf.co/allenai/Olmo-3.1-32B-Instruct'>allenai/Olmo-3.1-32B-Instruct</a>,ğŸ“,2.52@@2.52,32233522176.0,100278.0,65536.0,âœ—,âœ—,95.35 Â± 0.56 / 97.65 Â± 0.29@@95.35,42.83 Â± 0.73 / 39.15 Â± 0.99@@42.83,24.08 Â± 2.32 / 61.54 Â± 1.46@@24.08,71.88 Â± 1.57 / 50.16 Â± 1.66@@71.88,65.50 Â± 0.09 / 16.70 Â± 0.24@@65.50,34.71 Â± 1.20 / 50.86 Â± 0.88@@34.71,18.64 Â± 1.32 / 59.21 Â± 0.70@@18.64,16.9.0.dev0@@160900,16.9.0.dev0@@160900,16.9.0.dev0@@160900,16.9.0.dev0@@160900,16.9.0.dev0@@160900,16.9.0.dev0@@160900,16.9.0.dev0@@160900
<a href='https://hf.co/allenai/Llama-3.1-Tulu-3-8B-SFT'>allenai/Llama-3.1-Tulu-3-8B-SFT</a>,ğŸ“,2.54@@2.54,8030326784.0,128264.0,131072.0,âœ“,âœ—,93.98 Â± 0.78 / 96.95 Â± 0.41@@93.98,41.58 Â± 1.15 / 40.02 Â± 1.06@@41.58,21.84 Â± 2.20 / 52.03 Â± 2.00@@21.84,71.70 Â± 1.32 / 52.39 Â± 2.39@@71.70,66.83 Â± 0.31 / 22.00 Â± 0.44@@66.83,29.95 Â± 1.16 / 47.30 Â± 0.89@@29.95,14.99 Â± 2.39 / 57.19 Â± 1.06@@14.99,16.9.0.dev0@@160900,16.9.0.dev0@@160900,16.9.0.dev0@@160900,16.9.0.dev0@@160900,16.9.0.dev0@@160900,16.9.0.dev0@@160900,16.9.0.dev0@@160900
<a href='https://hf.co/utter-project/EuroLLM-22B-Preview'>utter-project/EuroLLM-22B-Preview</a>,ğŸ§ ,2.56@@2.56,?,128000.0,4096.0,âœ“,âœ—,42.82 Â± 9.41 / 60.60 Â± 7.93@@42.82,38.65 Â± 1.02 / 38.06 Â± 0.94@@38.65,33.97 Â± 2.48 / 64.92 Â± 2.21@@33.97,73.58 Â± 1.12 / 55.30 Â± 1.03@@73.58,67.45 Â± 0.52 / 23.35 Â± 0.64@@67.45,40.54 Â± 0.89 / 55.11 Â± 0.72@@40.54,21.61 Â± 2.46 / 60.81 Â± 1.19@@21.61,16.8.0.dev0@@160800,16.8.0.dev0@@160800,16.8.0.dev0@@160800,16.8.0.dev0@@160800,16.8.0.dev0@@160800,16.8.0.dev0@@160800,16.8.0.dev0@@160800
<a href='https://hf.co/upstage/SOLAR-10.7B-v1.0'>upstage/SOLAR-10.7B-v1.0</a>,ğŸ§ ,2.63@@2.63,10731524096.0,32000.0,4096.0,âœ“,âœ—,53.20 Â± 9.90 / 68.85 Â± 7.60@@53.20,42.71 Â± 0.75 / 41.42 Â± 0.73@@42.71,15.29 Â± 2.16 / 42.04 Â± 2.71@@15.29,77.57 Â± 0.80 / 59.89 Â± 1.24@@77.57,66.87 Â± 0.47 / 22.18 Â± 0.79@@66.87,30.55 Â± 0.96 / 43.66 Â± 1.22@@30.55,35.59 Â± 1.37 / 64.98 Â± 1.34@@35.59,16.8.0.dev0@@160800,16.8.0.dev0@@160800,16.8.0.dev0@@160800,16.8.0.dev0@@160800,16.8.0.dev0@@160800,16.8.0.dev0@@160800,16.8.0.dev0@@160800
<a href='https://hf.co/deepcogito/cogito-v1-preview-llama-8B'>deepcogito/cogito-v1-preview-llama-8B</a>,ğŸ“,2.63@@2.63,8030261248.0,128256.0,131072.0,âœ“,âœ—,94.67 Â± 0.67 / 97.30 Â± 0.35@@94.67,40.52 Â± 1.01 / 33.36 Â± 0.81@@40.52,33.86 Â± 1.24 / 66.39 Â± 1.05@@33.86,36.00 Â± 5.09 / 5.70 Â± 2.24@@36.00,65.89 Â± 0.09 / 16.73 Â± 0.21@@65.89,43.18 Â± 0.83 / 56.90 Â± 0.69@@43.18,15.00 Â± 2.49 / 57.44 Â± 1.20@@15.00,16.9.0.dev0@@160900,16.9.0.dev0@@160900,16.9.0.dev0@@160900,16.9.0.dev0@@160900,16.9.0.dev0@@160900,16.9.0.dev0@@160900,16.9.0.dev0@@160900
<a href='https://hf.co/meta-llama/Llama-3.1-8B'>meta-llama/Llama-3.1-8B</a>,ğŸ§ ,2.64@@2.64,8030261248.0,128256.0,131072.0,âœ“,âœ—,94.85 Â± 0.90 / 97.37 Â± 0.48@@94.85,40.67 Â± 1.69 / 39.25 Â± 1.62@@40.67,11.80 Â± 5.82 / 41.30 Â± 6.40@@11.80,72.78 Â± 1.71 / 53.97 Â± 2.05@@72.78,66.20 Â± 0.64 / 20.73 Â± 0.88@@66.20,33.80 Â± 1.14 / 50.00 Â± 0.83@@33.80,12.07 Â± 1.87 / 55.28 Â± 1.17@@12.07,16.8.0.dev0@@160800,16.8.0.dev0@@160800,16.8.0.dev0@@160800,16.8.0.dev0@@160800,16.8.0.dev0@@160800,16.8.0.dev0@@160800,16.8.0.dev0@@160800
<a href='https://hf.co/speakleash/Bielik-11B-v2.6-Instruct'>speakleash/Bielik-11B-v2.6-Instruct</a>,ğŸ“,2.67@@2.67,11168796672.0,32128.0,32768.0,âœ“,âœ—,95.67 Â± 0.50 / 97.82 Â± 0.26@@95.67,42.36 Â± 1.34 / 38.35 Â± 1.11@@42.36,25.24 Â± 2.42 / 59.33 Â± 3.03@@25.24,21.97 Â± 0.72 / 0.13 Â± 0.07@@21.97,66.05 Â± 0.07 / 17.00 Â± 0.15@@66.05,37.38 Â± 1.50 / 52.88 Â± 1.13@@37.38,28.29 Â± 1.11 / 64.15 Â± 0.54@@28.29,16.10.0@@161000,16.10.0@@161000,16.10.0@@161000,16.10.0@@161000,16.10.0@@161000,16.10.0@@161000,16.10.0@@161000
<a href='https://hf.co/google/gemma-3-4b-pt'>google/gemma-3-4b-pt</a>,ğŸ§ ,2.69@@2.69,4300079472.0,262144.0,8192.0,âœ“,âœ—,95.51 Â± 0.63 / 97.74 Â± 0.33@@95.51,33.45 Â± 0.97 / 32.71 Â± 0.90@@33.45,18.97 Â± 2.74 / 53.93 Â± 2.85@@18.97,71.92 Â± 1.46 / 53.24 Â± 1.74@@71.92,66.01 Â± 2.20 / 21.17 Â± 2.51@@66.01,34.03 Â± 1.10 / 49.67 Â± 1.03@@34.03,7.81 Â± 2.04 / 53.61 Â± 1.09@@7.81,16.9.0.dev0@@160900,16.9.0.dev0@@160900,16.9.0.dev0@@160900,16.9.0.dev0@@160900,16.9.0.dev0@@160900,16.9.0.dev0@@160900,16.9.0.dev0@@160900
"<a href='https://platform.openai.com/docs/models/gpt-4.1-nano'>gpt-4.1-nano-2025-04-14 (zero-shot, val)</a>",ğŸ“,2.69@@2.69,?,?,1047576.0,âœ“,âœ—,95.46 Â± 0.99 / 97.73 Â± 0.49@@95.46,30.90 Â± 1.17 / 29.24 Â± 0.91@@30.90,30.06 Â± 2.51 / 63.52 Â± 1.39@@30.06,58.12 Â± 1.68 / 27.21 Â± 2.28@@58.12,65.88 Â± 0.22 / 15.59 Â± 0.29@@65.88,44.61 Â± 1.86 / 58.01 Â± 1.51@@44.61,5.48 Â± 3.69 / 57.27 Â± 1.71@@5.48,16.7.1.dev0@@160701,16.7.1.dev0@@160701,16.7.1.dev0@@160701,16.7.1.dev0@@160701,16.7.1.dev0@@160701,16.7.1.dev0@@160701,16.7.1.dev0@@160701
<a href='https://hf.co/ibm-granite/granite-4.0-micro'>ibm-granite/granite-4.0-micro</a>,ğŸ“,2.69@@2.69,3402836480.0,100352.0,131072.0,âœ“,âœ—,92.26 Â± 0.63 / 96.11 Â± 0.32@@92.26,40.11 Â± 0.78 / 36.47 Â± 0.82@@40.11,18.59 Â± 1.88 / 53.95 Â± 2.09@@18.59,64.53 Â± 1.86 / 46.80 Â± 1.52@@64.53,65.89 Â± 0.16 / 18.18 Â± 0.58@@65.89,32.50 Â± 1.39 / 48.90 Â± 1.09@@32.50,9.53 Â± 1.83 / 54.14 Â± 0.98@@9.53,16.8.0.dev0@@160800,16.8.0.dev0@@160800,16.8.0.dev0@@160800,16.8.0.dev0@@160800,16.8.0.dev0@@160800,16.8.0.dev0@@160800,16.8.0.dev0@@160800
<a href='https://hf.co/swiss-ai/Apertus-8B-2509'>swiss-ai/Apertus-8B-2509</a>,ğŸ§ ,2.70@@2.70,8053338176.0,131072.0,65536.0,âœ“,âœ—,95.70 Â± 0.90 / 97.82 Â± 0.47@@95.70,25.44 Â± 2.11 / 24.90 Â± 1.79@@25.44,25.05 Â± 2.55 / 57.84 Â± 3.99@@25.05,69.83 Â± 1.67 / 49.61 Â± 2.25@@69.83,65.64 Â± 1.74 / 20.29 Â± 2.14@@65.64,39.04 Â± 1.00 / 54.07 Â± 0.80@@39.04,11.46 Â± 2.38 / 55.51 Â± 1.24@@11.46,16.10.1.dev0@@161001,16.10.1.dev0@@161001,16.10.1.dev0@@161001,16.10.1.dev0@@161001,16.10.1.dev0@@161001,16.10.1.dev0@@161001,16.10.1.dev0@@161001
<a href='https://hf.co/nvidia/NVIDIA-Nemotron-3-Nano-30B-A3B-BF16'>nvidia/NVIDIA-Nemotron-3-Nano-30B-A3B-BF16#no-thinking</a>,ğŸ“,2.70@@2.70,31577937344.0,131072.0,262144.0,âœ“,âœ—,91.90 Â± 0.86 / 95.90 Â± 0.47@@91.90,37.04 Â± 0.99 / 30.20 Â± 0.73@@37.04,20.00 Â± 1.61 / 59.54 Â± 1.05@@20.00,71.17 Â± 0.99 / 52.60 Â± 1.22@@71.17,64.63 Â± 0.13 / 14.92 Â± 0.27@@64.63,37.33 Â± 0.95 / 52.74 Â± 0.67@@37.33,7.14 Â± 1.82 / 53.64 Â± 0.95@@7.14,16.10.0.dev0@@161000,16.10.0.dev0@@161000,16.10.0.dev0@@161000,16.10.0.dev0@@161000,16.10.0.dev0@@161000,16.10.0.dev0@@161000,16.10.0.dev0@@161000
<a href='https://hf.co/meta-llama/Llama-3.1-8B-Instruct'>meta-llama/Llama-3.1-8B-Instruct</a>,ğŸ“,2.72@@2.72,8030261248.0,128256.0,131072.0,âœ“,âœ—,94.60 Â± 1.20 / 97.26 Â± 0.64@@94.60,43.56 Â± 0.95 / 36.45 Â± 1.12@@43.56,20.32 Â± 2.19 / 52.22 Â± 2.37@@20.32,36.93 Â± 5.48 / 12.64 Â± 4.43@@36.93,65.67 Â± 0.21 / 16.31 Â± 0.33@@65.67,35.65 Â± 1.31 / 51.32 Â± 0.99@@35.65,18.38 Â± 2.27 / 58.50 Â± 0.98@@18.38,16.8.0.dev0@@160800,16.8.0.dev0@@160800,16.8.0.dev0@@160800,16.8.0.dev0@@160800,16.8.0.dev0@@160800,16.8.0.dev0@@160800,16.8.0.dev0@@160800
<a href='https://hf.co/BSC-LT/ALIA-40b'>BSC-LT/ALIA-40b</a>,ğŸ§ ,2.74@@2.74,40433885184.0,256000.0,32768.0,âœ“,âœ—,95.13 Â± 1.84 / 97.49 Â± 1.00@@95.13,34.68 Â± 1.87 / 33.98 Â± 1.77@@34.68,3.84 Â± 3.20 / 34.27 Â± 1.16@@3.84,73.24 Â± 1.01 / 54.12 Â± 1.08@@73.24,65.10 Â± 1.14 / 21.10 Â± 1.67@@65.10,38.08 Â± 0.67 / 51.62 Â± 0.89@@38.08,11.93 Â± 1.38 / 53.74 Â± 0.84@@11.93,16.8.0.dev0@@160800,16.8.0.dev0@@160800,16.8.0.dev0@@160800,16.8.0.dev0@@160800,16.8.0.dev0@@160800,16.8.0.dev0@@160800,16.8.0.dev0@@160800
<a href='https://hf.co/baidu/ERNIE-4.5-21B-A3B-PT'>baidu/ERNIE-4.5-21B-A3B-PT</a>,ğŸ“,2.77@@2.77,21948655808.0,103424.0,131072.0,âœ“,âœ—,87.79 Â± 2.36 / 93.57 Â± 1.38@@87.79,34.80 Â± 0.83 / 31.45 Â± 0.89@@34.80,13.95 Â± 1.52 / 46.49 Â± 2.35@@13.95,71.05 Â± 1.22 / 52.29 Â± 1.85@@71.05,65.33 Â± 0.18 / 15.73 Â± 0.28@@65.33,35.70 Â± 1.03 / 51.65 Â± 0.76@@35.70,8.82 Â± 3.28 / 54.44 Â± 1.60@@8.82,16.8.0.dev0@@160800,16.8.0.dev0@@160800,16.8.0.dev0@@160800,16.8.0.dev0@@160800,16.8.0.dev0@@160800,16.8.0.dev0@@160800,16.8.0.dev0@@160800
<a href='https://hf.co/speakleash/Bielik-4.5B-v3.0-Instruct'>speakleash/Bielik-4.5B-v3.0-Instruct</a>,ğŸ“,2.77@@2.77,4757260288.0,32000.0,32768.0,âœ“,âœ—,92.56 Â± 0.81 / 96.24 Â± 0.43@@92.56,38.00 Â± 0.65 / 32.74 Â± 0.93@@38.00,13.96 Â± 1.53 / 45.55 Â± 1.70@@13.96,64.97 Â± 1.03 / 45.53 Â± 0.89@@64.97,64.15 Â± 0.27 / 15.88 Â± 0.41@@64.15,29.86 Â± 1.98 / 47.36 Â± 1.49@@29.86,17.07 Â± 1.56 / 58.03 Â± 0.97@@17.07,16.11.0.dev0@@161100,16.11.0.dev0@@161100,16.11.0.dev0@@161100,16.11.0.dev0@@161100,16.11.0.dev0@@161100,16.11.0.dev0@@161100,16.11.0.dev0@@161100
<a href='https://hf.co/ibm-granite/granite-4.0-h-micro'>ibm-granite/granite-4.0-h-micro</a>,ğŸ“,2.77@@2.77,3191396096.0,100352.0,131072.0,âœ“,âœ—,92.94 Â± 0.60 / 96.44 Â± 0.32@@92.94,38.19 Â± 0.51 / 35.84 Â± 0.74@@38.19,13.38 Â± 2.23 / 51.95 Â± 2.71@@13.38,67.17 Â± 1.76 / 46.51 Â± 1.79@@67.17,65.78 Â± 0.11 / 17.33 Â± 0.32@@65.78,30.50 Â± 1.09 / 47.58 Â± 0.82@@30.50,3.81 Â± 1.80 / 49.59 Â± 0.83@@3.81,16.8.0.dev0@@160800,16.8.0.dev0@@160800,16.8.0.dev0@@160800,16.8.0.dev0@@160800,16.8.0.dev0@@160800,16.8.0.dev0@@160800,16.8.0.dev0@@160800
<a href='https://hf.co/swiss-ai/Apertus-70B-Instruct-2509'>swiss-ai/Apertus-70B-Instruct-2509</a>,ğŸ“,2.77@@2.77,70599864480.0,131072.0,65536.0,âœ—,âœ—,93.32 Â± 2.53 / 96.51 Â± 1.38@@93.32,40.96 Â± 1.06 / 30.96 Â± 0.82@@40.96,0.00 Â± 0.00 / 33.30 Â± 0.27@@0.00,54.46 Â± 8.59 / 36.18 Â± 7.50@@54.46,64.48 Â± 0.36 / 15.73 Â± 0.32@@64.48,39.55 Â± 0.79 / 53.39 Â± 0.65@@39.55,20.61 Â± 3.16 / 57.97 Â± 1.69@@20.61,16.8.0.dev0@@160800,16.8.0.dev0@@160800,16.8.0.dev0@@160800,16.8.0.dev0@@160800,16.8.0.dev0@@160800,16.8.0.dev0@@160800,16.8.0.dev0@@160800
<a href='https://hf.co/google/gemma-3-4b-it'>google/gemma-3-4b-it</a>,ğŸ“,2.79@@2.79,4300079472.0,262144.0,8192.0,âœ“,âœ—,93.87 Â± 0.76 / 96.87 Â± 0.41@@93.87,42.18 Â± 0.67 / 34.76 Â± 0.71@@42.18,29.42 Â± 1.84 / 63.90 Â± 1.01@@29.42,21.04 Â± 0.82 / 0.40 Â± 0.25@@21.04,65.91 Â± 0.06 / 17.10 Â± 0.25@@65.91,31.65 Â± 1.19 / 48.34 Â± 0.98@@31.65,14.48 Â± 2.92 / 57.20 Â± 1.38@@14.48,16.9.0.dev0@@160900,16.9.0.dev0@@160900,16.9.0.dev0@@160900,16.9.0.dev0@@160900,16.9.0.dev0@@160900,16.9.0.dev0@@160900,16.9.0.dev0@@160900
<a href='https://hf.co/kurakurai/Luth-1.7B-Instruct'>kurakurai/Luth-1.7B-Instruct</a>,ğŸ“,2.83@@2.83,1720574976.0,151936.0,40960.0,âœ—,âœ—,89.43 Â± 0.46 / 94.65 Â± 0.26@@89.43,35.08 Â± 0.68 / 31.28 Â± 0.74@@35.08,17.85 Â± 0.95 / 57.62 Â± 1.03@@17.85,66.71 Â± 1.17 / 42.88 Â± 1.57@@66.71,65.51 Â± 0.07 / 16.02 Â± 0.10@@65.51,25.84 Â± 1.25 / 44.06 Â± 0.99@@25.84,5.81 Â± 1.98 / 52.53 Â± 0.89@@5.81,16.8.0.dev0@@160800,16.8.0.dev0@@160800,16.8.0.dev0@@160800,16.8.0.dev0@@160800,16.8.0.dev0@@160800,16.8.0.dev0@@160800,16.8.0.dev0@@160800
<a href='https://hf.co/Qwen/Qwen3-1.7B'>Qwen/Qwen3-1.7B#no-thinking</a>,ğŸ“,2.87@@2.87,2031739904.0,151936.0,40960.0,âœ“,âœ—,87.95 Â± 0.72 / 93.90 Â± 0.38@@87.95,33.69 Â± 0.69 / 29.37 Â± 0.75@@33.69,20.00 Â± 1.11 / 56.90 Â± 2.72@@20.00,63.38 Â± 1.29 / 43.71 Â± 1.27@@63.38,65.31 Â± 0.11 / 15.67 Â± 0.16@@65.31,24.45 Â± 1.07 / 43.22 Â± 0.81@@24.45,4.08 Â± 1.71 / 51.68 Â± 0.79@@4.08,16.9.0.dev0@@160900,16.9.0.dev0@@160900,16.9.0.dev0@@160900,16.9.0.dev0@@160900,16.9.0.dev0@@160900,16.9.0.dev0@@160900,16.9.0.dev0@@160900
<a href='https://hf.co/allenai/Olmo-3-1025-7B'>allenai/Olmo-3-1025-7B</a>,ğŸ§ ,2.87@@2.87,7298011136.0,100278.0,65536.0,âœ“,âœ—,93.24 Â± 0.56 / 96.59 Â± 0.30@@93.24,36.19 Â± 1.13 / 31.79 Â± 1.12@@36.19,12.08 Â± 2.14 / 55.26 Â± 1.32@@12.08,70.82 Â± 1.01 / 52.78 Â± 1.54@@70.82,64.21 Â± 0.70 / 18.05 Â± 0.85@@64.21,21.00 Â± 1.01 / 40.41 Â± 0.81@@21.00,5.74 Â± 2.10 / 51.59 Â± 0.97@@5.74,16.9.0.dev0@@160900,16.9.0.dev0@@160900,16.9.0.dev0@@160900,16.9.0.dev0@@160900,16.9.0.dev0@@160900,16.9.0.dev0@@160900,16.9.0.dev0@@160900
<a href='https://hf.co/occiglot/occiglot-7b-eu5-instruct'>occiglot/occiglot-7b-eu5-instruct</a>,ğŸ“,2.93@@2.93,7241748480.0,32002.0,32768.0,âœ—,âœ—,90.70 Â± 1.50 / 95.20 Â± 0.83@@90.70,35.77 Â± 0.98 / 34.45 Â± 0.93@@35.77,8.96 Â± 2.08 / 50.67 Â± 2.60@@8.96,70.61 Â± 1.01 / 48.88 Â± 1.84@@70.61,65.54 Â± 0.14 / 18.02 Â± 0.27@@65.54,15.87 Â± 1.22 / 35.91 Â± 1.01@@15.87,1.77 Â± 1.92 / 49.74 Â± 0.83@@1.77,16.8.0.dev0@@160800,16.8.0.dev0@@160800,16.8.0.dev0@@160800,16.8.0.dev0@@160800,16.8.0.dev0@@160800,16.8.0.dev0@@160800,16.8.0.dev0@@160800
<a href='https://hf.co/utter-project/EuroLLM-9B-Instruct'>utter-project/EuroLLM-9B-Instruct</a>,ğŸ“,2.95@@2.95,9152319488.0,128000.0,4096.0,âœ—,âœ—,95.47 Â± 0.93 / 97.71 Â± 0.48@@95.47,37.37 Â± 0.98 / 33.82 Â± 1.63@@37.37,16.64 Â± 2.75 / 42.61 Â± 2.83@@16.64,20.73 Â± 0.84 / 0.02 Â± 0.04@@20.73,64.74 Â± 0.17 / 14.21 Â± 0.09@@64.74,31.36 Â± 0.94 / 48.37 Â± 0.75@@31.36,14.40 Â± 3.43 / 56.15 Â± 1.78@@14.40,16.8.0.dev0@@160800,16.8.0.dev0@@160800,16.8.0.dev0@@160800,16.8.0.dev0@@160800,16.8.0.dev0@@160800,16.8.0.dev0@@160800,16.8.0.dev0@@160800
<a href='https://hf.co/openai/gpt-oss-20b'>openai/gpt-oss-20b#high</a>,ğŸ¤”,2.98@@2.98,21511953984.0,201088.0,131072.0,âœ“,âœ—,93.90 Â± 0.61 / 96.95 Â± 0.30@@93.90,20.67 Â± 1.18 / 18.72 Â± 1.07@@20.67,29.36 Â± 2.21 / 64.63 Â± 1.13@@29.36,59.69 Â± 1.02 / 37.01 Â± 1.64@@59.69,50.17 Â± 1.38 / 10.86 Â± 0.31@@50.17,65.43 Â± 2.32 / 73.13 Â± 1.99@@65.43,33.89 Â± 1.93 / 66.68 Â± 1.02@@33.89,16.8.0.dev0@@160800,16.8.0.dev0@@160800,16.8.0.dev0@@160800,16.8.0.dev0@@160800,16.8.0.dev0@@160800,16.8.0.dev0@@160800,16.8.0.dev0@@160800
<a href='https://hf.co/utter-project/EuroLLM-9B'>utter-project/EuroLLM-9B</a>,ğŸ§ ,2.98@@2.98,9152319488.0,128000.0,4096.0,âœ“,âœ—,28.19 Â± 9.92 / 49.63 Â± 7.30@@28.19,34.35 Â± 1.35 / 32.34 Â± 1.27@@34.35,16.77 Â± 2.75 / 48.92 Â± 3.42@@16.77,70.45 Â± 1.09 / 52.86 Â± 1.41@@70.45,66.47 Â± 1.55 / 21.58 Â± 1.77@@66.47,30.33 Â± 0.80 / 47.22 Â± 0.76@@30.33,13.79 Â± 1.88 / 56.37 Â± 0.84@@13.79,16.8.0.dev0@@160800,16.8.0.dev0@@160800,16.8.0.dev0@@160800,16.8.0.dev0@@160800,16.8.0.dev0@@160800,16.8.0.dev0@@160800,16.8.0.dev0@@160800
<a href='https://hf.co/allenai/Olmo-3-7B-Instruct-DPO'>allenai/Olmo-3-7B-Instruct-DPO</a>,ğŸ“,3.03@@3.03,7298011136.0,100278.0,65536.0,âœ—,âœ—,85.88 Â± 0.78 / 92.80 Â± 0.41@@85.88,35.12 Â± 1.02 / 34.02 Â± 0.96@@35.12,11.99 Â± 1.70 / 50.67 Â± 1.95@@11.99,59.89 Â± 1.31 / 39.11 Â± 1.58@@59.89,64.01 Â± 0.11 / 15.08 Â± 0.27@@64.01,13.39 Â± 1.14 / 34.94 Â± 0.84@@13.39,3.39 Â± 2.34 / 51.90 Â± 1.22@@3.39,16.9.0.dev0@@160900,16.9.0.dev0@@160900,16.9.0.dev0@@160900,16.9.0.dev0@@160900,16.9.0.dev0@@160900,16.9.0.dev0@@160900,16.9.0.dev0@@160900
<a href='https://hf.co/ibm-granite/granite-4.0-h-tiny'>ibm-granite/granite-4.0-h-tiny</a>,ğŸ“,3.03@@3.03,6939037248.0,100352.0,131072.0,âœ“,âœ—,94.18 Â± 0.72 / 97.08 Â± 0.36@@94.18,36.88 Â± 1.07 / 33.42 Â± 1.08@@36.88,9.16 Â± 2.14 / 46.01 Â± 0.85@@9.16,25.93 Â± 1.92 / 4.18 Â± 2.20@@25.93,65.56 Â± 0.55 / 17.24 Â± 0.71@@65.56,28.31 Â± 3.07 / 45.02 Â± 2.65@@28.31,3.07 Â± 2.97 / 51.89 Â± 1.38@@3.07,16.8.0.dev0@@160800,16.8.0.dev0@@160800,16.8.0.dev0@@160800,16.8.0.dev0@@160800,16.8.0.dev0@@160800,16.8.0.dev0@@160800,16.8.0.dev0@@160800
<a href='https://hf.co/occiglot/occiglot-7b-eu5'>occiglot/occiglot-7b-eu5</a>,ğŸ§ ,3.03@@3.03,7241732096.0,32000.0,32768.0,âœ“,âœ—,84.93 Â± 4.11 / 91.76 Â± 2.48@@84.93,32.69 Â± 1.16 / 32.76 Â± 1.20@@32.69,3.43 Â± 1.39 / 45.26 Â± 4.51@@3.43,71.54 Â± 1.09 / 54.55 Â± 0.95@@71.54,65.64 Â± 0.53 / 20.28 Â± 0.92@@65.64,13.22 Â± 1.13 / 28.31 Â± 0.68@@13.22,0.28 Â± 1.46 / 49.15 Â± 0.73@@0.28,16.8.0.dev0@@160800,16.8.0.dev0@@160800,16.8.0.dev0@@160800,16.8.0.dev0@@160800,16.8.0.dev0@@160800,16.8.0.dev0@@160800,16.8.0.dev0@@160800
<a href='https://hf.co/allenai/Olmo-3-7B-Instruct'>allenai/Olmo-3-7B-Instruct</a>,ğŸ“,3.03@@3.03,7298011136.0,100278.0,65536.0,âœ—,âœ—,86.26 Â± 0.94 / 92.97 Â± 0.52@@86.26,34.87 Â± 1.04 / 33.91 Â± 0.99@@34.87,12.24 Â± 2.10 / 51.91 Â± 2.07@@12.24,59.51 Â± 1.18 / 40.64 Â± 1.12@@59.51,64.14 Â± 0.08 / 15.64 Â± 0.24@@64.14,13.80 Â± 1.16 / 35.20 Â± 0.85@@13.80,3.38 Â± 3.29 / 51.92 Â± 1.44@@3.38,16.9.0.dev0@@160900,16.9.0.dev0@@160900,16.9.0.dev0@@160900,16.9.0.dev0@@160900,16.9.0.dev0@@160900,16.9.0.dev0@@160900,16.9.0.dev0@@160900
<a href='https://hf.co/arcee-ai/AFM-4.5B-Base'>arcee-ai/AFM-4.5B-Base</a>,ğŸ§ ,3.11@@3.11,4619184640.0,128004.0,65536.0,âœ“,âœ—,88.79 Â± 0.75 / 94.33 Â± 0.39@@88.79,30.95 Â± 1.11 / 29.48 Â± 0.96@@30.95,6.60 Â± 1.90 / 38.98 Â± 2.91@@6.60,60.62 Â± 1.04 / 44.90 Â± 1.65@@60.62,62.98 Â± 1.01 / 16.02 Â± 0.89@@62.98,19.59 Â± 1.45 / 39.50 Â± 1.05@@19.59,2.17 Â± 2.54 / 50.05 Â± 1.25@@2.17,16.10.1.dev0@@161001,16.10.1.dev0@@161001,16.10.1.dev0@@161001,16.10.1.dev0@@161001,16.10.1.dev0@@161001,16.10.1.dev0@@161001,16.10.1.dev0@@161001
<a href='https://hf.co/HuggingFaceTB/SmolLM3-3B-Base'>HuggingFaceTB/SmolLM3-3B-Base</a>,ğŸ§ ,3.12@@3.12,3075098624.0,128256.0,65536.0,âœ“,âœ—,92.05 Â± 0.88 / 95.97 Â± 0.46@@92.05,33.54 Â± 1.68 / 32.69 Â± 1.51@@33.54,7.42 Â± 3.29 / 45.13 Â± 5.11@@7.42,65.10 Â± 1.42 / 48.14 Â± 0.88@@65.10,60.35 Â± 1.97 / 15.30 Â± 1.80@@60.35,20.89 Â± 0.64 / 39.95 Â± 0.54@@20.89,-1.30 Â± 3.97 / 49.47 Â± 1.34@@-1.30,16.9.0.dev0@@160900,16.9.0.dev0@@160900,16.9.0.dev0@@160900,16.9.0.dev0@@160900,16.9.0.dev0@@160900,16.9.0.dev0@@160900,16.9.0.dev0@@160900
<a href='https://hf.co/deepcogito/cogito-v1-preview-llama-3B'>deepcogito/cogito-v1-preview-llama-3B</a>,ğŸ“,3.17@@3.17,3606752256.0,128256.0,131072.0,âœ“,âœ—,88.99 Â± 2.02 / 94.26 Â± 1.16@@88.99,38.96 Â± 0.97 / 37.25 Â± 0.91@@38.96,17.80 Â± 3.54 / 51.76 Â± 5.23@@17.80,14.15 Â± 0.96 / 0.02 Â± 0.04@@14.15,64.67 Â± 0.16 / 14.52 Â± 0.10@@64.67,18.90 Â± 2.70 / 38.19 Â± 2.29@@18.90,-0.27 Â± 2.26 / 49.40 Â± 0.93@@-0.27,16.9.0.dev0@@160900,16.9.0.dev0@@160900,16.9.0.dev0@@160900,16.9.0.dev0@@160900,16.9.0.dev0@@160900,16.9.0.dev0@@160900,16.9.0.dev0@@160900
<a href='https://hf.co/HuggingFaceTB/SmolLM3-3B'>HuggingFaceTB/SmolLM3-3B#no-thinking</a>,ğŸ“,3.18@@3.18,3075098624.0,128256.0,65536.0,âœ“,âœ—,87.44 Â± 0.98 / 93.60 Â± 0.54@@87.44,35.27 Â± 0.82 / 34.35 Â± 0.87@@35.27,12.41 Â± 1.99 / 53.81 Â± 0.95@@12.41,22.70 Â± 0.99 / 0.47 Â± 0.24@@22.70,64.43 Â± 0.70 / 15.05 Â± 0.44@@64.43,18.78 Â± 1.11 / 38.45 Â± 0.85@@18.78,3.20 Â± 2.75 / 51.16 Â± 1.40@@3.20,16.8.0.dev0@@160800,16.8.0.dev0@@160800,16.8.0.dev0@@160800,16.8.0.dev0@@160800,16.8.0.dev0@@160800,16.8.0.dev0@@160800,16.8.0.dev0@@160800
<a href='https://hf.co/meta-llama/Llama-3.2-3B-Instruct'>meta-llama/Llama-3.2-3B-Instruct</a>,ğŸ“,3.19@@3.19,3212749824.0,128256.0,131072.0,âœ“,âœ—,88.61 Â± 1.13 / 94.10 Â± 0.62@@88.61,42.03 Â± 0.80 / 37.10 Â± 0.91@@42.03,8.22 Â± 2.00 / 39.24 Â± 2.51@@8.22,12.09 Â± 0.86 / 0.02 Â± 0.04@@12.09,65.02 Â± 0.33 / 16.34 Â± 0.50@@65.02,18.03 Â± 0.96 / 37.80 Â± 0.82@@18.03,3.57 Â± 3.22 / 50.98 Â± 1.50@@3.57,16.8.0.dev0@@160800,16.8.0.dev0@@160800,16.8.0.dev0@@160800,16.8.0.dev0@@160800,16.8.0.dev0@@160800,16.8.0.dev0@@160800,16.8.0.dev0@@160800
<a href='https://hf.co/allenai/Olmo-3-7B-Instruct-SFT'>allenai/Olmo-3-7B-Instruct-SFT</a>,ğŸ“,3.21@@3.21,7298011136.0,100278.0,65536.0,âœ—,âœ—,81.35 Â± 1.51 / 90.03 Â± 0.98@@81.35,32.21 Â± 1.19 / 31.50 Â± 1.17@@32.21,8.61 Â± 1.46 / 46.47 Â± 1.72@@8.61,59.29 Â± 1.57 / 40.40 Â± 1.14@@59.29,61.71 Â± 0.93 / 16.60 Â± 0.66@@61.71,11.13 Â± 1.66 / 33.22 Â± 1.21@@11.13,0.34 Â± 2.73 / 50.36 Â± 1.30@@0.34,16.9.0.dev0@@160900,16.9.0.dev0@@160900,16.9.0.dev0@@160900,16.9.0.dev0@@160900,16.9.0.dev0@@160900,16.9.0.dev0@@160900,16.9.0.dev0@@160900
<a href='https://hf.co/arcee-ai/Trinity-Nano-Preview'>arcee-ai/Trinity-Nano-Preview</a>,ğŸ“,3.22@@3.22,6120003328.0,200192.0,131072.0,âœ“,âœ—,64.64 Â± 9.34 / 79.83 Â± 6.49@@64.64,36.83 Â± 0.84 / 35.33 Â± 0.90@@36.83,0.89 Â± 0.75 / 33.82 Â± 0.73@@0.89,52.11 Â± 2.20 / 33.77 Â± 2.33@@52.11,64.75 Â± 0.10 / 14.60 Â± 0.21@@64.75,13.30 Â± 1.95 / 34.35 Â± 1.38@@13.30,2.26 Â± 2.59 / 51.15 Â± 1.30@@2.26,16.10.1.dev0@@161001,16.10.1.dev0@@161001,16.10.1.dev0@@161001,16.10.1.dev0@@161001,16.10.1.dev0@@161001,16.10.1.dev0@@161001,16.10.1.dev0@@161001
<a href='https://hf.co/BSC-LT/salamandra-7b'>BSC-LT/salamandra-7b</a>,ğŸ§ ,3.23@@3.23,7768117248.0,256000.0,8192.0,âœ“,âœ—,94.77 Â± 0.64 / 97.38 Â± 0.32@@94.77,20.75 Â± 0.62 / 20.53 Â± 0.67@@20.75,1.79 Â± 1.09 / 34.24 Â± 1.53@@1.79,58.15 Â± 1.52 / 41.23 Â± 1.76@@58.15,65.12 Â± 0.64 / 17.36 Â± 1.02@@65.12,9.88 Â± 1.16 / 30.90 Â± 1.23@@9.88,2.09 Â± 2.18 / 50.91 Â± 1.12@@2.09,16.9.0.dev0@@160900,16.9.0.dev0@@160900,16.9.0.dev0@@160900,16.9.0.dev0@@160900,16.9.0.dev0@@160900,16.9.0.dev0@@160900,16.9.0.dev0@@160900
<a href='https://hf.co/swiss-ai/Apertus-8B-Instruct-2509'>swiss-ai/Apertus-8B-Instruct-2509</a>,ğŸ“,3.27@@3.27,8053338176.0,131072.0,65536.0,âœ—,âœ—,94.67 Â± 1.59 / 97.27 Â± 0.86@@94.67,36.00 Â± 1.56 / 31.74 Â± 1.48@@36.00,0.00 Â± 0.00 / 33.30 Â± 0.27@@0.00,12.25 Â± 0.64 / 0.07 Â± 0.07@@12.25,64.15 Â± 0.31 / 14.53 Â± 0.22@@64.15,29.31 Â± 0.96 / 46.33 Â± 0.70@@29.31,0.70 Â± 0.95 / 49.18 Â± 0.78@@0.70,16.10.1.dev0@@161001,16.10.1.dev0@@161001,16.10.1.dev0@@161001,16.10.1.dev0@@161001,16.10.1.dev0@@161001,16.10.1.dev0@@161001,16.10.1.dev0@@161001
<a href='https://hf.co/arcee-ai/AFM-4.5B'>arcee-ai/AFM-4.5B</a>,ğŸ“,3.27@@3.27,4619189760.0,128005.0,65536.0,âœ“,âœ—,86.54 Â± 0.75 / 93.24 Â± 0.38@@86.54,33.82 Â± 0.76 / 31.00 Â± 0.66@@33.82,10.26 Â± 1.89 / 53.97 Â± 1.21@@10.26,17.96 Â± 0.86 / 0.29 Â± 0.13@@17.96,63.32 Â± 0.13 / 13.92 Â± 0.16@@63.32,19.11 Â± 0.84 / 39.04 Â± 0.58@@19.11,4.94 Â± 2.13 / 52.30 Â± 1.10@@4.94,16.10.1.dev0@@161001,16.10.1.dev0@@161001,16.10.1.dev0@@161001,16.10.1.dev0@@161001,16.10.1.dev0@@161001,16.10.1.dev0@@161001,16.10.1.dev0@@161001
<a href='https://hf.co/Qwen/Qwen2.5-1.5B-Instruct'>Qwen/Qwen2.5-1.5B-Instruct</a>,ğŸ“,3.27@@3.27,1543714304.0,151936.0,32768.0,âœ“,âœ—,81.67 Â± 1.20 / 90.60 Â± 0.67@@81.67,34.66 Â± 0.53 / 30.77 Â± 0.72@@34.66,7.17 Â± 1.58 / 50.56 Â± 1.95@@7.17,25.54 Â± 1.59 / 1.80 Â± 0.38@@25.54,61.64 Â± 0.85 / 12.04 Â± 1.22@@61.64,21.58 Â± 0.76 / 41.10 Â± 0.62@@21.58,5.52 Â± 2.13 / 52.89 Â± 1.05@@5.52,16.8.0.dev0@@160800,16.8.0.dev0@@160800,16.8.0.dev0@@160800,16.8.0.dev0@@160800,16.8.0.dev0@@160800,16.8.0.dev0@@160800,16.8.0.dev0@@160800
<a href='https://hf.co/BSC-LT/salamandra-7b-instruct'>BSC-LT/salamandra-7b-instruct</a>,ğŸ“,3.35@@3.35,7768117248.0,256000.0,8192.0,âœ“,âœ—,94.34 Â± 0.70 / 97.15 Â± 0.37@@94.34,25.40 Â± 1.16 / 24.46 Â± 1.10@@25.40,8.53 Â± 1.38 / 47.07 Â± 1.70@@8.53,17.25 Â± 0.47 / 0.02 Â± 0.04@@17.25,61.64 Â± 0.22 / 9.37 Â± 0.19@@61.64,18.44 Â± 1.81 / 38.28 Â± 1.36@@18.44,9.74 Â± 2.73 / 53.71 Â± 1.26@@9.74,16.9.0.dev0@@160900,16.9.0.dev0@@160900,16.9.0.dev0@@160900,16.9.0.dev0@@160900,16.9.0.dev0@@160900,16.9.0.dev0@@160900,16.9.0.dev0@@160900
<a href='https://hf.co/LiquidAI/LFM2-2.6B'>LiquidAI/LFM2-2.6B</a>,ğŸ“,3.36@@3.36,2569272320.0,65536.0,128000.0,âœ—,âœ—,65.83 Â± 3.85 / 81.50 Â± 2.60@@65.83,32.78 Â± 1.05 / 29.99 Â± 0.98@@32.78,4.78 Â± 1.28 / 43.80 Â± 2.66@@4.78,29.85 Â± 5.06 / 15.06 Â± 4.39@@29.85,63.72 Â± 0.15 / 14.05 Â± 0.22@@63.72,14.60 Â± 0.89 / 35.35 Â± 0.79@@14.60,2.80 Â± 1.50 / 50.31 Â± 0.88@@2.80,16.8.0.dev0@@160800,16.8.0.dev0@@160800,16.8.0.dev0@@160800,16.8.0.dev0@@160800,16.8.0.dev0@@160800,16.8.0.dev0@@160800,16.8.0.dev0@@160800
<a href='https://hf.co/arcee-ai/Trinity-Mini-Base'>arcee-ai/Trinity-Mini-Base</a>,ğŸ“,3.37@@3.37,26123974400.0,200192.0,131072.0,âœ“,âœ—,70.43 Â± 10.15 / 81.99 Â± 7.22@@70.43,38.87 Â± 0.97 / 33.33 Â± 1.31@@38.87,4.26 Â± 2.51 / 38.78 Â± 4.43@@4.26,11.56 Â± 1.69 / 1.42 Â± 0.52@@11.56,64.18 Â± 0.33 / 15.97 Â± 0.43@@64.18,12.39 Â± 2.03 / 29.91 Â± 1.95@@12.39,2.10 Â± 2.33 / 49.84 Â± 1.14@@2.10,16.11.0.dev0@@161100,16.11.0.dev0@@161100,16.11.0.dev0@@161100,16.11.0.dev0@@161100,16.11.0.dev0@@161100,16.11.0.dev0@@161100,16.11.0.dev0@@161100
<a href='https://hf.co/TrustLLMeu/baseline-7-8b_2-3t-tokens_llama'>TrustLLMeu/baseline-7-8b_2-3t-tokens_llama</a>,ğŸ§ ,3.38@@3.38,7799574528.0,100096.0,4096.0,âœ“,âœ—,73.97 Â± 4.57 / 85.16 Â± 3.14@@73.97,29.77 Â± 2.24 / 29.48 Â± 2.14@@29.77,0.19 Â± 0.75 / 34.23 Â± 1.26@@0.19,51.36 Â± 1.56 / 37.64 Â± 1.54@@51.36,63.65 Â± 1.66 / 18.24 Â± 1.84@@63.65,2.82 Â± 1.17 / 24.17 Â± 0.66@@2.82,0.00 Â± 0.00 / 49.12 Â± 0.75@@0.00,16.9.0.dev0@@160900,16.9.0.dev0@@160900,16.9.0.dev0@@160900,16.9.0.dev0@@160900,16.9.0.dev0@@160900,16.9.0.dev0@@160900,16.9.0.dev0@@160900
<a href='https://hf.co/Qwen/Qwen3-0.6B'>Qwen/Qwen3-0.6B#no-thinking</a>,ğŸ“,3.38@@3.38,751632384.0,151936.0,40960.0,âœ“,âœ—,65.36 Â± 4.17 / 80.47 Â± 3.41@@65.36,28.24 Â± 0.83 / 27.04 Â± 0.94@@28.24,1.96 Â± 1.45 / 42.10 Â± 4.13@@1.96,43.80 Â± 1.92 / 27.85 Â± 1.45@@43.80,63.92 Â± 0.21 / 15.17 Â± 0.33@@63.92,8.57 Â± 1.26 / 30.47 Â± 1.14@@8.57,1.17 Â± 2.80 / 49.73 Â± 1.36@@1.17,16.9.0.dev0@@160900,16.9.0.dev0@@160900,16.9.0.dev0@@160900,16.9.0.dev0@@160900,16.9.0.dev0@@160900,16.9.0.dev0@@160900,16.9.0.dev0@@160900
<a href='https://hf.co/speakleash/Bielik-1.5B-v3.0-Instruct'>speakleash/Bielik-1.5B-v3.0-Instruct</a>,ğŸ“,3.39@@3.39,1596507648.0,32000.0,8192.0,âœ“,âœ—,45.78 Â± 5.72 / 63.33 Â± 4.78@@45.78,33.52 Â± 0.36 / 30.92 Â± 0.52@@33.52,0.86 Â± 1.64 / 33.70 Â± 0.57@@0.86,54.17 Â± 1.37 / 38.18 Â± 1.60@@54.17,61.97 Â± 1.11 / 13.94 Â± 0.74@@61.97,14.30 Â± 0.64 / 35.32 Â± 0.65@@14.30,0.90 Â± 1.67 / 50.84 Â± 0.65@@0.90,16.11.0.dev0@@161100,16.11.0.dev0@@161100,16.11.0.dev0@@161100,16.11.0.dev0@@161100,16.11.0.dev0@@161100,16.11.0.dev0@@161100,16.11.0.dev0@@161100
<a href='https://hf.co/google/gemma-3-1b-it'>google/gemma-3-1b-it</a>,ğŸ“,3.49@@3.49,999885952.0,262144.0,32768.0,âœ“,âœ—,78.52 Â± 8.09 / 88.01 Â± 6.06@@78.52,30.01 Â± 1.08 / 26.77 Â± 0.72@@30.01,5.53 Â± 1.75 / 48.42 Â± 2.86@@5.53,13.24 Â± 0.52 / 0.02 Â± 0.04@@13.24,63.25 Â± 0.58 / 14.37 Â± 0.72@@63.25,6.62 Â± 1.11 / 27.83 Â± 0.95@@6.62,2.78 Â± 2.57 / 51.55 Â± 1.05@@2.78,16.9.0.dev0@@160900,16.9.0.dev0@@160900,16.9.0.dev0@@160900,16.9.0.dev0@@160900,16.9.0.dev0@@160900,16.9.0.dev0@@160900,16.9.0.dev0@@160900
<a href='https://hf.co/yulan-team/YuLan-Mini-Instruct'>yulan-team/YuLan-Mini-Instruct</a>,ğŸ“,3.50@@3.50,2424375168.0,99000.0,28723.0,âœ—,âœ—,73.52 Â± 2.80 / 85.61 Â± 1.87@@73.52,28.05 Â± 1.19 / 25.81 Â± 1.14@@28.05,6.17 Â± 1.74 / 47.73 Â± 1.89@@6.17,18.61 Â± 1.04 / 0.02 Â± 0.04@@18.61,63.09 Â± 0.26 / 14.59 Â± 0.36@@63.09,11.84 Â± 1.67 / 32.45 Â± 1.48@@11.84,0.18 Â± 2.18 / 49.13 Â± 0.87@@0.18,16.8.0.dev0@@160800,16.8.0.dev0@@160800,16.8.0.dev0@@160800,16.8.0.dev0@@160800,16.8.0.dev0@@160800,16.8.0.dev0@@160800,16.8.0.dev0@@160800
<a href='https://hf.co/meta-llama/Llama-3.2-1B'>meta-llama/Llama-3.2-1B</a>,ğŸ§ ,3.56@@3.56,1235814400.0,128256.0,131072.0,âœ“,âœ—,86.03 Â± 2.73 / 92.77 Â± 1.61@@86.03,15.99 Â± 2.65 / 15.82 Â± 2.70@@15.99,0.72 Â± 1.84 / 45.47 Â± 1.23@@0.72,45.88 Â± 3.02 / 32.67 Â± 2.39@@45.88,59.61 Â± 1.28 / 12.89 Â± 0.99@@59.61,-0.40 Â± 0.92 / 24.42 Â± 0.72@@-0.40,1.11 Â± 2.46 / 50.25 Â± 1.33@@1.11,16.9.0.dev0@@160900,16.9.0.dev0@@160900,16.9.0.dev0@@160900,16.9.0.dev0@@160900,16.9.0.dev0@@160900,16.9.0.dev0@@160900,16.9.0.dev0@@160900
<a href='https://hf.co/google/gemma-3-1b-pt'>google/gemma-3-1b-pt</a>,ğŸ§ ,3.60@@3.60,999885952.0,262144.0,32768.0,âœ“,âœ—,59.45 Â± 10.89 / 73.69 Â± 8.55@@59.45,23.17 Â± 1.46 / 23.11 Â± 1.41@@23.17,1.78 Â± 2.09 / 42.34 Â± 3.75@@1.78,49.41 Â± 1.33 / 35.15 Â± 1.10@@49.41,59.69 Â± 1.74 / 13.43 Â± 1.45@@59.69,-0.01 Â± 0.57 / 23.41 Â± 0.67@@-0.01,0.41 Â± 2.09 / 49.23 Â± 0.68@@0.41,16.9.0.dev0@@160900,16.9.0.dev0@@160900,16.9.0.dev0@@160900,16.9.0.dev0@@160900,16.9.0.dev0@@160900,16.9.0.dev0@@160900,16.9.0.dev0@@160900
<a href='https://hf.co/arcee-ai/Trinity-Nano-Base'>arcee-ai/Trinity-Nano-Base</a>,ğŸ“,3.64@@3.64,6120003328.0,200192.0,131072.0,âœ“,âœ—,46.26 Â± 12.22 / 63.98 Â± 9.75@@46.26,30.16 Â± 0.93 / 28.77 Â± 1.03@@30.16,1.63 Â± 1.82 / 38.36 Â± 4.13@@1.63,21.29 Â± 1.53 / 4.91 Â± 1.57@@21.29,60.65 Â± 1.26 / 13.83 Â± 1.02@@60.65,14.61 Â± 1.46 / 35.32 Â± 0.95@@14.61,2.15 Â± 1.85 / 49.43 Â± 0.67@@2.15,16.11.0.dev0@@161100,16.11.0.dev0@@161100,16.11.0.dev0@@161100,16.11.0.dev0@@161100,16.11.0.dev0@@161100,16.11.0.dev0@@161100,16.11.0.dev0@@161100
<a href='https://hf.co/PleIAs/Pleias-3b-Preview'>PleIAs/Pleias-3b-Preview</a>,ğŸ§ ,3.75@@3.75,3211926528.0,65536.0,4096.0,âœ“,âœ—,42.64 Â± 6.88 / 66.70 Â± 6.39@@42.64,25.31 Â± 3.23 / 24.99 Â± 3.14@@25.31,-0.78 Â± 1.17 / 33.47 Â± 0.30@@-0.78,31.95 Â± 2.46 / 21.56 Â± 1.61@@31.95,60.52 Â± 1.88 / 13.77 Â± 1.18@@60.52,0.92 Â± 1.36 / 24.23 Â± 0.65@@0.92,0.46 Â± 0.80 / 49.15 Â± 0.74@@0.46,16.8.0.dev0@@160800,16.8.0.dev0@@160800,16.8.0.dev0@@160800,16.8.0.dev0@@160800,16.8.0.dev0@@160800,16.8.0.dev0@@160800,16.8.0.dev0@@160800
<a href='https://hf.co/PleIAs/Pleias-1.2b-Preview'>PleIAs/Pleias-1.2b-Preview</a>,ğŸ§ ,3.82@@3.82,1195468800.0,65536.0,2048.0,âœ“,âœ—,46.09 Â± 9.60 / 66.62 Â± 8.65@@46.09,25.64 Â± 2.34 / 25.26 Â± 2.36@@25.64,-0.23 Â± 1.05 / 37.96 Â± 3.94@@-0.23,27.70 Â± 2.85 / 16.87 Â± 1.78@@27.70,58.30 Â± 1.76 / 12.72 Â± 0.94@@58.30,0.74 Â± 1.01 / 24.55 Â± 0.73@@0.74,-0.44 Â± 0.85 / 49.11 Â± 0.75@@-0.44,16.9.0.dev0@@160900,16.9.0.dev0@@160900,16.9.0.dev0@@160900,16.9.0.dev0@@160900,16.9.0.dev0@@160900,16.9.0.dev0@@160900,16.9.0.dev0@@160900
<a href='https://hf.co/LiquidAI/LFM2-1.2B'>LiquidAI/LFM2-1.2B</a>,ğŸ“,3.85@@3.85,1170340608.0,65536.0,128000.0,âœ—,âœ—,48.13 Â± 2.41 / 71.69 Â± 2.33@@48.13,20.45 Â± 1.76 / 19.51 Â± 1.58@@20.45,-0.40 Â± 1.19 / 38.32 Â± 3.24@@-0.40,13.89 Â± 2.02 / 2.82 Â± 1.44@@13.89,60.35 Â± 0.30 / 11.11 Â± 0.29@@60.35,4.85 Â± 1.10 / 28.15 Â± 0.77@@4.85,-0.12 Â± 1.46 / 49.71 Â± 0.72@@-0.12,16.9.0.dev0@@160900,16.9.0.dev0@@160900,16.9.0.dev0@@160900,16.9.0.dev0@@160900,16.9.0.dev0@@160900,16.9.0.dev0@@160900,16.9.0.dev0@@160900
<a href='https://hf.co/utter-project/EuroMoE-2.6B-A0.6B-Preview'>utter-project/EuroMoE-2.6B-A0.6B-Preview</a>,ğŸ§ ,3.86@@3.86,2611528704.0,128000.0,4096.0,âœ“,âœ—,8.72 Â± 6.19 / 36.98 Â± 2.96@@8.72,17.16 Â± 1.66 / 17.00 Â± 1.65@@17.16,0.00 Â± 0.00 / 33.30 Â± 0.27@@0.00,50.04 Â± 1.13 / 34.99 Â± 0.97@@50.04,60.96 Â± 2.14 / 15.63 Â± 1.46@@60.96,4.61 Â± 1.00 / 26.18 Â± 0.87@@4.61,-1.46 Â± 1.47 / 49.01 Â± 0.80@@-1.46,16.8.0.dev0@@160800,16.8.0.dev0@@160800,16.8.0.dev0@@160800,16.8.0.dev0@@160800,16.8.0.dev0@@160800,16.8.0.dev0@@160800,16.8.0.dev0@@160800
<a href='https://hf.co/LiquidAI/LFM2.5-1.2B-Instruct'>LiquidAI/LFM2.5-1.2B-Instruct</a>,ğŸ“,3.93@@3.93,1170340608.0,65536.0,128000.0,âœ—,âœ—,34.70 Â± 8.70 / 61.04 Â± 8.06@@34.70,18.46 Â± 0.78 / 17.99 Â± 0.69@@18.46,0.12 Â± 1.40 / 45.12 Â± 3.60@@0.12,14.68 Â± 1.35 / 0.00 Â± 0.00@@14.68,60.32 Â± 0.39 / 12.47 Â± 0.39@@60.32,0.80 Â± 1.05 / 26.03 Â± 0.89@@0.80,2.19 Â± 2.28 / 51.40 Â± 1.07@@2.19,16.10.1.dev0@@161001,16.10.1.dev0@@161001,16.10.1.dev0@@161001,16.10.1.dev0@@161001,16.10.1.dev0@@161001,16.10.1.dev0@@161001,16.10.1.dev0@@161001
<a href='https://hf.co/meta-llama/Llama-3.2-1B-Instruct'>meta-llama/Llama-3.2-1B-Instruct</a>,ğŸ“,3.94@@3.94,1235814400.0,128256.0,131072.0,âœ“,âœ—,19.26 Â± 4.43 / 49.18 Â± 6.06@@19.26,27.40 Â± 1.24 / 25.06 Â± 0.94@@27.40,-0.26 Â± 1.95 / 42.64 Â± 4.00@@-0.26,9.68 Â± 0.64 / 0.00 Â± 0.00@@9.68,61.43 Â± 0.53 / 12.45 Â± 0.40@@61.43,1.16 Â± 1.03 / 25.21 Â± 0.71@@1.16,0.04 Â± 1.45 / 49.11 Â± 0.71@@0.04,16.9.0.dev0@@160900,16.9.0.dev0@@160900,16.9.0.dev0@@160900,16.9.0.dev0@@160900,16.9.0.dev0@@160900,16.9.0.dev0@@160900,16.9.0.dev0@@160900
<a href='https://hf.co/LiquidAI/LFM2-700M'>LiquidAI/LFM2-700M</a>,ğŸ“,3.98@@3.98,742489344.0,65536.0,128000.0,âœ—,âœ—,38.78 Â± 6.13 / 62.10 Â± 5.68@@38.78,17.00 Â± 1.12 / 17.00 Â± 0.93@@17.00,-0.02 Â± 0.87 / 36.45 Â± 4.02@@-0.02,10.28 Â± 0.84 / 1.30 Â± 0.68@@10.28,59.62 Â± 0.28 / 11.31 Â± 0.27@@59.62,2.96 Â± 1.30 / 26.22 Â± 1.11@@2.96,-0.89 Â± 1.74 / 49.05 Â± 0.78@@-0.89,16.9.0.dev0@@160900,16.9.0.dev0@@160900,16.9.0.dev0@@160900,16.9.0.dev0@@160900,16.9.0.dev0@@160900,16.9.0.dev0@@160900,16.9.0.dev0@@160900
<a href='https://hf.co/utter-project/EuroMoE-2.6B-A0.6B-Instruct-Preview'>utter-project/EuroMoE-2.6B-A0.6B-Instruct-Preview</a>,ğŸ“,3.99@@3.99,2611528704.0,128000.0,4096.0,âœ“,âœ—,12.55 Â± 13.70 / 42.33 Â± 10.46@@12.55,17.94 Â± 0.99 / 18.16 Â± 0.91@@17.94,0.00 Â± 0.00 / 33.30 Â± 0.27@@0.00,17.51 Â± 1.74 / 0.26 Â± 0.14@@17.51,61.85 Â± 0.81 / 13.31 Â± 0.55@@61.85,1.60 Â± 1.18 / 25.63 Â± 1.02@@1.60,-1.15 Â± 2.56 / 48.88 Â± 0.94@@-1.15,16.8.0.dev0@@160800,16.8.0.dev0@@160800,16.8.0.dev0@@160800,16.8.0.dev0@@160800,16.8.0.dev0@@160800,16.8.0.dev0@@160800,16.8.0.dev0@@160800
<a href='https://hf.co/baidu/ERNIE-4.5-0.3B-PT'>baidu/ERNIE-4.5-0.3B-PT</a>,ğŸ“,3.99@@3.99,?,103424.0,131072.0,âœ“,âœ—,13.58 Â± 7.26 / 41.82 Â± 6.90@@13.58,20.37 Â± 1.27 / 20.35 Â± 1.29@@20.37,0.08 Â± 1.25 / 37.04 Â± 2.45@@0.08,15.02 Â± 2.24 / 7.03 Â± 1.68@@15.02,62.12 Â± 0.72 / 13.75 Â± 0.63@@62.12,0.40 Â± 1.04 / 25.61 Â± 0.83@@0.40,-0.66 Â± 1.69 / 49.65 Â± 0.80@@-0.66,16.9.0.dev0@@160900,16.9.0.dev0@@160900,16.9.0.dev0@@160900,16.9.0.dev0@@160900,16.9.0.dev0@@160900,16.9.0.dev0@@160900,16.9.0.dev0@@160900
<a href='https://hf.co/LiquidAI/LFM2.5-1.2B-Base'>LiquidAI/LFM2.5-1.2B-Base</a>,ğŸ“,4.02@@4.02,1170340608.0,65536.0,128000.0,âœ—,âœ—,18.07 Â± 9.21 / 44.53 Â± 7.42@@18.07,16.37 Â± 3.17 / 16.11 Â± 3.15@@16.37,0.04 Â± 0.85 / 38.42 Â± 3.30@@0.04,7.12 Â± 0.88 / 0.07 Â± 0.07@@7.12,62.82 Â± 0.82 / 14.35 Â± 0.41@@62.82,0.63 Â± 1.08 / 24.97 Â± 0.98@@0.63,0.16 Â± 1.97 / 49.69 Â± 0.85@@0.16,16.10.1.dev0@@161001,16.10.1.dev0@@161001,16.10.1.dev0@@161001,16.10.1.dev0@@161001,16.10.1.dev0@@161001,16.10.1.dev0@@161001,16.10.1.dev0@@161001
<a href='https://hf.co/google/gemma-3-270m-it'>google/gemma-3-270m-it</a>,ğŸ“,4.13@@4.13,268098176.0,262144.0,32768.0,âœ“,âœ—,18.99 Â± 10.55 / 47.26 Â± 8.79@@18.99,14.09 Â± 2.41 / 13.95 Â± 2.44@@14.09,-0.15 Â± 1.81 / 35.87 Â± 2.29@@-0.15,6.22 Â± 0.39 / 0.09 Â± 0.07@@6.22,59.71 Â± 0.94 / 12.05 Â± 0.55@@59.71,1.07 Â± 0.69 / 24.43 Â± 0.79@@1.07,0.03 Â± 0.84 / 49.92 Â± 0.94@@0.03,16.9.0.dev0@@160900,16.9.0.dev0@@160900,16.9.0.dev0@@160900,16.9.0.dev0@@160900,16.9.0.dev0@@160900,16.9.0.dev0@@160900,16.9.0.dev0@@160900
<a href='https://hf.co/google/gemma-3-270m'>google/gemma-3-270m</a>,ğŸ§ ,4.13@@4.13,268098176.0,262144.0,32768.0,âœ“,âœ—,9.91 Â± 10.06 / 39.15 Â± 7.26@@9.91,15.89 Â± 1.55 / 15.87 Â± 1.36@@15.89,0.56 Â± 1.68 / 40.24 Â± 4.51@@0.56,15.53 Â± 1.72 / 8.03 Â± 1.17@@15.53,58.19 Â± 1.09 / 12.03 Â± 0.72@@58.19,0.58 Â± 0.62 / 23.70 Â± 0.59@@0.58,-1.88 Â± 2.51 / 48.81 Â± 0.68@@-1.88,16.9.0.dev0@@160900,16.9.0.dev0@@160900,16.9.0.dev0@@160900,16.9.0.dev0@@160900,16.9.0.dev0@@160900,16.9.0.dev0@@160900,16.9.0.dev0@@160900
<a href='https://hf.co/tiiuae/Falcon-H1-Tiny-Multilingual-100M-Instruct'>tiiuae/Falcon-H1-Tiny-Multilingual-100M-Instruct</a>,ğŸ“,4.13@@4.13,107908288.0,65536.0,262144.0,âœ“,âœ—,22.72 Â± 3.45 / 56.35 Â± 3.59@@22.72,14.51 Â± 0.88 / 14.54 Â± 0.88@@14.51,0.23 Â± 0.93 / 44.37 Â± 3.60@@0.23,13.86 Â± 1.43 / 7.19 Â± 1.42@@13.86,57.81 Â± 1.00 / 12.05 Â± 0.54@@57.81,0.10 Â± 0.77 / 23.71 Â± 0.69@@0.10,-1.48 Â± 1.56 / 49.07 Â± 0.71@@-1.48,16.11.0.dev0@@161100,16.11.0.dev0@@161100,16.11.0.dev0@@161100,16.11.0.dev0@@161100,16.11.0.dev0@@161100,16.11.0.dev0@@161100,16.11.0.dev0@@161100
<a href='https://hf.co/PleIAs/Pleias-350m-Preview'>PleIAs/Pleias-350m-Preview</a>,ğŸ§ ,4.13@@4.13,353424384.0,65536.0,2048.0,âœ“,âœ—,14.84 Â± 3.98 / 45.71 Â± 5.62@@14.84,20.95 Â± 1.89 / 21.41 Â± 1.62@@20.95,1.58 Â± 1.62 / 38.14 Â± 3.12@@1.58,7.74 Â± 0.95 / 3.33 Â± 0.81@@7.74,57.68 Â± 0.96 / 10.78 Â± 0.73@@57.68,0.41 Â± 0.72 / 24.98 Â± 0.54@@0.41,-0.01 Â± 2.14 / 49.72 Â± 0.87@@-0.01,16.9.0.dev0@@160900,16.9.0.dev0@@160900,16.9.0.dev0@@160900,16.9.0.dev0@@160900,16.9.0.dev0@@160900,16.9.0.dev0@@160900,16.9.0.dev0@@160900
<a href='https://hf.co/HuggingFaceTB/SmolLM2-360M'>HuggingFaceTB/SmolLM2-360M</a>,ğŸ§ ,4.21@@4.21,361821120.0,49152.0,8192.0,âœ“,âœ—,0.60 Â± 1.50 / 33.87 Â± 0.46@@0.60,17.35 Â± 0.92 / 17.91 Â± 0.81@@17.35,0.63 Â± 0.88 / 34.07 Â± 1.01@@0.63,9.97 Â± 1.35 / 6.35 Â± 1.06@@9.97,58.13 Â± 0.99 / 13.18 Â± 0.70@@58.13,-0.08 Â± 0.75 / 23.48 Â± 0.57@@-0.08,3.43 Â± 1.92 / 50.43 Â± 0.77@@3.43,16.9.0.dev0@@160900,16.9.0.dev0@@160900,16.9.0.dev0@@160900,16.9.0.dev0@@160900,16.9.0.dev0@@160900,16.9.0.dev0@@160900,16.9.0.dev0@@160900
<a href='https://hf.co/LiquidAI/LFM2-350M'>LiquidAI/LFM2-350M</a>,ğŸ“,4.21@@4.21,354483968.0,65536.0,128000.0,âœ—,âœ—,25.24 Â± 7.66 / 53.24 Â± 7.45@@25.24,11.44 Â± 1.78 / 11.93 Â± 1.68@@11.44,-0.63 Â± 1.09 / 37.75 Â± 3.80@@-0.63,5.66 Â± 0.86 / 1.18 Â± 0.45@@5.66,57.25 Â± 0.57 / 10.71 Â± 0.25@@57.25,0.50 Â± 1.02 / 24.25 Â± 0.61@@0.50,0.38 Â± 1.87 / 50.80 Â± 0.79@@0.38,16.9.0.dev0@@160900,16.9.0.dev0@@160900,16.9.0.dev0@@160900,16.9.0.dev0@@160900,16.9.0.dev0@@160900,16.9.0.dev0@@160900,16.9.0.dev0@@160900
<a href='https://hf.co/LiquidAI/LFM2.5-1.2B-Thinking'>LiquidAI/LFM2.5-1.2B-Thinking</a>,ğŸ¤”,4.22@@4.22,1170340608.0,65536.0,128000.0,âœ—,âœ—,42.77 Â± 1.55 / 70.55 Â± 1.00@@42.77,13.09 Â± 0.98 / 13.69 Â± 0.84@@13.09,-1.22 Â± 2.26 / 36.41 Â± 1.95@@-1.22,4.29 Â± 0.91 / 1.00 Â± 0.51@@4.29,51.86 Â± 1.30 / 8.65 Â± 0.77@@51.86,12.15 Â± 1.17 / 33.90 Â± 0.93@@12.15,-1.49 Â± 1.29 / 49.23 Â± 0.61@@-1.49,16.10.1.dev0@@161001,16.10.1.dev0@@161001,16.10.1.dev0@@161001,16.10.1.dev0@@161001,16.11.0.dev0@@161100,16.10.1.dev0@@161001,16.10.1.dev0@@161001
<a href='https://hf.co/HuggingFaceTB/SmolLM2-135M'>HuggingFaceTB/SmolLM2-135M</a>,ğŸ§ ,4.33@@4.33,134515008.0,49152.0,8192.0,âœ“,âœ—,0.00 Â± 0.00 / 33.64 Â± 0.44@@0.00,11.46 Â± 1.31 / 11.71 Â± 1.19@@11.46,0.00 Â± 0.12 / 35.77 Â± 3.28@@0.00,2.90 Â± 0.94 / 1.80 Â± 0.84@@2.90,56.81 Â± 2.05 / 10.88 Â± 0.75@@56.81,0.09 Â± 1.00 / 24.30 Â± 0.82@@0.09,1.69 Â± 2.39 / 50.17 Â± 1.41@@1.69,16.9.0.dev0@@160900,16.9.0.dev0@@160900,16.9.0.dev0@@160900,16.9.0.dev0@@160900,16.9.0.dev0@@160900,16.9.0.dev0@@160900,16.9.0.dev0@@160900
<a href='https://hf.co/tiiuae/Falcon-H1-Tiny-Multilingual-100M-Base'>tiiuae/Falcon-H1-Tiny-Multilingual-100M-Base</a>,ğŸ§ ,4.40@@4.40,107908288.0,65536.0,262144.0,âœ“,âœ—,4.79 Â± 3.56 / 34.38 Â± 1.41@@4.79,12.49 Â± 1.76 / 12.94 Â± 1.54@@12.49,-0.11 Â± 0.12 / 34.05 Â± 0.88@@-0.11,9.55 Â± 2.16 / 4.69 Â± 1.40@@9.55,52.02 Â± 1.23 / 9.95 Â± 0.47@@52.02,0.06 Â± 1.23 / 23.35 Â± 0.75@@0.06,0.59 Â± 0.86 / 49.15 Â± 0.75@@0.59,16.11.0.dev0@@161100,16.11.0.dev0@@161100,16.11.0.dev0@@161100,16.11.0.dev0@@161100,16.11.0.dev0@@161100,16.11.0.dev0@@161100,16.11.0.dev0@@161100
<a href='https://hf.co/HuggingFaceTB/SmolLM2-360M-Instruct'>HuggingFaceTB/SmolLM2-360M-Instruct</a>,ğŸ“,4.40@@4.40,361821120.0,49152.0,8192.0,âœ“,âœ—,8.22 Â± 6.92 / 43.57 Â± 6.36@@8.22,15.38 Â± 1.62 / 15.62 Â± 1.73@@15.38,-0.83 Â± 1.49 / 42.79 Â± 3.27@@-0.83,6.25 Â± 0.60 / 0.00 Â± 0.00@@6.25,53.46 Â± 1.71 / 12.13 Â± 0.63@@53.46,-0.14 Â± 0.96 / 24.87 Â± 0.90@@-0.14,0.11 Â± 2.95 / 49.88 Â± 1.30@@0.11,16.9.0.dev0@@160900,16.9.0.dev0@@160900,16.9.0.dev0@@160900,16.9.0.dev0@@160900,16.9.0.dev0@@160900,16.9.0.dev0@@160900,16.9.0.dev0@@160900
<a href='https://hf.co/HuggingFaceTB/SmolLM2-135M-Instruct'>HuggingFaceTB/SmolLM2-135M-Instruct</a>,ğŸ“,4.41@@4.41,134515008.0,49152.0,8192.0,âœ“,âœ—,3.02 Â± 3.15 / 35.54 Â± 3.54@@3.02,9.08 Â± 0.94 / 9.64 Â± 1.05@@9.08,0.78 Â± 1.71 / 38.42 Â± 4.30@@0.78,2.51 Â± 0.26 / 0.00 Â± 0.00@@2.51,55.79 Â± 1.98 / 11.93 Â± 0.78@@55.79,-0.42 Â± 0.96 / 24.65 Â± 0.46@@-0.42,-0.73 Â± 1.54 / 49.21 Â± 0.72@@-0.73,16.9.0.dev0@@160900,16.9.0.dev0@@160900,16.9.0.dev0@@160900,16.9.0.dev0@@160900,16.9.0.dev0@@160900,16.9.0.dev0@@160900,16.9.0.dev0@@160900
<a href='https://hf.co/PleIAs/Baguettotron'>PleIAs/Baguettotron@refs/pr/6#no-thinking</a>,ğŸ“,4.97@@4.97,320956992.0,65536.0,4096.0,âœ“,âœ—,3.94 Â± 3.59 / 45.98 Â± 4.23@@3.94,0.22 Â± 0.21 / 0.30 Â± 0.19@@0.22,0.71 Â± 1.50 / 37.21 Â± 1.61@@0.71,1.77 Â± 0.17 / 0.00 Â± 0.00@@1.77,40.33 Â± 0.96 / 4.79 Â± 0.36@@40.33,0.18 Â± 0.94 / 24.00 Â± 0.76@@0.18,-1.82 Â± 1.50 / 48.99 Â± 0.66@@-1.82,16.10.1.dev0@@161001,16.10.1.dev0@@161001,16.10.1.dev0@@161001,16.10.1.dev0@@161001,16.10.1.dev0@@161001,16.10.1.dev0@@161001,16.10.1.dev0@@161001
<a href='https://hf.co/PleIAs/Monad'>PleIAs/Monad</a>,ğŸ§ ,5.18@@5.18,56656128.0,8192.0,2048.0,âœ“,âœ—,0.66 Â± 3.31 / 41.20 Â± 5.20@@0.66,0.07 Â± 0.05 / 0.06 Â± 0.04@@0.07,0.00 Â± 0.00 / 33.30 Â± 0.27@@0.00,1.93 Â± 0.09 / 0.00 Â± 0.00@@1.93,34.95 Â± 0.81 / 2.20 Â± 0.36@@34.95,0.34 Â± 0.85 / 25.23 Â± 1.09@@0.34,-0.53 Â± 1.66 / 50.13 Â± 0.47@@-0.53,16.10.1.dev0@@161001,16.10.1.dev0@@161001,16.10.1.dev0@@161001,16.10.1.dev0@@161001,16.10.1.dev0@@161001,16.10.1.dev0@@161001,16.10.1.dev0@@161001
<a href='https://hf.co/Geotrend/distilbert-base-25lang-cased'>Geotrend/distilbert-base-25lang-cased</a>,ğŸ”,-@@100,108867577.0,84985.0,512.0,âœ“,âœ—,18.70 Â± 5.37 / 54.37 Â± 4.83@@18.70,65.37 Â± 0.58 / 65.27 Â± 0.55@@65.37,2.23 Â± 1.47 / 42.94 Â± 5.33@@2.23,0.28 Â± 0.37 / 0.16 Â± 0.26@@0.28,-@@-1,-@@-1,-@@-1,16.8.0.dev0@@160800,16.8.0.dev0@@160800,16.8.0.dev0@@160800,16.8.0.dev0@@160800,-@@0,-@@0,-@@0
<a href='https://hf.co/FacebookAI/xlm-roberta-large'>FacebookAI/xlm-roberta-large</a>,ğŸ”,-@@100,561192082.0,250002.0,512.0,âœ“,âœ—,80.98 Â± 17.64 / 88.81 Â± 12.06@@80.98,78.55 Â± 0.84 / 78.36 Â± 0.85@@78.55,44.03 Â± 18.49 / 67.89 Â± 12.82@@44.03,27.48 Â± 1.40 / 20.21 Â± 1.14@@27.48,-@@-1,-@@-1,-@@-1,16.8.0.dev0@@160800,16.8.0.dev0@@160800,16.8.0.dev0@@160800,16.8.0.dev0@@160800,-@@0,-@@0,-@@0
<a href='https://hf.co/EuropeanParliament/EUBERT'>EuropeanParliament/EUBERT</a>,ğŸ”,-@@100,93990500.0,65636.0,512.0,âœ“,âœ—,31.44 Â± 2.63 / 62.48 Â± 2.36@@31.44,51.92 Â± 0.91 / 51.93 Â± 0.87@@51.92,3.72 Â± 1.75 / 50.66 Â± 1.17@@3.72,0.81 Â± 0.77 / 0.51 Â± 0.52@@0.81,-@@-1,-@@-1,-@@-1,16.9.0.dev0@@160900,16.9.0.dev0@@160900,16.9.0.dev0@@160900,16.9.0.dev0@@160900,-@@0,-@@0,-@@0
<a href='https://hf.co/EuroBERT/EuroBERT-610m'>EuroBERT/EuroBERT-610m</a>,ğŸ”,-@@100,755625600.0,128256.0,8192.0,âœ“,âœ—,45.67 Â± 7.19 / 69.06 Â± 6.16@@45.67,46.70 Â± 3.47 / 46.52 Â± 3.62@@46.70,0.80 Â± 1.27 / 43.17 Â± 5.20@@0.80,18.38 Â± 1.56 / 12.17 Â± 1.49@@18.38,-@@-1,-@@-1,-@@-1,16.9.0.dev0@@160900,16.9.0.dev0@@160900,16.9.0.dev0@@160900,16.9.0.dev0@@160900,-@@0,-@@0,-@@0
<a href='https://hf.co/EuroBERT/EuroBERT-210m'>EuroBERT/EuroBERT-210m</a>,ğŸ”,-@@100,310266624.0,128256.0,8192.0,âœ“,âœ—,40.33 Â± 6.34 / 65.37 Â± 5.52@@40.33,41.06 Â± 2.20 / 41.08 Â± 2.25@@41.06,2.25 Â± 2.08 / 46.82 Â± 4.29@@2.25,10.48 Â± 2.00 / 5.73 Â± 1.53@@10.48,-@@-1,-@@-1,-@@-1,16.9.0.dev0@@160900,16.9.0.dev0@@160900,16.9.0.dev0@@160900,16.9.0.dev0@@160900,-@@0,-@@0,-@@0
<a href='https://hf.co/jhu-clsp/mmBERT-base'>jhu-clsp/mmBERT-base</a>,ğŸ”,-@@100,307531778.0,256000.0,8192.0,âœ“,âœ—,82.92 Â± 1.90 / 91.25 Â± 1.10@@82.92,73.47 Â± 1.20 / 72.89 Â± 1.22@@73.47,50.45 Â± 4.68 / 74.92 Â± 2.31@@50.45,24.81 Â± 1.03 / 17.67 Â± 1.06@@24.81,-@@-1,-@@-1,-@@-1,16.8.0.dev0@@160800,16.8.0.dev0@@160800,16.8.0.dev0@@160800,16.8.0.dev0@@160800,-@@0,-@@0,-@@0
<a href='https://hf.co/setu4993/LaBSE'>setu4993/LaBSE</a>,ğŸ”,-@@100,470927360.0,501153.0,512.0,âœ“,âœ—,79.94 Â± 1.43 / 89.82 Â± 0.77@@79.94,77.37 Â± 0.92 / 77.24 Â± 0.94@@77.37,27.02 Â± 12.05 / 62.22 Â± 6.13@@27.02,23.35 Â± 1.52 / 16.66 Â± 1.49@@23.35,-@@-1,-@@-1,-@@-1,16.8.0.dev0@@160800,16.8.0.dev0@@160800,16.8.0.dev0@@160800,16.8.0.dev0@@160800,-@@0,-@@0,-@@0
<a href='https://hf.co/sentence-transformers/paraphrase-multilingual-MiniLM-L12-v2'>sentence-transformers/paraphrase-multilingual-MiniLM-L12-v2</a>,ğŸ”,-@@100,117654272.0,250037.0,512.0,âœ“,âœ—,69.53 Â± 1.47 / 84.47 Â± 0.84@@69.53,51.66 Â± 2.01 / 52.03 Â± 1.97@@51.66,0.09 Â± 1.25 / 47.14 Â± 2.44@@0.09,0.00 Â± 0.00 / 0.00 Â± 0.00@@0.00,-@@-1,-@@-1,-@@-1,16.8.0.dev0@@160800,16.8.0.dev0@@160800,16.8.0.dev0@@160800,16.8.0.dev0@@160800,-@@0,-@@0,-@@0
<a href='https://hf.co/answerdotai/ModernBERT-base'>answerdotai/ModernBERT-base</a>,ğŸ”,-@@100,149655232.0,50368.0,8192.0,âœ“,âœ—,26.25 Â± 4.53 / 57.00 Â± 3.93@@26.25,34.57 Â± 1.17 / 34.89 Â± 1.16@@34.57,0.56 Â± 1.58 / 47.01 Â± 2.89@@0.56,6.88 Â± 0.46 / 2.84 Â± 0.40@@6.88,-@@-1,-@@-1,-@@-1,16.8.0.dev0@@160800,16.8.0.dev0@@160800,16.8.0.dev0@@160800,16.8.0.dev0@@160800,-@@0,-@@0,-@@0
<a href='https://hf.co/answerdotai/ModernBERT-large'>answerdotai/ModernBERT-large</a>,ğŸ”,-@@100,395881664.0,50368.0,8192.0,âœ“,âœ—,29.58 Â± 4.08 / 59.05 Â± 4.62@@29.58,37.03 Â± 1.91 / 37.40 Â± 1.99@@37.03,0.70 Â± 1.35 / 47.36 Â± 2.23@@0.70,10.29 Â± 0.94 / 5.59 Â± 0.77@@10.29,-@@-1,-@@-1,-@@-1,16.8.0.dev0@@160800,16.8.0.dev0@@160800,16.8.0.dev0@@160800,16.8.0.dev0@@160800,-@@0,-@@0,-@@0
fresh-electra-small,ğŸ”,-@@100,13738755.0,32000.0,128.0,âœ“,âœ—,27.61 Â± 9.29 / 57.82 Â± 8.32@@27.61,14.84 Â± 1.28 / 14.56 Â± 1.29@@14.84,-0.31 Â± 0.60 / 33.33 Â± 0.27@@-0.31,0.00 Â± 0.00 / 0.00 Â± 0.00@@0.00,-@@-1,-@@-1,-@@-1,16.8.0.dev0@@160800,16.8.0.dev0@@160800,16.8.0.dev0@@160800,16.8.0.dev0@@160800,-@@0,-@@0,-@@0
fresh-xlm-roberta-base,ğŸ”,-@@100,278885778.0,250002.0,512.0,âœ“,âœ—,25.24 Â± 5.23 / 51.23 Â± 6.02@@25.24,20.95 Â± 2.97 / 20.65 Â± 3.05@@20.95,1.53 Â± 1.82 / 40.59 Â± 5.04@@1.53,0.00 Â± 0.00 / 0.00 Â± 0.00@@0.00,-@@-1,-@@-1,-@@-1,16.8.0.dev0@@160800,16.8.0.dev0@@160800,16.8.0.dev0@@160800,16.8.0.dev0@@160800,-@@0,-@@0,-@@0
<a href='https://hf.co/microsoft/mdeberta-v3-base'>microsoft/mdeberta-v3-base</a>,ğŸ”,-@@100,278810882.0,251000.0,512.0,âœ“,âœ—,72.09 Â± 17.01 / 84.74 Â± 10.75@@72.09,71.57 Â± 0.98 / 71.78 Â± 1.03@@71.57,52.70 Â± 6.70 / 73.74 Â± 5.14@@52.70,9.39 Â± 1.54 / 6.65 Â± 1.00@@9.39,-@@-1,-@@-1,-@@-1,16.8.0.dev0@@160800,16.8.0.dev0@@160800,16.8.0.dev0@@160800,16.8.0.dev0@@160800,-@@0,-@@0,-@@0
<a href='https://hf.co/google/rembert'>google/rembert</a>,ğŸ”,-@@100,575922690.0,250300.0,512.0,âœ“,âœ—,90.66 Â± 1.33 / 95.32 Â± 0.66@@90.66,76.87 Â± 0.74 / 76.35 Â± 0.76@@76.87,35.45 Â± 17.02 / 64.15 Â± 11.67@@35.45,33.05 Â± 1.22 / 25.30 Â± 1.17@@33.05,-@@-1,-@@-1,-@@-1,16.8.0.dev0@@160800,16.8.0.dev0@@160800,16.8.0.dev0@@160800,16.8.0.dev0@@160800,-@@0,-@@0,-@@0
<a href='https://hf.co/intfloat/multilingual-e5-base'>intfloat/multilingual-e5-base</a>,ğŸ”,-@@100,278044162.0,250002.0,512.0,âœ“,âœ—,85.42 Â± 2.26 / 92.45 Â± 1.34@@85.42,72.69 Â± 0.90 / 73.11 Â± 0.86@@72.69,4.95 Â± 6.16 / 51.01 Â± 3.72@@4.95,15.44 Â± 2.21 / 10.36 Â± 1.65@@15.44,-@@-1,-@@-1,-@@-1,16.8.0.dev0@@160800,16.8.0.dev0@@160800,16.8.0.dev0@@160800,16.8.0.dev0@@160800,-@@0,-@@0,-@@0
<a href='https://hf.co/intfloat/multilingual-e5-large'>intfloat/multilingual-e5-large</a>,ğŸ”,-@@100,559890946.0,250002.0,512.0,âœ“,âœ—,91.21 Â± 0.78 / 95.52 Â± 0.44@@91.21,76.62 Â± 1.22 / 76.67 Â± 1.17@@76.62,15.66 Â± 13.61 / 54.76 Â± 7.45@@15.66,27.95 Â± 1.35 / 19.70 Â± 1.76@@27.95,-@@-1,-@@-1,-@@-1,16.8.0.dev0@@160800,16.8.0.dev0@@160800,16.8.0.dev0@@160800,16.8.0.dev0@@160800,-@@0,-@@0,-@@0
<a href='https://hf.co/jhu-clsp/mmBERT-small'>jhu-clsp/mmBERT-small</a>,ğŸ”,-@@100,140642306.0,256000.0,8192.0,âœ“,âœ—,64.45 Â± 5.28 / 80.85 Â± 3.51@@64.45,72.15 Â± 0.80 / 71.91 Â± 0.86@@72.15,40.61 Â± 5.55 / 69.60 Â± 3.21@@40.61,18.74 Â± 1.74 / 12.42 Â± 1.43@@18.74,-@@-1,-@@-1,-@@-1,16.8.0.dev0@@160800,16.8.0.dev0@@160800,16.8.0.dev0@@160800,16.8.0.dev0@@160800,-@@0,-@@0,-@@0
<a href='https://hf.co/AI-Sweden-Models/ModernBERT-large'>AI-Sweden-Models/ModernBERT-large</a>,ğŸ”,-@@100,395881664.0,50368.0,8192.0,âœ“,âœ—,48.15 Â± 9.66 / 71.29 Â± 6.43@@48.15,38.67 Â± 2.74 / 38.89 Â± 2.86@@38.67,3.32 Â± 1.09 / 46.54 Â± 3.21@@3.32,22.30 Â± 1.65 / 15.99 Â± 1.67@@22.30,-@@-1,-@@-1,-@@-1,16.8.0.dev0@@160800,16.8.0.dev0@@160800,16.8.0.dev0@@160800,16.8.0.dev0@@160800,-@@0,-@@0,-@@0
